Description,Selection,Bet Id,Bet type,Matched amount,Loss rec. amount,Avg. price matched,Status,P/L,Strategy,Short description,Tipster,Placed date,Matched date,Settled date,Settle as win
20:00 Pacos Ferreira v Torreense\Correct Score\0 - 0,0 - 0,639067395255789079,BACK,Åí1.32,Åí0.00,10,MATCHED,Åí0.00,DUPLICATE GK27.01 Åí1 Dutch Back CC0-0/1-0/0-1 @HT0-0 LG7,Score at time of bet: 0 - 0,,2026-02-15 19:45:42,2026-02-15 19:45:42,0001-01-01 00:00:00,
20:00 Muangthong Utd v Lamphun Warrior\Correct Score\0 - 1,0 - 1,639067395255789077,BACK,Åí1.34,Åí0.00,12.5,MATCHED,Åí0.00,DUPLICATE GK27.01 Åí1 Dutch Back CC0-0/1-0/0-1 @HT0-0 LG7,Score at time of bet: 0 - 0,,2026-02-15 19:45:42,2026-02-15 19:45:42,0001-01-01 00:00:00,
20:00 Pacos Ferreira v Torreense\Correct Score\1 - 0,1 - 0,639067395255789080,BACK,Åí1.25,Åí0.00,13,MATCHED,Åí0.00,DUPLICATE GK27.01 Åí1 Dutch Back CC0-0/1-0/0-1 @HT0-0 LG7,Score at time of bet: 0 - 0,,2026-02-15 19:45:42,2026-02-15 19:45:42,0001-01-01 00:00:00,
20:00 Muangthong Utd v Lamphun Warrior\Correct Score\1 - 0,1 - 0,639067395255789078,BACK,Åí1.37,Åí0.00,11.5,MATCHED,Åí0.00,DUPLICATE GK27.01 Åí1 Dutch Back CC0-0/1-0/0-1 @HT0-0 LG7,Score at time of bet: 0 - 0,,2026-02-15 19:45:42,2026-02-15 19:45:42,0001-01-01 00:00:00,
20:00 Pacos Ferreira v Torreense\Correct Score\0 - 1,0 - 1,639067395255789081,BACK,Åí1.43,Åí0.00,7.6,MATCHED,Åí0.00,DUPLICATE GK27.01 Åí1 Dutch Back CC0-0/1-0/0-1 @HT0-0 LG7,Score at time of bet: 0 - 0,,2026-02-15 19:45:42,2026-02-15 19:45:42,0001-01-01 00:00:00,
20:00 Muangthong Utd v Lamphun Warrior\Correct Score\0 - 0,0 - 0,639067395255789076,BACK,Åí1.29,Åí0.00,14.5,MATCHED,Åí0.00,DUPLICATE GK27.01 Åí1 Dutch Back CC0-0/1-0/0-1 @HT0-0 LG7,Score at time of bet: 0 - 0,,2026-02-15 19:45:42,2026-02-15 19:45:42,0001-01-01 00:00:00,
20:00 Vizela v Maritimo\Correct Score\1 - 0,1 - 0,639067395255789084,BACK,Åí1.30,Åí0.00,10.5,MATCHED,Åí0.00,DUPLICATE GK27.01 Åí1 Dutch Back CC0-0/1-0/0-1 @HT0-0 LG7,Score at time of bet: 0 - 0,,2026-02-15 19:45:42,2026-02-15 19:45:42,0001-01-01 00:00:00,
20:00 Vizela v Maritimo\Correct Score\0 - 0,0 - 0,639067395255789082,BACK,Åí1.32,Åí0.00,9.8,MATCHED,Åí0.00,DUPLICATE GK27.01 Åí1 Dutch Back CC0-0/1-0/0-1 @HT0-0 LG7,Score at time of bet: 0 - 0,,2026-02-15 19:45:42,2026-02-15 19:45:42,0001-01-01 00:00:00,
20:00 Vizela v Maritimo\Correct Score\0 - 1,0 - 1,639067395255789083,BACK,Åí1.38,Åí0.00,8.4,MATCHED,Åí0.00,DUPLICATE GK27.01 Åí1 Dutch Back CC0-0/1-0/0-1 @HT0-0 LG7,Score at time of bet: 0 - 0,,2026-02-15 19:45:42,2026-02-15 19:45:42,0001-01-01 00:00:00,
20:00 Stal Rzeszow v Polonia Bytom\Correct Score\0 - 0,0 - 0,639067395255789085,BACK,Åí1.28,Åí0.00,18,MATCHED,Åí0.00,DUPLICATE GK27.01 Åí1 Dutch Back CC0-0/1-0/0-1 @HT0-0 LG7,Score at time of bet: 0 - 0,,2026-02-15 19:45:48,2026-02-15 19:45:48,0001-01-01 00:00:00,
20:00 Stal Rzeszow v Polonia Bytom\Correct Score\1 - 0,1 - 0,639067395255789086,BACK,Åí1.40,Åí0.00,12.5,MATCHED,Åí0.00,DUPLICATE GK27.01 Åí1 Dutch Back CC0-0/1-0/0-1 @HT0-0 LG7,Score at time of bet: 0 - 0,,2026-02-15 19:45:48,2026-02-15 19:45:48,0001-01-01 00:00:00,
20:00 Stal Rzeszow v Polonia Bytom\Correct Score\0 - 1,0 - 1,639067395255789087,BACK,Åí1.32,Åí0.00,16,MATCHED,Åí0.00,DUPLICATE GK27.01 Åí1 Dutch Back CC0-0/1-0/0-1 @HT0-0 LG7,Score at time of bet: 0 - 0,,2026-02-15 19:45:48,2026-02-15 19:45:48,0001-01-01 00:00:00,
19:00 Lokomotiv Plovdiv v Cherno More\Correct Score\1 - 0,1 - 0,639067395255789090,BACK,Åí1.11,Åí0.00,12.5,MATCHED,Åí0.00,DUPLICATE GK27.01 Åí1 Dutch Back CC0-0/1-0/0-1 @HT0-0 LG7,Score at time of bet: 0 - 0,,2026-02-15 19:45:48,2026-02-15 19:45:48,0001-01-01 00:00:00,
19:00 Lokomotiv Plovdiv v Cherno More\Correct Score\0 - 1,0 - 1,639067395255789088,BACK,Åí1.44,Åí0.00,3.2,MATCHED,Åí0.00,DUPLICATE GK27.01 Åí1 Dutch Back CC0-0/1-0/0-1 @HT0-0 LG7,Score at time of bet: 0 - 0,,2026-02-15 19:45:48,2026-02-15 19:45:48,0001-01-01 00:00:00,
19:00 Lokomotiv Plovdiv v Cherno More\Correct Score\0 - 0,0 - 0,639067395255789089,BACK,Åí1.45,Åí0.00,3.1,MATCHED,Åí0.00,DUPLICATE GK27.01 Åí1 Dutch Back CC0-0/1-0/0-1 @HT0-0 LG7,Score at time of bet: 0 - 0,,2026-02-15 19:45:48,2026-02-15 19:45:48,0001-01-01 00:00:00,
20:00 Muangthong Utd v Lamphun Warrior\Correct Score\0 - 0,0 - 0,639067395255789092,BACK,Åí0.29,Åí0.00,14.5,MATCHED,Åí0.00,DUPLICATE DUPLICATE GK27.01 Åí1 Dutch Back CC0-0/1-0/0-1 @HT0-0 LG7,Score at time of bet: 0 - 0,,2026-02-15 19:46:23,2026-02-15 19:46:23,0001-01-01 00:00:00,
20:00 Pacos Ferreira v Torreense\Correct Score\0 - 0,0 - 0,639067395255789094,BACK,Åí0.32,Åí0.00,10,MATCHED,Åí0.00,DUPLICATE DUPLICATE GK27.01 Åí1 Dutch Back CC0-0/1-0/0-1 @HT0-0 LG7,Score at time of bet: 0 - 0,,2026-02-15 19:46:23,2026-02-15 19:46:23,0001-01-01 00:00:00,
20:00 Muangthong Utd v Lamphun Warrior\Correct Score\1 - 0,1 - 0,639067395255789091,BACK,Åí0.37,Åí0.00,11.5,MATCHED,Åí0.00,DUPLICATE DUPLICATE GK27.01 Åí1 Dutch Back CC0-0/1-0/0-1 @HT0-0 LG7,Score at time of bet: 0 - 0,,2026-02-15 19:46:23,2026-02-15 19:46:23,0001-01-01 00:00:00,
20:00 Pacos Ferreira v Torreense\Correct Score\0 - 1,0 - 1,639067395255789095,BACK,Åí0.43,Åí0.00,7.6,MATCHED,Åí0.00,DUPLICATE DUPLICATE GK27.01 Åí1 Dutch Back CC0-0/1-0/0-1 @HT0-0 LG7,Score at time of bet: 0 - 0,,2026-02-15 19:46:23,2026-02-15 19:46:23,0001-01-01 00:00:00,
20:00 Muangthong Utd v Lamphun Warrior\Correct Score\0 - 1,0 - 1,639067395255789093,BACK,Åí0.34,Åí0.00,12.5,MATCHED,Åí0.00,DUPLICATE DUPLICATE GK27.01 Åí1 Dutch Back CC0-0/1-0/0-1 @HT0-0 LG7,Score at time of bet: 0 - 0,,2026-02-15 19:46:23,2026-02-15 19:46:23,0001-01-01 00:00:00,
20:00 Pacos Ferreira v Torreense\Correct Score\1 - 0,1 - 0,639067395255789096,BACK,Åí0.25,Åí0.00,13,MATCHED,Åí0.00,DUPLICATE DUPLICATE GK27.01 Åí1 Dutch Back CC0-0/1-0/0-1 @HT0-0 LG7,Score at time of bet: 0 - 0,,2026-02-15 19:46:23,2026-02-15 19:46:23,0001-01-01 00:00:00,
20:00 Vizela v Maritimo\Correct Score\0 - 0,0 - 0,639067395255789098,BACK,Åí0.32,Åí0.00,10,MATCHED,Åí0.00,DUPLICATE DUPLICATE GK27.01 Åí1 Dutch Back CC0-0/1-0/0-1 @HT0-0 LG7,Score at time of bet: 0 - 0,,2026-02-15 19:46:24,2026-02-15 19:46:24,0001-01-01 00:00:00,
20:00 Stal Rzeszow v Polonia Bytom\Correct Score\0 - 0,0 - 0,639067395255789101,BACK,Åí0.28,Åí0.00,18,MATCHED,Åí0.00,DUPLICATE DUPLICATE GK27.01 Åí1 Dutch Back CC0-0/1-0/0-1 @HT0-0 LG7,Score at time of bet: 0 - 0,,2026-02-15 19:46:24,2026-02-15 19:46:24,0001-01-01 00:00:00,
20:00 Stal Rzeszow v Polonia Bytom\Correct Score\0 - 1,0 - 1,639067395255789100,BACK,Åí0.32,Åí0.00,16,MATCHED,Åí0.00,DUPLICATE DUPLICATE GK27.01 Åí1 Dutch Back CC0-0/1-0/0-1 @HT0-0 LG7,Score at time of bet: 0 - 0,,2026-02-15 19:46:24,2026-02-15 19:46:24,0001-01-01 00:00:00,
20:00 Stal Rzeszow v Polonia Bytom\Correct Score\1 - 0,1 - 0,639067395255789102,BACK,Åí0.40,Åí0.00,12.5,MATCHED,Åí0.00,DUPLICATE DUPLICATE GK27.01 Åí1 Dutch Back CC0-0/1-0/0-1 @HT0-0 LG7,Score at time of bet: 0 - 0,,2026-02-15 19:46:24,2026-02-15 19:46:24,0001-01-01 00:00:00,
20:00 Vizela v Maritimo\Correct Score\0 - 1,0 - 1,639067395255789097,BACK,Åí0.38,Åí0.00,8.4,MATCHED,Åí0.00,DUPLICATE DUPLICATE GK27.01 Åí1 Dutch Back CC0-0/1-0/0-1 @HT0-0 LG7,Score at time of bet: 0 - 0,,2026-02-15 19:46:24,2026-02-15 19:46:24,0001-01-01 00:00:00,
20:00 Vizela v Maritimo\Correct Score\1 - 0,1 - 0,639067395255789099,BACK,Åí0.30,Åí0.00,10.5,MATCHED,Åí0.00,DUPLICATE DUPLICATE GK27.01 Åí1 Dutch Back CC0-0/1-0/0-1 @HT0-0 LG7,Score at time of bet: 0 - 0,,2026-02-15 19:46:24,2026-02-15 19:46:24,0001-01-01 00:00:00,
19:00 Kitchee SC v Lee Man Warriors\Correct Score\1 - 0,1 - 0,639067395255789105,BACK,Åí0.37,Åí0.00,5.6,MATCHED,Åí0.00,DUPLICATE DUPLICATE GK27.01 Åí1 Dutch Back CC0-0/1-0/0-1 @HT0-0 LG7,Score at time of bet: 0 - 0,,2026-02-15 19:46:49,2026-02-15 19:46:49,0001-01-01 00:00:00,
19:00 Kitchee SC v Lee Man Warriors\Correct Score\0 - 0,0 - 0,639067395255789104,BACK,Åí0.37,Åí0.00,5.5,MATCHED,Åí0.00,DUPLICATE DUPLICATE GK27.01 Åí1 Dutch Back CC0-0/1-0/0-1 @HT0-0 LG7,Score at time of bet: 0 - 0,,2026-02-15 19:46:49,2026-02-15 19:46:49,0001-01-01 00:00:00,
19:00 Kitchee SC v Lee Man Warriors\Correct Score\0 - 1,0 - 1,639067395255789103,BACK,Åí0.26,Åí0.00,8,MATCHED,Åí0.00,DUPLICATE DUPLICATE GK27.01 Åí1 Dutch Back CC0-0/1-0/0-1 @HT0-0 LG7,Score at time of bet: 0 - 0,,2026-02-15 19:46:49,2026-02-15 19:46:49,0001-01-01 00:00:00,
10:07 Tigres v Pachuca\First Half Goals 1.5\Under 1.5 Goals,Under 1.5 Goals,639072344272497457,BACK,Åí10.00,Åí0.00,1.52,SETTLED,Åí5.20,MV24.01 ?10 U1.5HT 1.50+ 1-2m Hedge@P1g 40-41m Hedge@90%P,Score at time of bet: 0 - 1,,2026-02-21 10:40:32,2026-02-21 10:40:32,2026-02-21 10:57:26,
10:07 Tigres v Pachuca\First Half Goals 1.5\Under 1.5 Goals,Under 1.5 Goals,639072344272497458,BACK,Åí10.00,Åí0.00,1.52,SETTLED,Åí5.20,DUPLICATE MV24.01 ?10 U1.5HT 1.50+ 1-2m Hedge@P1g 40-41m Hedge@90%P,Score at time of bet: 0 - 1,,2026-02-21 10:40:32,2026-02-21 10:40:32,2026-02-21 10:57:26,
10:00 Real Espana v Lobos UPNFM\First Half Goals 1.5\Under 1.5 Goals,Under 1.5 Goals,639072344272497460,BACK,Åí10.00,Åí0.00,1.01,SETTLED,-Åí10.00,DUPLICATE MV24.01 ?10 U1.5HT 1.50+ 1-2m Hedge@P1g 40-41m Hedge@90%P,Score at time of bet: 0 - 0,,2026-02-21 10:41:40,2026-02-21 10:41:40,2026-02-21 10:49:14,
10:02 Dorados v Club Atletico Morelia\First Half Goals 1.5\Under 1.5 Goals,Under 1.5 Goals,639072344272497459,BACK,Åí10.00,Åí0.00,1.02,SETTLED,Åí0.20,DUPLICATE MV24.01 ?10 U1.5HT 1.50+ 1-2m Hedge@P1g 40-41m Hedge@90%P,Score at time of bet: 0 - 0,,2026-02-21 10:41:40,2026-02-21 10:41:40,2026-02-21 10:53:47,
10:21 Rosario Central v Talleres\First Half Goals 1.5\Under 1.5 Goals,Under 1.5 Goals,639072344272497462,BACK,Åí10.00,Åí0.00,1.12,SETTLED,Åí1.20,DUPLICATE MV24.01 ?10 U1.5HT 1.50+ 1-2m Hedge@P1g 40-41m Hedge@90%P,Score at time of bet: 0 - 0,,2026-02-21 10:41:41,2026-02-21 10:41:41,2026-02-21 11:10:46,
10:15 Gimnasia Mendoza v Gimnasia La Plata\First Half Goals 1.5\Under 1.5 Goals,Under 1.5 Goals,639072344272497463,BACK,Åí10.00,Åí0.00,1.07,SETTLED,Åí0.70,DUPLICATE MV24.01 ?10 U1.5HT 1.50+ 1-2m Hedge@P1g 40-41m Hedge@90%P,Score at time of bet: 0 - 0,,2026-02-21 10:41:41,2026-02-21 10:41:41,2026-02-21 11:03:01,
10:30 Deportivo Pereira v Deportivo Pasto\First Half Goals 1.5\Under 1.5 Goals,Under 1.5 Goals,639072344272497461,BACK,Åí10.00,Åí0.00,1.16,SETTLED,Åí1.60,DUPLICATE MV24.01 ?10 U1.5HT 1.50+ 1-2m Hedge@P1g 40-41m Hedge@90%P,Score at time of bet: 0 - 0,,2026-02-21 10:41:41,2026-02-21 10:41:41,2026-02-21 11:16:51,
10:07 Tigres v Pachuca\First Half Goals 1.5\Under 1.5 Goals,Under 1.5 Goals,639072344272497464,BACK,Åí10.00,Åí0.00,1.06,SETTLED,Åí0.60,DUPLICATE MV24.01 ?10 U1.5HT 1.50+ 1-2m Hedge@P1g 40-41m Hedge@90%P,Score at time of bet: 0 - 0,,2026-02-21 10:43:35,2026-02-21 10:43:35,2026-02-21 10:57:26,
10:30 San Francisco FC v UMECIT\First Half Goals 1.5\Under 1.5 Goals,Under 1.5 Goals,639072344272497465,BACK,Åí10.00,Åí0.00,1.72,SETTLED,Åí7.20,DUPLICATE MV24.01 ?10 U1.5HT 1.50+ 1-2m Hedge@P1g 40-41m Hedge@90%P,,,2026-02-21 10:49:55,2026-02-21 10:49:55,2026-02-21 11:17:25,
10:21 Rosario Central v Talleres\First Half Goals 1.5\Under 1.5 Goals,Under 1.5 Goals,639072344272497466,LAY,Åí10.98,Åí0.00,1.02,SETTLED,-Åí0.22,DUPLICATE MV24.01 ?10 U1.5HT 1.50+ 1-2m Hedge@P1g 40-41m Hedge@90%P,Hedge because market conditions are satisfied. Hedge - because score is: 0 - 1. Hedge because market conditions are satisfied. Hedge - because score is: 0 - 1.  Score at time of bet: 0 - 1,,2026-02-21 11:03:40,2026-02-21 11:03:40,2026-02-21 11:10:46,
01:00 Ayr 23rd Feb\2m4f Hcap Hrd\Lights Go Down,Lights Go Down,639074090366718730,BACK,Åí0.25,Åí0.00,6.2,MATCHED,Åí0.00,DJ01.01 Dutch Back Fav1-3 F1=3.00-3.50 F2-3=3.50-8.00 R8-12 1mtp W100,,,2026-02-23 11:14:32,2026-02-23 11:14:32,0001-01-01 00:00:00,
01:00 Ayr 23rd Feb\2m4f Hcap Hrd\Diamond Geezer,Diamond Geezer,639074090366718729,BACK,Åí0.50,Åí0.00,3.15,MATCHED,Åí0.00,DJ01.01 Dutch Back Fav1-3 F1=3.00-3.50 F2-3=3.50-8.00 R8-12 1mtp W100,,,2026-02-23 11:14:32,2026-02-23 11:14:32,0001-01-01 00:00:00,
01:00 Ayr 23rd Feb\2m4f Hcap Hrd\The Jewellers Pet,The Jewellers Pet,639074090366718731,BACK,Åí0.25,Åí0.00,6.4,MATCHED,Åí0.00,DJ01.01 Dutch Back Fav1-3 F1=3.00-3.50 F2-3=3.50-8.00 R8-12 1mtp W100,,,2026-02-23 11:14:32,2026-02-23 11:14:32,0001-01-01 00:00:00,
03:30 Wolverhampton 23rd Feb\7f Hcap\Nammos,Nammos,639074090366718732,BACK,Åí0.40,Åí0.00,3.2,MATCHED,Åí0.00,DJ01.01 Dutch Back Fav1-3 F1=3.00-3.50 F2-3=3.50-8.00 R8-12 1mtp W100,,,2026-02-23 11:14:39,2026-02-23 11:14:39,0001-01-01 00:00:00,
03:30 Wolverhampton 23rd Feb\7f Hcap\Faster Bee,Faster Bee,639074090366718733,BACK,Åí0.33,Åí0.00,3.9,MATCHED,Åí0.00,DJ01.01 Dutch Back Fav1-3 F1=3.00-3.50 F2-3=3.50-8.00 R8-12 1mtp W100,,,2026-02-23 11:14:39,2026-02-23 11:14:39,0001-01-01 00:00:00,
03:30 Wolverhampton 23rd Feb\7f Hcap\Believe In Lies,Believe In Lies,639074090366718734,BACK,Åí0.27,Åí0.00,4.7,MATCHED,Åí0.00,DJ01.01 Dutch Back Fav1-3 F1=3.00-3.50 F2-3=3.50-8.00 R8-12 1mtp W100,,,2026-02-23 11:14:39,2026-02-23 11:14:39,0001-01-01 00:00:00,
12:32 Newcastle (AUS) 23rd Feb\R2 1609m Pace M\3. Jimmy Steel,3. Jimmy Steel,639074090366718735,BACK,Åí0.31,Åí0.00,4.3,SETTLED,-Åí0.31,DJ01.01 Dutch Back Fav1-3 F1=3.00-3.50 F2-3=3.50-8.00 R8-12 1mtp W100,,,2026-02-23 11:14:51,2026-02-23 11:14:51,2026-02-23 13:22:34,
12:32 Newcastle (AUS) 23rd Feb\R2 1609m Pace M\5. Roses Are Best,5. Roses Are Best,639074090366718737,BACK,Åí0.24,Åí0.00,5.6,SETTLED,-Åí0.24,DJ01.01 Dutch Back Fav1-3 F1=3.00-3.50 F2-3=3.50-8.00 R8-12 1mtp W100,,,2026-02-23 11:14:51,2026-02-23 11:14:51,2026-02-23 13:22:34,
12:32 Newcastle (AUS) 23rd Feb\R2 1609m Pace M\4. Miss Blue Stork,4. Miss Blue Stork,639074090366718736,BACK,Åí0.44,Åí0.00,3.05,SETTLED,Åí0.90,DJ01.01 Dutch Back Fav1-3 F1=3.00-3.50 F2-3=3.50-8.00 R8-12 1mtp W100,,,2026-02-23 11:14:51,2026-02-23 11:14:51,2026-02-23 13:22:34,
13:23 Warwick (AUS) 23rd Feb\R2 800m Mdn\9. Lira,9. Lira,639074090366718740,BACK,Åí0.41,Åí0.00,3.1,SETTLED,-Åí0.41,DJ01.01 Dutch Back Fav1-3 F1=3.00-3.50 F2-3=3.50-8.00 R8-12 1mtp W100,,,2026-02-23 11:14:52,2026-02-23 11:14:52,2026-02-23 13:31:12,
13:23 Warwick (AUS) 23rd Feb\R2 800m Mdn\1. Simbas Pride,1. Simbas Pride,639074090366718738,BACK,Åí0.29,Åí0.00,4.3,SETTLED,Åí0.96,DJ01.01 Dutch Back Fav1-3 F1=3.00-3.50 F2-3=3.50-8.00 R8-12 1mtp W100,,,2026-02-23 11:14:52,2026-02-23 11:14:52,2026-02-23 13:31:12,
13:23 Warwick (AUS) 23rd Feb\R2 800m Mdn\3. Hussons Treasure,3. Hussons Treasure,639074090366718739,BACK,Åí0.30,Åí0.00,4.2,VOIDED,Åí0.00,DJ01.01 Dutch Back Fav1-3 F1=3.00-3.50 F2-3=3.50-8.00 R8-12 1mtp W100,,,2026-02-23 11:14:52,2026-02-23 11:14:52,2026-02-23 13:31:12,
13:58 Warwick (AUS) 23rd Feb\R3 800m Hcap\3. Mr Playtime,3. Mr Playtime,639074090366718744,BACK,Åí0.48,Åí0.00,3.3,MATCHED,Åí0.00,DJ01.01 Dutch Back Fav1-3 F1=3.00-3.50 F2-3=3.50-8.00 R8-12 1mtp W100,,,2026-02-23 11:14:54,2026-02-23 11:14:54,0001-01-01 00:00:00,
14:10 Albury (AUS) 23rd Feb\R5 1400m Mdn\2. Wiser,2. Wiser,639074090366718741,BACK,Åí0.43,Åí0.00,3.5,MATCHED,Åí0.00,DJ01.01 Dutch Back Fav1-3 F1=3.00-3.50 F2-3=3.50-8.00 R8-12 1mtp W100,,,2026-02-23 11:14:54,2026-02-23 11:14:54,0001-01-01 00:00:00,
13:58 Warwick (AUS) 23rd Feb\R3 800m Hcap\6. Lady Zaydi,6. Lady Zaydi,639074090366718745,BACK,Åí0.28,Åí0.00,5.7,MATCHED,Åí0.00,DJ01.01 Dutch Back Fav1-3 F1=3.00-3.50 F2-3=3.50-8.00 R8-12 1mtp W100,,,2026-02-23 11:14:54,2026-02-23 11:14:54,0001-01-01 00:00:00,
14:10 Albury (AUS) 23rd Feb\R5 1400m Mdn\3. Masakari,3. Masakari,639074090366718742,BACK,Åí0.38,Åí0.00,3.95,MATCHED,Åí0.00,DJ01.01 Dutch Back Fav1-3 F1=3.00-3.50 F2-3=3.50-8.00 R8-12 1mtp W100,,,2026-02-23 11:14:54,2026-02-23 11:14:54,0001-01-01 00:00:00,
13:58 Warwick (AUS) 23rd Feb\R3 800m Hcap\7. Raiderlicious,7. Raiderlicious,639074090366718746,BACK,Åí0.25,Åí0.00,6.4,MATCHED,Åí0.00,DJ01.01 Dutch Back Fav1-3 F1=3.00-3.50 F2-3=3.50-8.00 R8-12 1mtp W100,,,2026-02-23 11:14:54,2026-02-23 11:14:54,0001-01-01 00:00:00,
14:10 Albury (AUS) 23rd Feb\R5 1400m Mdn\15. Seasmoke,15. Seasmoke,639074090366718743,BACK,Åí0.19,Åí0.00,7.8,MATCHED,Åí0.00,DJ01.01 Dutch Back Fav1-3 F1=3.00-3.50 F2-3=3.50-8.00 R8-12 1mtp W100,,,2026-02-23 11:14:54,2026-02-23 11:14:54,0001-01-01 00:00:00,
13:53 Hamilton (AUS) 23rd Feb\R4 2160m Pace M\2. Eyeneedthat,2. Eyeneedthat,639074090366718747,LAY,Åí20.00,Åí0.00,1.5,MATCHED,Åí0.00,DJ02.01 Dutch Lay ÅgTaggsÅh tips to $20 exposure in-play if lay odds 1.50-1.90,,,2026-02-23 13:26:06,2026-02-23 13:26:06,0001-01-01 00:00:00,
14:50 Albury (AUS) 23rd Feb\R6 1175m Hcap\7. Olatunde,7. Olatunde,639074090366718748,LAY,Åí20.00,Åí0.00,1.86,MATCHED,Åí0.00,DJ02.01 Dutch Lay ÅgTaggsÅh tips to $20 exposure in-play if lay odds 1.50-1.90,,,2026-02-23 13:26:08,2026-02-23 13:26:08,0001-01-01 00:00:00,
21:00 Drenica Skenderaj v KF Prishtina E Re\Over/Under 3.5 Goals\Under 3.5 Goals,Under 3.5 Goals,639074090366718749,LAY,Åí20.00,Åí0.00,1.65,MATCHED,Åí0.00,DJ02.01 Dutch Lay ÅgTaggsÅh tips to $20 exposure in-play if lay odds 1.50-1.90,,,2026-02-23 13:26:14,2026-02-23 13:26:14,0001-01-01 00:00:00,
22:30 Persipal FC v Persiba Balikpapan\Over/Under 3.5 Goals\Under 3.5 Goals,Under 3.5 Goals,639074090366718750,LAY,Åí20.00,Åí0.00,1.61,MATCHED,Åí0.00,DJ02.01 Dutch Lay ÅgTaggsÅh tips to $20 exposure in-play if lay odds 1.50-1.90,,,2026-02-23 13:26:17,2026-02-23 13:26:17,0001-01-01 00:00:00,
23:00 Mohun Bagan Super Giants v Chennaiyin FC\Over/Under 3.5 Goals\Under 3.5 Goals,Under 3.5 Goals,639074090366718751,LAY,Åí20.00,Åí0.00,1.55,MATCHED,Åí0.00,DJ02.01 Dutch Lay ÅgTaggsÅh tips to $20 exposure in-play if lay odds 1.50-1.90,,,2026-02-23 13:26:18,2026-02-23 13:26:18,0001-01-01 00:00:00,
00:30 Ayr 23rd Feb\2m Nov Hrd\Next Twist,Next Twist,639074090366718752,LAY,Åí20.00,Åí0.00,1.66,MATCHED,Åí0.00,DJ02.01 Dutch Lay ÅgTaggsÅh tips to $20 exposure in-play if lay odds 1.50-1.90,,,2026-02-23 13:26:21,2026-02-23 13:26:21,0001-01-01 00:00:00,
02:00 Fenerbahce v Kasimpasa\Over/Under 3.5 Goals\Under 3.5 Goals,Under 3.5 Goals,639074090366718753,LAY,Åí20.00,Åí0.00,1.74,MATCHED,Åí0.00,DJ02.01 Dutch Lay ÅgTaggsÅh tips to $20 exposure in-play if lay odds 1.50-1.90,,,2026-02-23 13:26:24,2026-02-23 13:26:24,0001-01-01 00:00:00,
03:00 GAIS v Landskrona\Over/Under 3.5 Goals\Under 3.5 Goals,Under 3.5 Goals,639074090366718754,LAY,Åí20.00,Åí0.00,1.84,MATCHED,Åí0.00,DJ02.01 Dutch Lay ÅgTaggsÅh tips to $20 exposure in-play if lay odds 1.50-1.90,,,2026-02-23 13:26:26,2026-02-23 13:26:26,0001-01-01 00:00:00,
03:00 Riteriai v FK Kauno Zalgiris\Over/Under 3.5 Goals\Under 3.5 Goals,Under 3.5 Goals,639074090366718756,LAY,Åí20.00,Åí0.00,1.75,MATCHED,Åí0.00,DJ02.01 Dutch Lay ÅgTaggsÅh tips to $20 exposure in-play if lay odds 1.50-1.90,,,2026-02-23 13:26:26,2026-02-23 13:26:26,0001-01-01 00:00:00,
03:00 FCSB v FC Metaloglobus Bucuresti\Over/Under 3.5 Goals\Under 3.5 Goals,Under 3.5 Goals,639074090366718755,LAY,Åí20.00,Åí0.00,1.86,MATCHED,Åí0.00,DJ02.01 Dutch Lay ÅgTaggsÅh tips to $20 exposure in-play if lay odds 1.50-1.90,,,2026-02-23 13:26:26,2026-02-23 13:26:26,0001-01-01 00:00:00,
03:30 Maccabi Netanya v Beitar Jerusalem\Over/Under 3.5 Goals\Under 3.5 Goals,Under 3.5 Goals,639074090366718757,LAY,Åí20.00,Åí0.00,1.78,MATCHED,Åí0.00,DJ02.01 Dutch Lay ÅgTaggsÅh tips to $20 exposure in-play if lay odds 1.50-1.90,,,2026-02-23 13:26:27,2026-02-23 13:26:27,0001-01-01 00:00:00,
03:00 Um Al Hassam v Etihad Al Reef\Over/Under 3.5 Goals\Under 3.5 Goals,Under 3.5 Goals,639074090366718758,LAY,Åí20.00,Åí0.00,1.53,MATCHED,Åí0.00,DJ02.01 Dutch Lay ÅgTaggsÅh tips to $20 exposure in-play if lay odds 1.50-1.90,,,2026-02-23 13:26:27,2026-02-23 13:26:27,0001-01-01 00:00:00,
04:00 Al-Fateh (KSA) v Al-Akhdoud\Over/Under 3.5 Goals\Under 3.5 Goals,Under 3.5 Goals,639074090366718759,LAY,Åí20.00,Åí0.00,1.51,MATCHED,Åí0.00,DJ02.01 Dutch Lay ÅgTaggsÅh tips to $20 exposure in-play if lay odds 1.50-1.90,,,2026-02-23 13:26:28,2026-02-23 13:26:28,0001-01-01 00:00:00,
04:00 Dhamk v Al Ahli\Over/Under 3.5 Goals\Under 3.5 Goals,Under 3.5 Goals,639074090366718760,LAY,Åí20.00,Åí0.00,1.59,MATCHED,Åí0.00,DJ02.01 Dutch Lay ÅgTaggsÅh tips to $20 exposure in-play if lay odds 1.50-1.90,,,2026-02-23 13:26:28,2026-02-23 13:26:28,0001-01-01 00:00:00,
04:00 Al-Quadisiya (KSA) v Al-Ettifaq\Over/Under 3.5 Goals\Under 3.5 Goals,Under 3.5 Goals,639074090366718761,LAY,Åí20.00,Åí0.00,1.78,MATCHED,Åí0.00,DJ02.01 Dutch Lay ÅgTaggsÅh tips to $20 exposure in-play if lay odds 1.50-1.90,,,2026-02-23 13:26:28,2026-02-23 13:26:28,0001-01-01 00:00:00,
04:00 Jong AZ Alkmaar v Den Bosch\Over/Under 3.5 Goals\Under 3.5 Goals,Under 3.5 Goals,639074090366718762,LAY,Åí20.00,Åí0.00,1.84,MATCHED,Åí0.00,DJ02.01 Dutch Lay ÅgTaggsÅh tips to $20 exposure in-play if lay odds 1.50-1.90,,,2026-02-23 13:26:29,2026-02-23 13:26:29,0001-01-01 00:00:00,
04:00 Emmen v Jong Ajax Amsterdam\Over/Under 3.5 Goals\Under 3.5 Goals,Under 3.5 Goals,639074090366718764,LAY,Åí20.00,Åí0.00,1.84,MATCHED,Åí0.00,DJ02.01 Dutch Lay ÅgTaggsÅh tips to $20 exposure in-play if lay odds 1.50-1.90,,,2026-02-23 13:26:29,2026-02-23 13:26:29,0001-01-01 00:00:00,
04:00 MTK Budapest v Ferencvaros\Over/Under 3.5 Goals\Under 3.5 Goals,Under 3.5 Goals,639074090366718763,LAY,Åí20.00,Åí0.00,1.78,MATCHED,Åí0.00,DJ02.01 Dutch Lay ÅgTaggsÅh tips to $20 exposure in-play if lay odds 1.50-1.90,,,2026-02-23 13:26:29,2026-02-23 13:26:29,0001-01-01 00:00:00,
04:30 London City Lionesses v Tottenham (W)\Over/Under 3.5 Goals\Under 3.5 Goals,Under 3.5 Goals,639074090366718765,LAY,Åí20.00,Åí0.00,1.56,MATCHED,Åí0.00,DJ02.01 Dutch Lay ÅgTaggsÅh tips to $20 exposure in-play if lay odds 1.50-1.90,,,2026-02-23 13:26:31,2026-02-23 13:26:31,0001-01-01 00:00:00,
05:00 Everton v Man Utd\Over/Under 3.5 Goals\Under 3.5 Goals,Under 3.5 Goals,639074090366718766,LAY,Åí20.00,Åí0.00,1.51,MATCHED,Åí0.00,DJ02.01 Dutch Lay ÅgTaggsÅh tips to $20 exposure in-play if lay odds 1.50-1.90,,,2026-02-23 13:26:34,2026-02-23 13:26:34,0001-01-01 00:00:00,
09:30 Palmeiras U20 v Sao Paulo U20\Over/Under 3.5 Goals\Under 3.5 Goals,Under 3.5 Goals,639074090366718767,LAY,Åí20.00,Åí0.00,1.61,MATCHED,Åí0.00,DJ02.01 Dutch Lay ÅgTaggsÅh tips to $20 exposure in-play if lay odds 1.50-1.90,,,2026-02-23 13:26:40,2026-02-23 13:26:40,0001-01-01 00:00:00,
19:30 Sivasspor v Sakaryaspor\Over/Under 3.5 Goals\Under 3.5 Goals,Under 3.5 Goals,639074090366718768,LAY,Åí20.00,Åí0.00,1.5,MATCHED,Åí0.00,DJ02.01 Dutch Lay ÅgTaggsÅh tips to $20 exposure in-play if lay odds 1.50-1.90,,,2026-02-23 13:30:22,2026-02-23 13:30:22,0001-01-01 00:00:00,
13:35 Albury (AUS) 23rd Feb\R4 2000m CL1\1. Distillery,1. Distillery,639074090366718769,LAY,Åí20.00,Åí0.00,1.75,MATCHED,Åí0.00,DJ02.01 Dutch Lay ÅgTaggsÅh tips to $20 exposure in-play if lay odds 1.50-1.90,,,2026-02-23 13:32:14,2026-02-23 13:32:14,0001-01-01 00:00:00,
12:20 Rosehill (AUS) 25th Feb\R1 1200m Mdn\8. Spice Prawn,8. Spice Prawn,639075723892707759,BACK,Åí0.36,Åí0.00,3.6,MATCHED,Åí0.00,DJ01.03 Dutch Prog1-10 Back Fav1-3 F1=3.00-3.50 F2-3=3.50-8.00 R8-12 1mtp W100,,,2026-02-25 08:36:20,2026-02-25 08:36:20,0001-01-01 00:00:00,
12:20 Rosehill (AUS) 25th Feb\R1 1200m Mdn\2. Bubbles Up,2. Bubbles Up,639075723892707757,BACK,Åí0.43,Åí0.00,3,MATCHED,Åí0.00,DJ01.03 Dutch Prog1-10 Back Fav1-3 F1=3.00-3.50 F2-3=3.50-8.00 R8-12 1mtp W100,,,2026-02-25 08:36:20,2026-02-25 08:36:20,0001-01-01 00:00:00,
12:20 Rosehill (AUS) 25th Feb\R1 1200m Mdn\5. In A Tizzy,5. In A Tizzy,639075723892707758,BACK,Åí0.21,Åí0.00,6.2,MATCHED,Åí0.00,DJ01.03 Dutch Prog1-10 Back Fav1-3 F1=3.00-3.50 F2-3=3.50-8.00 R8-12 1mtp W100,,,2026-02-25 08:36:20,2026-02-25 08:36:20,0001-01-01 00:00:00,
12:55 Rosehill (AUS) 25th Feb\R2 1200m Mdn\2. Brickowski,2. Brickowski,639075723892707763,BACK,Åí0.16,Åí0.00,6.8,MATCHED,Åí0.00,DJ01.03 Dutch Prog1-10 Back Fav1-3 F1=3.00-3.50 F2-3=3.50-8.00 R8-12 1mtp W100,,,2026-02-25 08:36:21,2026-02-25 08:36:21,0001-01-01 00:00:00,
12:59 Pukekohe (NZL) 25th Feb\R6 1200m Mdn\5. Sweet Smile,5. Sweet Smile,639075723892707761,BACK,Åí0.21,Åí0.00,5.8,MATCHED,Åí0.00,DJ01.03 Dutch Prog1-10 Back Fav1-3 F1=3.00-3.50 F2-3=3.50-8.00 R8-12 1mtp W100,,,2026-02-25 08:36:21,2026-02-25 08:36:21,0001-01-01 00:00:00,
12:55 Rosehill (AUS) 25th Feb\R2 1200m Mdn\6. Peleus,6. Peleus,639075723892707765,BACK,Åí0.16,Åí0.00,7,MATCHED,Åí0.00,DJ01.03 Dutch Prog1-10 Back Fav1-3 F1=3.00-3.50 F2-3=3.50-8.00 R8-12 1mtp W100,,,2026-02-25 08:36:21,2026-02-25 08:36:21,0001-01-01 00:00:00,
12:51 Addington (NZL) 25th Feb\R2 2000m Trot S\2. Diedre Franco,2. Diedre Franco,639075723892707766,BACK,Åí0.28,Åí0.00,4.7,MATCHED,Åí0.00,DJ01.03 Dutch Prog1-10 Back Fav1-3 F1=3.00-3.50 F2-3=3.50-8.00 R8-12 1mtp W100,,,2026-02-25 08:36:21,2026-02-25 08:36:21,0001-01-01 00:00:00,
12:55 Rosehill (AUS) 25th Feb\R2 1200m Mdn\3. Hay Street,3. Hay Street,639075723892707764,BACK,Åí0.68,Åí0.00,1.63,MATCHED,Åí0.00,DJ01.03 Dutch Prog1-10 Back Fav1-3 F1=3.00-3.50 F2-3=3.50-8.00 R8-12 1mtp W100,,,2026-02-25 08:36:21,2026-02-25 08:36:21,0001-01-01 00:00:00,
12:59 Pukekohe (NZL) 25th Feb\R6 1200m Mdn\10. Thumbelina,10. Thumbelina,639075723892707762,BACK,Åí0.38,Åí0.00,3.2,MATCHED,Åí0.00,DJ01.03 Dutch Prog1-10 Back Fav1-3 F1=3.00-3.50 F2-3=3.50-8.00 R8-12 1mtp W100,,,2026-02-25 08:36:21,2026-02-25 08:36:21,0001-01-01 00:00:00,
12:59 Pukekohe (NZL) 25th Feb\R6 1200m Mdn\1. Stay Frosty,1. Stay Frosty,639075723892707760,BACK,Åí0.41,Åí0.00,2.96,MATCHED,Åí0.00,DJ01.03 Dutch Prog1-10 Back Fav1-3 F1=3.00-3.50 F2-3=3.50-8.00 R8-12 1mtp W100,,,2026-02-25 08:36:21,2026-02-25 08:36:21,0001-01-01 00:00:00,
12:51 Addington (NZL) 25th Feb\R2 2000m Trot S\10. Bonnie Bagrie,10. Bonnie Bagrie,639075723892707768,BACK,Åí0.37,Åí0.00,3.6,MATCHED,Åí0.00,DJ01.03 Dutch Prog1-10 Back Fav1-3 F1=3.00-3.50 F2-3=3.50-8.00 R8-12 1mtp W100,,,2026-02-25 08:36:21,2026-02-25 08:36:21,0001-01-01 00:00:00,
12:51 Addington (NZL) 25th Feb\R2 2000m Trot S\5. Baffled,5. Baffled,639075723892707767,BACK,Åí0.35,Åí0.00,3.75,MATCHED,Åí0.00,DJ01.03 Dutch Prog1-10 Back Fav1-3 F1=3.00-3.50 F2-3=3.50-8.00 R8-12 1mtp W100,,,2026-02-25 08:36:21,2026-02-25 08:36:21,0001-01-01 00:00:00,
13:30 Rosehill (AUS) 25th Feb\R3 1500m Mdn\2. Double Vision,2. Double Vision,639075723892707769,BACK,Åí0.49,Åí0.00,2.42,MATCHED,Åí0.00,DJ01.03 Dutch Prog1-10 Back Fav1-3 F1=3.00-3.50 F2-3=3.50-8.00 R8-12 1mtp W100,,,2026-02-25 08:36:22,2026-02-25 08:36:22,0001-01-01 00:00:00,
13:30 Rosehill (AUS) 25th Feb\R3 1500m Mdn\9. Fireball Miss,9. Fireball Miss,639075723892707771,BACK,Åí0.33,Åí0.00,3.6,MATCHED,Åí0.00,DJ01.03 Dutch Prog1-10 Back Fav1-3 F1=3.00-3.50 F2-3=3.50-8.00 R8-12 1mtp W100,,,2026-02-25 08:36:22,2026-02-25 08:36:22,0001-01-01 00:00:00,
13:30 Rosehill (AUS) 25th Feb\R3 1500m Mdn\1. Decalogue,1. Decalogue,639075723892707770,BACK,Åí0.18,Åí0.00,6.6,MATCHED,Åí0.00,DJ01.03 Dutch Prog1-10 Back Fav1-3 F1=3.00-3.50 F2-3=3.50-8.00 R8-12 1mtp W100,,,2026-02-25 08:36:22,2026-02-25 08:36:22,0001-01-01 00:00:00,
13:16 Doomben (AUS) 25th Feb\R1 1200m Mdn\7. Toro Chase,7. Toro Chase,639075723892707773,BACK,Åí0.45,Åí0.00,2.66,MATCHED,Åí0.00,DJ01.03 Dutch Prog1-10 Back Fav1-3 F1=3.00-3.50 F2-3=3.50-8.00 R8-12 1mtp W100,,,2026-02-25 08:36:22,2026-02-25 08:36:22,0001-01-01 00:00:00,
13:16 Doomben (AUS) 25th Feb\R1 1200m Mdn\4. Ralos Star,4. Ralos Star,639075723892707772,BACK,Åí0.18,Åí0.00,6.4,MATCHED,Åí0.00,DJ01.03 Dutch Prog1-10 Back Fav1-3 F1=3.00-3.50 F2-3=3.50-8.00 R8-12 1mtp W100,,,2026-02-25 08:36:22,2026-02-25 08:36:22,0001-01-01 00:00:00,
13:16 Doomben (AUS) 25th Feb\R1 1200m Mdn\5. Delicious Derek,5. Delicious Derek,639075723892707774,BACK,Åí0.37,Åí0.00,3.2,MATCHED,Åí0.00,DJ01.03 Dutch Prog1-10 Back Fav1-3 F1=3.00-3.50 F2-3=3.50-8.00 R8-12 1mtp W100,,,2026-02-25 08:36:22,2026-02-25 08:36:22,0001-01-01 00:00:00,
13:34 Pukekohe (NZL) 25th Feb\R7 1600m Mdn\5. Moretothinkabout,5. Moretothinkabout,639075723892707776,BACK,Åí0.31,Åí0.00,5.8,MATCHED,Åí0.00,DJ01.03 Dutch Prog1-10 Back Fav1-3 F1=3.00-3.50 F2-3=3.50-8.00 R8-12 1mtp W100,,,2026-02-25 08:36:23,2026-02-25 08:36:23,0001-01-01 00:00:00,
13:34 Pukekohe (NZL) 25th Feb\R7 1600m Mdn\2. Castle Rock,2. Castle Rock,639075723892707775,BACK,Åí0.34,Åí0.00,5.3,MATCHED,Åí0.00,DJ01.03 Dutch Prog1-10 Back Fav1-3 F1=3.00-3.50 F2-3=3.50-8.00 R8-12 1mtp W100,,,2026-02-25 08:36:23,2026-02-25 08:36:23,0001-01-01 00:00:00,
13:34 Pukekohe (NZL) 25th Feb\R7 1600m Mdn\6. High Society,6. High Society,639075723892707777,BACK,Åí0.34,Åí0.00,5.3,MATCHED,Åí0.00,DJ01.03 Dutch Prog1-10 Back Fav1-3 F1=3.00-3.50 F2-3=3.50-8.00 R8-12 1mtp W100,,,2026-02-25 08:36:23,2026-02-25 08:36:23,0001-01-01 00:00:00,
13:51 Doomben (AUS) 25th Feb\R2 1200m Hcap\4. King Of Minto,4. King Of Minto,639075723892707778,BACK,Åí0.65,Åí0.00,1.7,MATCHED,Åí0.00,DJ01.03 Dutch Prog1-10 Back Fav1-3 F1=3.00-3.50 F2-3=3.50-8.00 R8-12 1mtp W100,,,2026-02-25 08:36:23,2026-02-25 08:36:23,0001-01-01 00:00:00,
13:55 Port Lincoln (AUS) 25th Feb\R5 1350m Hcap\9. In Your Words,9. In Your Words,639075723892707783,BACK,Åí0.43,Åí0.00,3.7,MATCHED,Åí0.00,DJ01.03 Dutch Prog1-10 Back Fav1-3 F1=3.00-3.50 F2-3=3.50-8.00 R8-12 1mtp W100,,,2026-02-25 08:36:23,2026-02-25 08:36:23,0001-01-01 00:00:00,
13:40 Sandown (AUS) 25th Feb\R1 1300m 2yo\2. Hydrobomb,2. Hydrobomb,639075723892707784,BACK,Åí0.25,Åí0.00,4.4,MATCHED,Åí0.00,DJ01.03 Dutch Prog1-10 Back Fav1-3 F1=3.00-3.50 F2-3=3.50-8.00 R8-12 1mtp W100,,,2026-02-25 08:36:23,2026-02-25 08:36:23,0001-01-01 00:00:00,
13:40 Sandown (AUS) 25th Feb\R1 1300m 2yo\3. Optimus,3. Optimus,639075723892707785,BACK,Åí0.26,Åí0.00,4.2,MATCHED,Åí0.00,DJ01.03 Dutch Prog1-10 Back Fav1-3 F1=3.00-3.50 F2-3=3.50-8.00 R8-12 1mtp W100,,,2026-02-25 08:36:23,2026-02-25 08:36:23,0001-01-01 00:00:00,
13:51 Doomben (AUS) 25th Feb\R2 1200m Hcap\5. Tophet,5. Tophet,639075723892707779,BACK,Åí0.22,Åí0.00,5,MATCHED,Åí0.00,DJ01.03 Dutch Prog1-10 Back Fav1-3 F1=3.00-3.50 F2-3=3.50-8.00 R8-12 1mtp W100,,,2026-02-25 08:36:23,2026-02-25 08:36:23,0001-01-01 00:00:00,
13:40 Sandown (AUS) 25th Feb\R1 1300m 2yo\4. Leopard Shark,4. Leopard Shark,639075723892707786,BACK,Åí0.49,Åí0.00,2.28,MATCHED,Åí0.00,DJ01.03 Dutch Prog1-10 Back Fav1-3 F1=3.00-3.50 F2-3=3.50-8.00 R8-12 1mtp W100,,,2026-02-25 08:36:23,2026-02-25 08:36:23,0001-01-01 00:00:00,
13:55 Port Lincoln (AUS) 25th Feb\R5 1350m Hcap\4. Star Valour,4. Star Valour,639075723892707782,BACK,Åí0.30,Åí0.00,5.4,MATCHED,Åí0.00,DJ01.03 Dutch Prog1-10 Back Fav1-3 F1=3.00-3.50 F2-3=3.50-8.00 R8-12 1mtp W100,,,2026-02-25 08:36:23,2026-02-25 08:36:23,0001-01-01 00:00:00,
13:55 Port Lincoln (AUS) 25th Feb\R5 1350m Hcap\2. Fortis In Armis,2. Fortis In Armis,639075723892707781,BACK,Åí0.27,Åí0.00,5.9,MATCHED,Åí0.00,DJ01.03 Dutch Prog1-10 Back Fav1-3 F1=3.00-3.50 F2-3=3.50-8.00 R8-12 1mtp W100,,,2026-02-25 08:36:23,2026-02-25 08:36:23,0001-01-01 00:00:00,
13:51 Doomben (AUS) 25th Feb\R2 1200m Hcap\6. Cinque Terre,6. Cinque Terre,639075723892707780,BACK,Åí0.13,Åí0.00,8.6,MATCHED,Åí0.00,DJ01.03 Dutch Prog1-10 Back Fav1-3 F1=3.00-3.50 F2-3=3.50-8.00 R8-12 1mtp W100,,,2026-02-25 08:36:23,2026-02-25 08:36:23,0001-01-01 00:00:00,
14:11 Pukekohe (NZL) 25th Feb\R8 1200m Mdn\4. Le Jacques Cartier,4. Le Jacques Cartier,639075723892707788,BACK,Åí0.42,Åí0.00,2.82,MATCHED,Åí0.00,DJ01.03 Dutch Prog1-10 Back Fav1-3 F1=3.00-3.50 F2-3=3.50-8.00 R8-12 1mtp W100,,,2026-02-25 08:36:24,2026-02-25 08:36:24,0001-01-01 00:00:00,
14:11 Pukekohe (NZL) 25th Feb\R8 1200m Mdn\6. Earlicheer,6. Earlicheer,639075723892707789,BACK,Åí0.27,Åí0.00,4.4,MATCHED,Åí0.00,DJ01.03 Dutch Prog1-10 Back Fav1-3 F1=3.00-3.50 F2-3=3.50-8.00 R8-12 1mtp W100,,,2026-02-25 08:36:24,2026-02-25 08:36:24,0001-01-01 00:00:00,
14:15 Sandown (AUS) 25th Feb\R2 1300m 3yo\6. Shoma,6. Shoma,639075723892707791,BACK,Åí0.41,Åí0.00,3.35,MATCHED,Åí0.00,DJ01.03 Dutch Prog1-10 Back Fav1-3 F1=3.00-3.50 F2-3=3.50-8.00 R8-12 1mtp W100,,,2026-02-25 08:36:24,2026-02-25 08:36:24,0001-01-01 00:00:00,
14:00 Addington (NZL) 25th Feb\R4 1980m Trot M\2. Prince Teka,2. Prince Teka,639075723892707793,BACK,Åí0.23,Åí0.00,5.5,MATCHED,Åí0.00,DJ01.03 Dutch Prog1-10 Back Fav1-3 F1=3.00-3.50 F2-3=3.50-8.00 R8-12 1mtp W100,,,2026-02-25 08:36:24,2026-02-25 08:36:24,0001-01-01 00:00:00,
14:11 Pukekohe (NZL) 25th Feb\R8 1200m Mdn\1. Navy Ensign,1. Navy Ensign,639075723892707787,BACK,Åí0.31,Åí0.00,3.8,MATCHED,Åí0.00,DJ01.03 Dutch Prog1-10 Back Fav1-3 F1=3.00-3.50 F2-3=3.50-8.00 R8-12 1mtp W100,,,2026-02-25 08:36:24,2026-02-25 08:36:24,0001-01-01 00:00:00,
14:15 Sandown (AUS) 25th Feb\R2 1300m 3yo\5. Melian,5. Melian,639075723892707790,BACK,Åí0.25,Åí0.00,5.5,MATCHED,Åí0.00,DJ01.03 Dutch Prog1-10 Back Fav1-3 F1=3.00-3.50 F2-3=3.50-8.00 R8-12 1mtp W100,,,2026-02-25 08:36:24,2026-02-25 08:36:24,0001-01-01 00:00:00,
14:00 Addington (NZL) 25th Feb\R4 1980m Trot M\6. Crown The Moment,6. Crown The Moment,639075723892707794,BACK,Åí0.33,Åí0.00,3.85,MATCHED,Åí0.00,DJ01.03 Dutch Prog1-10 Back Fav1-3 F1=3.00-3.50 F2-3=3.50-8.00 R8-12 1mtp W100,,,2026-02-25 08:36:24,2026-02-25 08:36:24,0001-01-01 00:00:00,
14:15 Sandown (AUS) 25th Feb\R2 1300m 3yo\7. Sparkling Luck,7. Sparkling Luck,639075723892707792,BACK,Åí0.35,Åí0.00,3.9,MATCHED,Åí0.00,DJ01.03 Dutch Prog1-10 Back Fav1-3 F1=3.00-3.50 F2-3=3.50-8.00 R8-12 1mtp W100,,,2026-02-25 08:36:24,2026-02-25 08:36:24,0001-01-01 00:00:00,
14:00 Addington (NZL) 25th Feb\R4 1980m Trot M\10. Dynasty,10. Dynasty,639075723892707795,BACK,Åí0.44,Åí0.00,2.9,MATCHED,Åí0.00,DJ01.03 Dutch Prog1-10 Back Fav1-3 F1=3.00-3.50 F2-3=3.50-8.00 R8-12 1mtp W100,,,2026-02-25 08:36:24,2026-02-25 08:36:24,0001-01-01 00:00:00,
14:30 Port Lincoln (AUS) 25th Feb\R6 1350m Hcap\3. Sir Panama,3. Sir Panama,639075723892707799,BACK,Åí0.33,Åí0.00,4.6,MATCHED,Åí0.00,DJ01.03 Dutch Prog1-10 Back Fav1-3 F1=3.00-3.50 F2-3=3.50-8.00 R8-12 1mtp W100,,,2026-02-25 08:36:25,2026-02-25 08:36:25,0001-01-01 00:00:00,
14:26 Doomben (AUS) 25th Feb\R3 1200m Mdn\2. Khoirgirl,2. Khoirgirl,639075723892707796,BACK,Åí0.39,Åí0.00,3.7,MATCHED,Åí0.00,DJ01.03 Dutch Prog1-10 Back Fav1-3 F1=3.00-3.50 F2-3=3.50-8.00 R8-12 1mtp W100,,,2026-02-25 08:36:25,2026-02-25 08:36:25,0001-01-01 00:00:00,
14:26 Doomben (AUS) 25th Feb\R3 1200m Mdn\7. Marunouchi,7. Marunouchi,639075723892707798,BACK,Åí0.37,Åí0.00,3.9,MATCHED,Åí0.00,DJ01.03 Dutch Prog1-10 Back Fav1-3 F1=3.00-3.50 F2-3=3.50-8.00 R8-12 1mtp W100,,,2026-02-25 08:36:25,2026-02-25 08:36:25,0001-01-01 00:00:00,
14:25 Addington (NZL) 25th Feb\R5 1980m Pace M\8. Kotare Rata,8. Kotare Rata,639075723892707803,BACK,Åí0.39,Åí0.00,2.94,MATCHED,Åí0.00,DJ01.03 Dutch Prog1-10 Back Fav1-3 F1=3.00-3.50 F2-3=3.50-8.00 R8-12 1mtp W100,,,2026-02-25 08:36:25,2026-02-25 08:36:25,0001-01-01 00:00:00,
14:30 Port Lincoln (AUS) 25th Feb\R6 1350m Hcap\4. Oriedos,4. Oriedos,639075723892707800,BACK,Åí0.23,Åí0.00,6.6,MATCHED,Åí0.00,DJ01.03 Dutch Prog1-10 Back Fav1-3 F1=3.00-3.50 F2-3=3.50-8.00 R8-12 1mtp W100,,,2026-02-25 08:36:25,2026-02-25 08:36:25,0001-01-01 00:00:00,
14:26 Doomben (AUS) 25th Feb\R3 1200m Mdn\3. Tszyuya,3. Tszyuya,639075723892707797,BACK,Åí0.24,Åí0.00,5.9,MATCHED,Åí0.00,DJ01.03 Dutch Prog1-10 Back Fav1-3 F1=3.00-3.50 F2-3=3.50-8.00 R8-12 1mtp W100,,,2026-02-25 08:36:25,2026-02-25 08:36:25,0001-01-01 00:00:00,
14:30 Port Lincoln (AUS) 25th Feb\R6 1350m Hcap\9. Samanth,9. Samanth,639075723892707801,BACK,Åí0.44,Åí0.00,3.4,MATCHED,Åí0.00,DJ01.03 Dutch Prog1-10 Back Fav1-3 F1=3.00-3.50 F2-3=3.50-8.00 R8-12 1mtp W100,,,2026-02-25 08:36:25,2026-02-25 08:36:25,0001-01-01 00:00:00,
14:25 Addington (NZL) 25th Feb\R5 1980m Pace M\13. Shards Lyric,13. Shards Lyric,639075723892707804,BACK,Åí0.40,Åí0.00,2.9,MATCHED,Åí0.00,DJ01.03 Dutch Prog1-10 Back Fav1-3 F1=3.00-3.50 F2-3=3.50-8.00 R8-12 1mtp W100,,,2026-02-25 08:36:25,2026-02-25 08:36:25,0001-01-01 00:00:00,
14:25 Addington (NZL) 25th Feb\R5 1980m Pace M\2. Willy Away,2. Willy Away,639075723892707802,BACK,Åí0.21,Åí0.00,5.5,MATCHED,Åí0.00,DJ01.03 Dutch Prog1-10 Back Fav1-3 F1=3.00-3.50 F2-3=3.50-8.00 R8-12 1mtp W100,,,2026-02-25 08:36:25,2026-02-25 08:36:25,0001-01-01 00:00:00,
14:50 Sandown (AUS) 25th Feb\R3 1500m 3yo\4. Bel Mezyaan,4. Bel Mezyaan,639075723892707805,BACK,Åí0.46,Åí0.00,3.4,MATCHED,Åí0.00,DJ01.03 Dutch Prog1-10 Back Fav1-3 F1=3.00-3.50 F2-3=3.50-8.00 R8-12 1mtp W100,,,2026-02-25 08:36:26,2026-02-25 08:36:26,0001-01-01 00:00:00,
14:50 Sandown (AUS) 25th Feb\R3 1500m 3yo\10. Russian Choice,10. Russian Choice,639075723892707806,BACK,Åí0.32,Åí0.00,4.8,MATCHED,Åí0.00,DJ01.03 Dutch Prog1-10 Back Fav1-3 F1=3.00-3.50 F2-3=3.50-8.00 R8-12 1mtp W100,,,2026-02-25 08:36:26,2026-02-25 08:36:26,0001-01-01 00:00:00,
14:50 Sandown (AUS) 25th Feb\R3 1500m 3yo\11. Cushioned,11. Cushioned,639075723892707807,BACK,Åí0.22,Åí0.00,7,MATCHED,Åí0.00,DJ01.03 Dutch Prog1-10 Back Fav1-3 F1=3.00-3.50 F2-3=3.50-8.00 R8-12 1mtp W100,,,2026-02-25 08:36:26,2026-02-25 08:36:26,0001-01-01 00:00:00,
15:15 Rosehill (AUS) 25th Feb\R6 1500m 3yo\6. Little Iris,6. Little Iris,639075723892707808,BACK,Åí0.40,Åí0.00,3,MATCHED,Åí0.00,DJ01.02 Dutch Prog1-10% Back Fav1-3 F1=3.00-3.50 F2-3=3.50-8.00 R8-12 1mtp W100,,,2026-02-25 08:36:27,2026-02-25 08:36:27,0001-01-01 00:00:00,
15:15 Rosehill (AUS) 25th Feb\R6 1500m 3yo\3. Samarelle,3. Samarelle,639075723892707809,BACK,Åí0.17,Åí0.00,7,MATCHED,Åí0.00,DJ01.02 Dutch Prog1-10% Back Fav1-3 F1=3.00-3.50 F2-3=3.50-8.00 R8-12 1mtp W100,,,2026-02-25 08:36:27,2026-02-25 08:36:27,0001-01-01 00:00:00,
15:15 Rosehill (AUS) 25th Feb\R6 1500m 3yo\7. Soverato,7. Soverato,639075723892707810,BACK,Åí0.42,Åí0.00,2.86,MATCHED,Åí0.00,DJ01.02 Dutch Prog1-10% Back Fav1-3 F1=3.00-3.50 F2-3=3.50-8.00 R8-12 1mtp W100,,,2026-02-25 08:36:27,2026-02-25 08:36:27,0001-01-01 00:00:00,
15:00 Addington (NZL) 25th Feb\R6 1980m Pace M\2. Playing With Stars,2. Playing With Stars,639075723892707817,BACK,Åí0.30,Åí0.00,5,MATCHED,Åí0.00,DJ01.02 Dutch Prog1-10% Back Fav1-3 F1=3.00-3.50 F2-3=3.50-8.00 R8-12 1mtp W100,,,2026-02-25 08:36:27,2026-02-25 08:36:27,0001-01-01 00:00:00,
15:05 Port Lincoln (AUS) 25th Feb\R7 1750m Hcap\3. Super Valentine,3. Super Valentine,639075723892707811,BACK,Åí0.40,Åí0.00,3.15,MATCHED,Åí0.00,DJ01.02 Dutch Prog1-10% Back Fav1-3 F1=3.00-3.50 F2-3=3.50-8.00 R8-12 1mtp W100,,,2026-02-25 08:36:27,2026-02-25 08:36:27,0001-01-01 00:00:00,
15:00 Addington (NZL) 25th Feb\R6 1980m Pace M\8. Gatecrasher,8. Gatecrasher,639075723892707818,BACK,Åí0.39,Åí0.00,3.85,MATCHED,Åí0.00,DJ01.02 Dutch Prog1-10% Back Fav1-3 F1=3.00-3.50 F2-3=3.50-8.00 R8-12 1mtp W100,,,2026-02-25 08:36:27,2026-02-25 08:36:27,0001-01-01 00:00:00,
15:05 Port Lincoln (AUS) 25th Feb\R7 1750m Hcap\9. Star Casino,9. Star Casino,639075723892707813,BACK,Åí0.33,Åí0.00,3.85,MATCHED,Åí0.00,DJ01.02 Dutch Prog1-10% Back Fav1-3 F1=3.00-3.50 F2-3=3.50-8.00 R8-12 1mtp W100,,,2026-02-25 08:36:27,2026-02-25 08:36:27,0001-01-01 00:00:00,
15:15 Rosehill (AUS) 25th Feb\R6 1500m 3yo\6. Little Iris,6. Little Iris,639075723892707821,BACK,Åí0.40,Åí0.00,3,MATCHED,Åí0.00,DJ01.03 Dutch Prog1-10 Back Fav1-3 F1=3.00-3.50 F2-3=3.50-8.00 R8-12 1mtp W100,,,2026-02-25 08:36:27,2026-02-25 08:36:27,0001-01-01 00:00:00,
15:00 Addington (NZL) 25th Feb\R6 1980m Pace M\11. Radioactive Jaffa,11. Radioactive Jaffa,639075723892707819,BACK,Åí0.32,Åí0.00,4.7,MATCHED,Åí0.00,DJ01.02 Dutch Prog1-10% Back Fav1-3 F1=3.00-3.50 F2-3=3.50-8.00 R8-12 1mtp W100,,,2026-02-25 08:36:27,2026-02-25 08:36:27,0001-01-01 00:00:00,
15:08 Maryborough (AUS) 25th Feb\R5 2190m Trot M\2. Atego Dawn,2. Atego Dawn,639075723892707814,BACK,Åí0.40,Åí0.00,2.98,MATCHED,Åí0.00,DJ01.02 Dutch Prog1-10% Back Fav1-3 F1=3.00-3.50 F2-3=3.50-8.00 R8-12 1mtp W100,,,2026-02-25 08:36:27,2026-02-25 08:36:27,0001-01-01 00:00:00,
15:08 Maryborough (AUS) 25th Feb\R5 2190m Trot M\7. Night Flight,7. Night Flight,639075723892707816,BACK,Åí0.29,Åí0.00,4.2,MATCHED,Åí0.00,DJ01.02 Dutch Prog1-10% Back Fav1-3 F1=3.00-3.50 F2-3=3.50-8.00 R8-12 1mtp W100,,,2026-02-25 08:36:27,2026-02-25 08:36:27,0001-01-01 00:00:00,
15:15 Rosehill (AUS) 25th Feb\R6 1500m 3yo\3. Samarelle,3. Samarelle,639075723892707820,BACK,Åí0.17,Åí0.00,7,MATCHED,Åí0.00,DJ01.03 Dutch Prog1-10 Back Fav1-3 F1=3.00-3.50 F2-3=3.50-8.00 R8-12 1mtp W100,,,2026-02-25 08:36:27,2026-02-25 08:36:27,0001-01-01 00:00:00,
15:05 Port Lincoln (AUS) 25th Feb\R7 1750m Hcap\3. Super Valentine,3. Super Valentine,639075723892707823,BACK,Åí0.40,Åí0.00,3.15,MATCHED,Åí0.00,DJ01.03 Dutch Prog1-10 Back Fav1-3 F1=3.00-3.50 F2-3=3.50-8.00 R8-12 1mtp W100,,,2026-02-25 08:36:27,2026-02-25 08:36:27,0001-01-01 00:00:00,
15:08 Maryborough (AUS) 25th Feb\R5 2190m Trot M\6. Love Who,6. Love Who,639075723892707815,BACK,Åí0.31,Åí0.00,3.85,MATCHED,Åí0.00,DJ01.02 Dutch Prog1-10% Back Fav1-3 F1=3.00-3.50 F2-3=3.50-8.00 R8-12 1mtp W100,,,2026-02-25 08:36:27,2026-02-25 08:36:27,0001-01-01 00:00:00,
15:15 Rosehill (AUS) 25th Feb\R6 1500m 3yo\7. Soverato,7. Soverato,639075723892707822,BACK,Åí0.42,Åí0.00,2.86,MATCHED,Åí0.00,DJ01.03 Dutch Prog1-10 Back Fav1-3 F1=3.00-3.50 F2-3=3.50-8.00 R8-12 1mtp W100,,,2026-02-25 08:36:27,2026-02-25 08:36:27,0001-01-01 00:00:00,
15:05 Port Lincoln (AUS) 25th Feb\R7 1750m Hcap\9. Star Casino,9. Star Casino,639075723892707825,BACK,Åí0.33,Åí0.00,3.85,MATCHED,Åí0.00,DJ01.03 Dutch Prog1-10 Back Fav1-3 F1=3.00-3.50 F2-3=3.50-8.00 R8-12 1mtp W100,,,2026-02-25 08:36:27,2026-02-25 08:36:27,0001-01-01 00:00:00,
15:05 Port Lincoln (AUS) 25th Feb\R7 1750m Hcap\7. Zain Prince,7. Zain Prince,639075723892707812,BACK,Åí0.27,Åí0.00,4.6,MATCHED,Åí0.00,DJ01.02 Dutch Prog1-10% Back Fav1-3 F1=3.00-3.50 F2-3=3.50-8.00 R8-12 1mtp W100,,,2026-02-25 08:36:27,2026-02-25 08:36:27,0001-01-01 00:00:00,
15:08 Maryborough (AUS) 25th Feb\R5 2190m Trot M\2. Atego Dawn,2. Atego Dawn,639075723892707827,BACK,Åí0.40,Åí0.00,2.98,MATCHED,Åí0.00,DJ01.03 Dutch Prog1-10 Back Fav1-3 F1=3.00-3.50 F2-3=3.50-8.00 R8-12 1mtp W100,,,2026-02-25 08:36:27,2026-02-25 08:36:27,0001-01-01 00:00:00,
15:05 Port Lincoln (AUS) 25th Feb\R7 1750m Hcap\7. Zain Prince,7. Zain Prince,639075723892707824,BACK,Åí0.27,Åí0.00,4.6,MATCHED,Åí0.00,DJ01.03 Dutch Prog1-10 Back Fav1-3 F1=3.00-3.50 F2-3=3.50-8.00 R8-12 1mtp W100,,,2026-02-25 08:36:27,2026-02-25 08:36:27,0001-01-01 00:00:00,
15:08 Maryborough (AUS) 25th Feb\R5 2190m Trot M\6. Love Who,6. Love Who,639075723892707826,BACK,Åí0.31,Åí0.00,3.85,MATCHED,Åí0.00,DJ01.03 Dutch Prog1-10 Back Fav1-3 F1=3.00-3.50 F2-3=3.50-8.00 R8-12 1mtp W100,,,2026-02-25 08:36:27,2026-02-25 08:36:27,0001-01-01 00:00:00,
15:08 Maryborough (AUS) 25th Feb\R5 2190m Trot M\7. Night Flight,7. Night Flight,639075723892707828,BACK,Åí0.29,Åí0.00,4.2,MATCHED,Åí0.00,DJ01.03 Dutch Prog1-10 Back Fav1-3 F1=3.00-3.50 F2-3=3.50-8.00 R8-12 1mtp W100,,,2026-02-25 08:36:27,2026-02-25 08:36:27,0001-01-01 00:00:00,
15:00 Addington (NZL) 25th Feb\R6 1980m Pace M\2. Playing With Stars,2. Playing With Stars,639075723892707829,BACK,Åí0.30,Åí0.00,5,MATCHED,Åí0.00,DJ01.03 Dutch Prog1-10 Back Fav1-3 F1=3.00-3.50 F2-3=3.50-8.00 R8-12 1mtp W100,,,2026-02-25 08:36:27,2026-02-25 08:36:27,0001-01-01 00:00:00,
15:00 Addington (NZL) 25th Feb\R6 1980m Pace M\11. Radioactive Jaffa,11. Radioactive Jaffa,639075723892707831,BACK,Åí0.32,Åí0.00,4.7,MATCHED,Åí0.00,DJ01.03 Dutch Prog1-10 Back Fav1-3 F1=3.00-3.50 F2-3=3.50-8.00 R8-12 1mtp W100,,,2026-02-25 08:36:27,2026-02-25 08:36:27,0001-01-01 00:00:00,
15:00 Addington (NZL) 25th Feb\R6 1980m Pace M\8. Gatecrasher,8. Gatecrasher,639075723892707830,BACK,Åí0.39,Åí0.00,3.85,MATCHED,Åí0.00,DJ01.03 Dutch Prog1-10 Back Fav1-3 F1=3.00-3.50 F2-3=3.50-8.00 R8-12 1mtp W100,,,2026-02-25 08:36:27,2026-02-25 08:36:27,0001-01-01 00:00:00,
15:29 Launceston (AUS) 25th Feb\R9 2400m Grp3\1. Major Beel,1. Major Beel,639075723892707832,BACK,Åí0.27,Åí0.00,6,MATCHED,Åí0.00,DJ01.02 Dutch Prog1-10% Back Fav1-3 F1=3.00-3.50 F2-3=3.50-8.00 R8-12 1mtp W100,,,2026-02-25 08:36:28,2026-02-25 08:36:28,0001-01-01 00:00:00,
15:29 Launceston (AUS) 25th Feb\R9 2400m Grp3\9. Ziryab,9. Ziryab,639075723892707834,BACK,Åí0.44,Åí0.00,3.6,MATCHED,Åí0.00,DJ01.02 Dutch Prog1-10% Back Fav1-3 F1=3.00-3.50 F2-3=3.50-8.00 R8-12 1mtp W100,,,2026-02-25 08:36:28,2026-02-25 08:36:28,0001-01-01 00:00:00,
15:29 Launceston (AUS) 25th Feb\R9 2400m Grp3\2. Taramansour,2. Taramansour,639075723892707833,BACK,Åí0.29,Åí0.00,5.5,MATCHED,Åí0.00,DJ01.02 Dutch Prog1-10% Back Fav1-3 F1=3.00-3.50 F2-3=3.50-8.00 R8-12 1mtp W100,,,2026-02-25 08:36:28,2026-02-25 08:36:28,0001-01-01 00:00:00,
15:25 Sandown (AUS) 25th Feb\R4 1400m Hcap\4. All Business,4. All Business,639075723892707838,BACK,Åí0.24,Åí0.00,6,MATCHED,Åí0.00,DJ01.02 Dutch Prog1-10% Back Fav1-3 F1=3.00-3.50 F2-3=3.50-8.00 R8-12 1mtp W100,,,2026-02-25 08:36:28,2026-02-25 08:36:28,0001-01-01 00:00:00,
15:35 Addington (NZL) 25th Feb\R7 2600m Pace S\10. Cheeky Red,10. Cheeky Red,639075723892707843,BACK,Åí0.29,Åí0.00,4.7,MATCHED,Åí0.00,DJ01.02 Dutch Prog1-10% Back Fav1-3 F1=3.00-3.50 F2-3=3.50-8.00 R8-12 1mtp W100,,,2026-02-25 08:36:28,2026-02-25 08:36:28,0001-01-01 00:00:00,
15:29 Launceston (AUS) 25th Feb\R9 2400m Grp3\1. Major Beel,1. Major Beel,639075723892707844,BACK,Åí0.27,Åí0.00,6,MATCHED,Åí0.00,DJ01.03 Dutch Prog1-10 Back Fav1-3 F1=3.00-3.50 F2-3=3.50-8.00 R8-12 1mtp W100,,,2026-02-25 08:36:28,2026-02-25 08:36:28,0001-01-01 00:00:00,
15:35 Addington (NZL) 25th Feb\R7 2600m Pace S\7. Country Gold,7. Country Gold,639075723892707842,BACK,Åí0.43,Åí0.00,3.15,MATCHED,Åí0.00,DJ01.02 Dutch Prog1-10% Back Fav1-3 F1=3.00-3.50 F2-3=3.50-8.00 R8-12 1mtp W100,,,2026-02-25 08:36:28,2026-02-25 08:36:28,0001-01-01 00:00:00,
15:36 Doomben (AUS) 25th Feb\R5 1110m Mdn\14. Reconciliate,14. Reconciliate,639075723892707848,BACK,Åí0.25,Åí0.00,5.2,MATCHED,Åí0.00,DJ01.03 Dutch Prog1-10 Back Fav1-3 F1=3.00-3.50 F2-3=3.50-8.00 R8-12 1mtp W100,,,2026-02-25 08:36:28,2026-02-25 08:36:28,0001-01-01 00:00:00,
15:25 Sandown (AUS) 25th Feb\R4 1400m Hcap\5. Terilee,5. Terilee,639075723892707839,BACK,Åí0.46,Åí0.00,3.1,MATCHED,Åí0.00,DJ01.02 Dutch Prog1-10% Back Fav1-3 F1=3.00-3.50 F2-3=3.50-8.00 R8-12 1mtp W100,,,2026-02-25 08:36:28,2026-02-25 08:36:28,0001-01-01 00:00:00,
15:29 Launceston (AUS) 25th Feb\R9 2400m Grp3\9. Ziryab,9. Ziryab,639075723892707846,BACK,Åí0.44,Åí0.00,3.6,MATCHED,Åí0.00,DJ01.03 Dutch Prog1-10 Back Fav1-3 F1=3.00-3.50 F2-3=3.50-8.00 R8-12 1mtp W100,,,2026-02-25 08:36:28,2026-02-25 08:36:28,0001-01-01 00:00:00,
15:36 Doomben (AUS) 25th Feb\R5 1110m Mdn\15. Snitzstream,15. Snitzstream,639075723892707837,BACK,Åí0.35,Åí0.00,3.7,MATCHED,Åí0.00,DJ01.02 Dutch Prog1-10% Back Fav1-3 F1=3.00-3.50 F2-3=3.50-8.00 R8-12 1mtp W100,,,2026-02-25 08:36:28,2026-02-25 08:36:28,0001-01-01 00:00:00,
15:36 Doomben (AUS) 25th Feb\R5 1110m Mdn\4. Veomas,4. Veomas,639075723892707835,BACK,Åí0.40,Åí0.00,3.2,MATCHED,Åí0.00,DJ01.02 Dutch Prog1-10% Back Fav1-3 F1=3.00-3.50 F2-3=3.50-8.00 R8-12 1mtp W100,,,2026-02-25 08:36:28,2026-02-25 08:36:28,0001-01-01 00:00:00,
15:35 Addington (NZL) 25th Feb\R7 2600m Pace S\1. Louie Vista,1. Louie Vista,639075723892707853,BACK,Åí0.29,Åí0.00,4.7,MATCHED,Åí0.00,DJ01.03 Dutch Prog1-10 Back Fav1-3 F1=3.00-3.50 F2-3=3.50-8.00 R8-12 1mtp W100,,,2026-02-25 08:36:28,2026-02-25 08:36:28,0001-01-01 00:00:00,
15:36 Doomben (AUS) 25th Feb\R5 1110m Mdn\4. Veomas,4. Veomas,639075723892707847,BACK,Åí0.40,Åí0.00,3.2,MATCHED,Åí0.00,DJ01.03 Dutch Prog1-10 Back Fav1-3 F1=3.00-3.50 F2-3=3.50-8.00 R8-12 1mtp W100,,,2026-02-25 08:36:28,2026-02-25 08:36:28,0001-01-01 00:00:00,
15:25 Sandown (AUS) 25th Feb\R4 1400m Hcap\7. Flowerdale,7. Flowerdale,639075723892707852,BACK,Åí0.30,Åí0.00,4.8,MATCHED,Åí0.00,DJ01.03 Dutch Prog1-10 Back Fav1-3 F1=3.00-3.50 F2-3=3.50-8.00 R8-12 1mtp W100,,,2026-02-25 08:36:28,2026-02-25 08:36:28,0001-01-01 00:00:00,
15:29 Launceston (AUS) 25th Feb\R9 2400m Grp3\2. Taramansour,2. Taramansour,639075723892707845,BACK,Åí0.29,Åí0.00,5.5,MATCHED,Åí0.00,DJ01.03 Dutch Prog1-10 Back Fav1-3 F1=3.00-3.50 F2-3=3.50-8.00 R8-12 1mtp W100,,,2026-02-25 08:36:28,2026-02-25 08:36:28,0001-01-01 00:00:00,
15:25 Sandown (AUS) 25th Feb\R4 1400m Hcap\5. Terilee,5. Terilee,639075723892707851,BACK,Åí0.46,Åí0.00,3.1,MATCHED,Åí0.00,DJ01.03 Dutch Prog1-10 Back Fav1-3 F1=3.00-3.50 F2-3=3.50-8.00 R8-12 1mtp W100,,,2026-02-25 08:36:28,2026-02-25 08:36:28,0001-01-01 00:00:00,
15:35 Addington (NZL) 25th Feb\R7 2600m Pace S\1. Louie Vista,1. Louie Vista,639075723892707841,BACK,Åí0.29,Åí0.00,4.7,MATCHED,Åí0.00,DJ01.02 Dutch Prog1-10% Back Fav1-3 F1=3.00-3.50 F2-3=3.50-8.00 R8-12 1mtp W100,,,2026-02-25 08:36:28,2026-02-25 08:36:28,0001-01-01 00:00:00,
15:36 Doomben (AUS) 25th Feb\R5 1110m Mdn\14. Reconciliate,14. Reconciliate,639075723892707836,BACK,Åí0.25,Åí0.00,5.2,MATCHED,Åí0.00,DJ01.02 Dutch Prog1-10% Back Fav1-3 F1=3.00-3.50 F2-3=3.50-8.00 R8-12 1mtp W100,,,2026-02-25 08:36:28,2026-02-25 08:36:28,0001-01-01 00:00:00,
15:25 Sandown (AUS) 25th Feb\R4 1400m Hcap\7. Flowerdale,7. Flowerdale,639075723892707840,BACK,Åí0.30,Åí0.00,4.8,MATCHED,Åí0.00,DJ01.02 Dutch Prog1-10% Back Fav1-3 F1=3.00-3.50 F2-3=3.50-8.00 R8-12 1mtp W100,,,2026-02-25 08:36:28,2026-02-25 08:36:28,0001-01-01 00:00:00,
15:25 Sandown (AUS) 25th Feb\R4 1400m Hcap\4. All Business,4. All Business,639075723892707850,BACK,Åí0.24,Åí0.00,6,MATCHED,Åí0.00,DJ01.03 Dutch Prog1-10 Back Fav1-3 F1=3.00-3.50 F2-3=3.50-8.00 R8-12 1mtp W100,,,2026-02-25 08:36:28,2026-02-25 08:36:28,0001-01-01 00:00:00,
15:36 Doomben (AUS) 25th Feb\R5 1110m Mdn\15. Snitzstream,15. Snitzstream,639075723892707849,BACK,Åí0.35,Åí0.00,3.7,MATCHED,Åí0.00,DJ01.03 Dutch Prog1-10 Back Fav1-3 F1=3.00-3.50 F2-3=3.50-8.00 R8-12 1mtp W100,,,2026-02-25 08:36:28,2026-02-25 08:36:28,0001-01-01 00:00:00,
15:35 Addington (NZL) 25th Feb\R7 2600m Pace S\10. Cheeky Red,10. Cheeky Red,639075723892707855,BACK,Åí0.29,Åí0.00,4.7,MATCHED,Åí0.00,DJ01.03 Dutch Prog1-10 Back Fav1-3 F1=3.00-3.50 F2-3=3.50-8.00 R8-12 1mtp W100,,,2026-02-25 08:36:28,2026-02-25 08:36:28,0001-01-01 00:00:00,
15:35 Addington (NZL) 25th Feb\R7 2600m Pace S\7. Country Gold,7. Country Gold,639075723892707854,BACK,Åí0.43,Åí0.00,3.15,MATCHED,Åí0.00,DJ01.03 Dutch Prog1-10 Back Fav1-3 F1=3.00-3.50 F2-3=3.50-8.00 R8-12 1mtp W100,,,2026-02-25 08:36:28,2026-02-25 08:36:28,0001-01-01 00:00:00,
15:50 Rosehill (AUS) 25th Feb\R7 1400m Hcap\2. Fiddlers Green,2. Fiddlers Green,639075723892707856,BACK,Åí0.23,Åí0.00,4.9,MATCHED,Åí0.00,DJ01.02 Dutch Prog1-10% Back Fav1-3 F1=3.00-3.50 F2-3=3.50-8.00 R8-12 1mtp W100,,,2026-02-25 08:36:29,2026-02-25 08:36:29,0001-01-01 00:00:00,
15:54 Belmont (AUS) 25th Feb\R3 1000m Mdn\5. Roaming America,5. Roaming America,639075723892707863,BACK,Åí0.30,Åí0.00,5.2,MATCHED,Åí0.00,DJ01.02 Dutch Prog1-10% Back Fav1-3 F1=3.00-3.50 F2-3=3.50-8.00 R8-12 1mtp W100,,,2026-02-25 08:36:29,2026-02-25 08:36:29,0001-01-01 00:00:00,
15:40 Port Lincoln (AUS) 25th Feb\R8 1000m Hcap\1. Setteveli,1. Setteveli,639075723892707859,BACK,Åí0.32,Åí0.00,4.7,MATCHED,Åí0.00,DJ01.02 Dutch Prog1-10% Back Fav1-3 F1=3.00-3.50 F2-3=3.50-8.00 R8-12 1mtp W100,,,2026-02-25 08:36:29,2026-02-25 08:36:29,0001-01-01 00:00:00,
15:54 Belmont (AUS) 25th Feb\R3 1000m Mdn\1. Im A Soulman,1. Im A Soulman,639075723892707862,BACK,Åí0.31,Åí0.00,5,MATCHED,Åí0.00,DJ01.02 Dutch Prog1-10% Back Fav1-3 F1=3.00-3.50 F2-3=3.50-8.00 R8-12 1mtp W100,,,2026-02-25 08:36:29,2026-02-25 08:36:29,0001-01-01 00:00:00,
16:00 Sandown (AUS) 25th Feb\R5 2400m Hcap\3. Bluestone,3. Bluestone,639075723892707865,BACK,Åí0.51,Åí0.00,2.78,MATCHED,Åí0.00,DJ01.02 Dutch Prog1-10% Back Fav1-3 F1=3.00-3.50 F2-3=3.50-8.00 R8-12 1mtp W100,,,2026-02-25 08:36:29,2026-02-25 08:36:29,0001-01-01 00:00:00,
15:54 Belmont (AUS) 25th Feb\R3 1000m Mdn\6. Nistirith,6. Nistirith,639075723892707864,BACK,Åí0.40,Åí0.00,3.9,MATCHED,Åí0.00,DJ01.02 Dutch Prog1-10% Back Fav1-3 F1=3.00-3.50 F2-3=3.50-8.00 R8-12 1mtp W100,,,2026-02-25 08:36:29,2026-02-25 08:36:29,0001-01-01 00:00:00,
15:50 Rosehill (AUS) 25th Feb\R7 1400m Hcap\5. Pictor,5. Pictor,639075723892707858,BACK,Åí0.45,Åí0.00,2.5,MATCHED,Åí0.00,DJ01.02 Dutch Prog1-10% Back Fav1-3 F1=3.00-3.50 F2-3=3.50-8.00 R8-12 1mtp W100,,,2026-02-25 08:36:29,2026-02-25 08:36:29,0001-01-01 00:00:00,
16:00 Sandown (AUS) 25th Feb\R5 2400m Hcap\1. Urban Outlook,1. Urban Outlook,639075723892707867,BACK,Åí0.21,Åí0.00,6.8,MATCHED,Åí0.00,DJ01.02 Dutch Prog1-10% Back Fav1-3 F1=3.00-3.50 F2-3=3.50-8.00 R8-12 1mtp W100,,,2026-02-25 08:36:29,2026-02-25 08:36:29,0001-01-01 00:00:00,
16:00 Sandown (AUS) 25th Feb\R5 2400m Hcap\5. Trapalanda,5. Trapalanda,639075723892707866,BACK,Åí0.28,Åí0.00,5,MATCHED,Åí0.00,DJ01.02 Dutch Prog1-10% Back Fav1-3 F1=3.00-3.50 F2-3=3.50-8.00 R8-12 1mtp W100,,,2026-02-25 08:36:29,2026-02-25 08:36:29,0001-01-01 00:00:00,
15:50 Rosehill (AUS) 25th Feb\R7 1400m Hcap\2. Fiddlers Green,2. Fiddlers Green,639075723892707868,BACK,Åí0.23,Åí0.00,4.9,MATCHED,Åí0.00,DJ01.03 Dutch Prog1-10 Back Fav1-3 F1=3.00-3.50 F2-3=3.50-8.00 R8-12 1mtp W100,,,2026-02-25 08:36:29,2026-02-25 08:36:29,0001-01-01 00:00:00,
15:50 Rosehill (AUS) 25th Feb\R7 1400m Hcap\4. Mamushka,4. Mamushka,639075723892707869,BACK,Åí0.32,Åí0.00,3.5,MATCHED,Åí0.00,DJ01.03 Dutch Prog1-10 Back Fav1-3 F1=3.00-3.50 F2-3=3.50-8.00 R8-12 1mtp W100,,,2026-02-25 08:36:29,2026-02-25 08:36:29,0001-01-01 00:00:00,
15:50 Rosehill (AUS) 25th Feb\R7 1400m Hcap\5. Pictor,5. Pictor,639075723892707870,BACK,Åí0.45,Åí0.00,2.5,MATCHED,Åí0.00,DJ01.03 Dutch Prog1-10 Back Fav1-3 F1=3.00-3.50 F2-3=3.50-8.00 R8-12 1mtp W100,,,2026-02-25 08:36:29,2026-02-25 08:36:29,0001-01-01 00:00:00,
15:40 Port Lincoln (AUS) 25th Feb\R8 1000m Hcap\1. Setteveli,1. Setteveli,639075723892707871,BACK,Åí0.32,Åí0.00,4.7,MATCHED,Åí0.00,DJ01.03 Dutch Prog1-10 Back Fav1-3 F1=3.00-3.50 F2-3=3.50-8.00 R8-12 1mtp W100,,,2026-02-25 08:36:29,2026-02-25 08:36:29,0001-01-01 00:00:00,
15:40 Port Lincoln (AUS) 25th Feb\R8 1000m Hcap\5. Strawberry Swing,5. Strawberry Swing,639075723892707872,BACK,Åí0.46,Åí0.00,3.3,MATCHED,Åí0.00,DJ01.03 Dutch Prog1-10 Back Fav1-3 F1=3.00-3.50 F2-3=3.50-8.00 R8-12 1mtp W100,,,2026-02-25 08:36:29,2026-02-25 08:36:29,0001-01-01 00:00:00,
15:54 Belmont (AUS) 25th Feb\R3 1000m Mdn\1. Im A Soulman,1. Im A Soulman,639075723892707874,BACK,Åí0.31,Åí0.00,5,MATCHED,Åí0.00,DJ01.03 Dutch Prog1-10 Back Fav1-3 F1=3.00-3.50 F2-3=3.50-8.00 R8-12 1mtp W100,,,2026-02-25 08:36:29,2026-02-25 08:36:29,0001-01-01 00:00:00,
15:40 Port Lincoln (AUS) 25th Feb\R8 1000m Hcap\5. Strawberry Swing,5. Strawberry Swing,639075723892707860,BACK,Åí0.46,Åí0.00,3.3,MATCHED,Åí0.00,DJ01.02 Dutch Prog1-10% Back Fav1-3 F1=3.00-3.50 F2-3=3.50-8.00 R8-12 1mtp W100,,,2026-02-25 08:36:29,2026-02-25 08:36:29,0001-01-01 00:00:00,
15:54 Belmont (AUS) 25th Feb\R3 1000m Mdn\5. Roaming America,5. Roaming America,639075723892707875,BACK,Åí0.30,Åí0.00,5.2,MATCHED,Åí0.00,DJ01.03 Dutch Prog1-10 Back Fav1-3 F1=3.00-3.50 F2-3=3.50-8.00 R8-12 1mtp W100,,,2026-02-25 08:36:29,2026-02-25 08:36:29,0001-01-01 00:00:00,
15:40 Port Lincoln (AUS) 25th Feb\R8 1000m Hcap\6. Spiritual Gal,6. Spiritual Gal,639075723892707861,BACK,Åí0.22,Åí0.00,7,MATCHED,Åí0.00,DJ01.02 Dutch Prog1-10% Back Fav1-3 F1=3.00-3.50 F2-3=3.50-8.00 R8-12 1mtp W100,,,2026-02-25 08:36:29,2026-02-25 08:36:29,0001-01-01 00:00:00,
15:54 Belmont (AUS) 25th Feb\R3 1000m Mdn\6. Nistirith,6. Nistirith,639075723892707876,BACK,Åí0.40,Åí0.00,3.9,MATCHED,Åí0.00,DJ01.03 Dutch Prog1-10 Back Fav1-3 F1=3.00-3.50 F2-3=3.50-8.00 R8-12 1mtp W100,,,2026-02-25 08:36:29,2026-02-25 08:36:29,0001-01-01 00:00:00,
15:40 Port Lincoln (AUS) 25th Feb\R8 1000m Hcap\6. Spiritual Gal,6. Spiritual Gal,639075723892707873,BACK,Åí0.22,Åí0.00,7,MATCHED,Åí0.00,DJ01.03 Dutch Prog1-10 Back Fav1-3 F1=3.00-3.50 F2-3=3.50-8.00 R8-12 1mtp W100,,,2026-02-25 08:36:29,2026-02-25 08:36:29,0001-01-01 00:00:00,
16:00 Sandown (AUS) 25th Feb\R5 2400m Hcap\1. Urban Outlook,1. Urban Outlook,639075723892707877,BACK,Åí0.21,Åí0.00,6.8,MATCHED,Åí0.00,DJ01.03 Dutch Prog1-10 Back Fav1-3 F1=3.00-3.50 F2-3=3.50-8.00 R8-12 1mtp W100,,,2026-02-25 08:36:29,2026-02-25 08:36:29,0001-01-01 00:00:00,
15:50 Rosehill (AUS) 25th Feb\R7 1400m Hcap\4. Mamushka,4. Mamushka,639075723892707857,BACK,Åí0.32,Åí0.00,3.5,MATCHED,Åí0.00,DJ01.02 Dutch Prog1-10% Back Fav1-3 F1=3.00-3.50 F2-3=3.50-8.00 R8-12 1mtp W100,,,2026-02-25 08:36:29,2026-02-25 08:36:29,0001-01-01 00:00:00,
16:00 Sandown (AUS) 25th Feb\R5 2400m Hcap\3. Bluestone,3. Bluestone,639075723892707878,BACK,Åí0.51,Åí0.00,2.78,MATCHED,Åí0.00,DJ01.03 Dutch Prog1-10 Back Fav1-3 F1=3.00-3.50 F2-3=3.50-8.00 R8-12 1mtp W100,,,2026-02-25 08:36:29,2026-02-25 08:36:29,0001-01-01 00:00:00,
16:00 Sandown (AUS) 25th Feb\R5 2400m Hcap\5. Trapalanda,5. Trapalanda,639075723892707879,BACK,Åí0.28,Åí0.00,5,MATCHED,Åí0.00,DJ01.03 Dutch Prog1-10 Back Fav1-3 F1=3.00-3.50 F2-3=3.50-8.00 R8-12 1mtp W100,,,2026-02-25 08:36:29,2026-02-25 08:36:29,0001-01-01 00:00:00,
16:05 Launceston (AUS) 25th Feb\R10 1200m Hcap\2. Make A Decision,2. Make A Decision,639075723892707880,BACK,Åí0.24,Åí0.00,6.8,MATCHED,Åí0.00,DJ01.02 Dutch Prog1-10% Back Fav1-3 F1=3.00-3.50 F2-3=3.50-8.00 R8-12 1mtp W100,,,2026-02-25 08:36:30,2026-02-25 08:36:30,0001-01-01 00:00:00,
16:30 Sandown (AUS) 25th Feb\R6 1300m Hcap\8. Trapdoor,8. Trapdoor,639075723892707884,BACK,Åí0.39,Åí0.00,3.1,MATCHED,Åí0.00,DJ01.02 Dutch Prog1-10% Back Fav1-3 F1=3.00-3.50 F2-3=3.50-8.00 R8-12 1mtp W100,,,2026-02-25 08:36:30,2026-02-25 08:36:30,0001-01-01 00:00:00,
16:05 Launceston (AUS) 25th Feb\R10 1200m Hcap\5. Azonto,5. Azonto,639075723892707881,BACK,Åí0.52,Åí0.00,3.15,MATCHED,Åí0.00,DJ01.02 Dutch Prog1-10% Back Fav1-3 F1=3.00-3.50 F2-3=3.50-8.00 R8-12 1mtp W100,,,2026-02-25 08:36:30,2026-02-25 08:36:30,0001-01-01 00:00:00,
16:30 Sandown (AUS) 25th Feb\R6 1300m Hcap\7. Enamorada,7. Enamorada,639075723892707883,BACK,Åí0.41,Åí0.00,2.9,MATCHED,Åí0.00,DJ01.02 Dutch Prog1-10% Back Fav1-3 F1=3.00-3.50 F2-3=3.50-8.00 R8-12 1mtp W100,,,2026-02-25 08:36:30,2026-02-25 08:36:30,0001-01-01 00:00:00,
16:07 Addington (NZL) 25th Feb\R8 1980m Pace M\4. Didjaseemiki,4. Didjaseemiki,639075723892707886,BACK,Åí0.31,Åí0.00,3.65,MATCHED,Åí0.00,DJ01.02 Dutch Prog1-10% Back Fav1-3 F1=3.00-3.50 F2-3=3.50-8.00 R8-12 1mtp W100,,,2026-02-25 08:36:30,2026-02-25 08:36:30,0001-01-01 00:00:00,
16:05 Launceston (AUS) 25th Feb\R10 1200m Hcap\11. Wednesdays Boss,11. Wednesdays Boss,639075723892707882,BACK,Åí0.24,Åí0.00,6.8,MATCHED,Åí0.00,DJ01.02 Dutch Prog1-10% Back Fav1-3 F1=3.00-3.50 F2-3=3.50-8.00 R8-12 1mtp W100,,,2026-02-25 08:36:30,2026-02-25 08:36:30,0001-01-01 00:00:00,
16:05 Launceston (AUS) 25th Feb\R10 1200m Hcap\11. Wednesdays Boss,11. Wednesdays Boss,639075723892707891,BACK,Åí0.24,Åí0.00,6.8,MATCHED,Åí0.00,DJ01.03 Dutch Prog1-10 Back Fav1-3 F1=3.00-3.50 F2-3=3.50-8.00 R8-12 1mtp W100,,,2026-02-25 08:36:30,2026-02-25 08:36:30,0001-01-01 00:00:00,
16:30 Sandown (AUS) 25th Feb\R6 1300m Hcap\7. Enamorada,7. Enamorada,639075723892707893,BACK,Åí0.41,Åí0.00,2.9,MATCHED,Åí0.00,DJ01.03 Dutch Prog1-10 Back Fav1-3 F1=3.00-3.50 F2-3=3.50-8.00 R8-12 1mtp W100,,,2026-02-25 08:36:30,2026-02-25 08:36:30,0001-01-01 00:00:00,
16:07 Addington (NZL) 25th Feb\R8 1980m Pace M\8. Don Juan,8. Don Juan,639075723892707888,BACK,Åí0.31,Åí0.00,3.6,MATCHED,Åí0.00,DJ01.02 Dutch Prog1-10% Back Fav1-3 F1=3.00-3.50 F2-3=3.50-8.00 R8-12 1mtp W100,,,2026-02-25 08:36:30,2026-02-25 08:36:30,0001-01-01 00:00:00,
16:05 Launceston (AUS) 25th Feb\R10 1200m Hcap\2. Make A Decision,2. Make A Decision,639075723892707889,BACK,Åí0.24,Åí0.00,6.8,MATCHED,Åí0.00,DJ01.03 Dutch Prog1-10 Back Fav1-3 F1=3.00-3.50 F2-3=3.50-8.00 R8-12 1mtp W100,,,2026-02-25 08:36:30,2026-02-25 08:36:30,0001-01-01 00:00:00,
16:07 Addington (NZL) 25th Feb\R8 1980m Pace M\6. Courage Reactor,6. Courage Reactor,639075723892707887,BACK,Åí0.38,Åí0.00,2.9,MATCHED,Åí0.00,DJ01.02 Dutch Prog1-10% Back Fav1-3 F1=3.00-3.50 F2-3=3.50-8.00 R8-12 1mtp W100,,,2026-02-25 08:36:30,2026-02-25 08:36:30,0001-01-01 00:00:00,
16:05 Launceston (AUS) 25th Feb\R10 1200m Hcap\5. Azonto,5. Azonto,639075723892707890,BACK,Åí0.52,Åí0.00,3.15,MATCHED,Åí0.00,DJ01.03 Dutch Prog1-10 Back Fav1-3 F1=3.00-3.50 F2-3=3.50-8.00 R8-12 1mtp W100,,,2026-02-25 08:36:30,2026-02-25 08:36:30,0001-01-01 00:00:00,
16:30 Sandown (AUS) 25th Feb\R6 1300m Hcap\10. Savitri,10. Savitri,639075723892707885,BACK,Åí0.20,Åí0.00,6,MATCHED,Åí0.00,DJ01.02 Dutch Prog1-10% Back Fav1-3 F1=3.00-3.50 F2-3=3.50-8.00 R8-12 1mtp W100,,,2026-02-25 08:36:30,2026-02-25 08:36:30,0001-01-01 00:00:00,
16:30 Sandown (AUS) 25th Feb\R6 1300m Hcap\8. Trapdoor,8. Trapdoor,639075723892707892,BACK,Åí0.39,Åí0.00,3.1,MATCHED,Åí0.00,DJ01.03 Dutch Prog1-10 Back Fav1-3 F1=3.00-3.50 F2-3=3.50-8.00 R8-12 1mtp W100,,,2026-02-25 08:36:30,2026-02-25 08:36:30,0001-01-01 00:00:00,
16:07 Addington (NZL) 25th Feb\R8 1980m Pace M\4. Didjaseemiki,4. Didjaseemiki,639075723892707895,BACK,Åí0.31,Åí0.00,3.65,MATCHED,Åí0.00,DJ01.03 Dutch Prog1-10 Back Fav1-3 F1=3.00-3.50 F2-3=3.50-8.00 R8-12 1mtp W100,,,2026-02-25 08:36:30,2026-02-25 08:36:30,0001-01-01 00:00:00,
16:30 Sandown (AUS) 25th Feb\R6 1300m Hcap\10. Savitri,10. Savitri,639075723892707894,BACK,Åí0.20,Åí0.00,6,MATCHED,Åí0.00,DJ01.03 Dutch Prog1-10 Back Fav1-3 F1=3.00-3.50 F2-3=3.50-8.00 R8-12 1mtp W100,,,2026-02-25 08:36:30,2026-02-25 08:36:30,0001-01-01 00:00:00,
16:07 Addington (NZL) 25th Feb\R8 1980m Pace M\8. Don Juan,8. Don Juan,639075723892707897,BACK,Åí0.31,Åí0.00,3.6,MATCHED,Åí0.00,DJ01.03 Dutch Prog1-10 Back Fav1-3 F1=3.00-3.50 F2-3=3.50-8.00 R8-12 1mtp W100,,,2026-02-25 08:36:30,2026-02-25 08:36:30,0001-01-01 00:00:00,
16:07 Addington (NZL) 25th Feb\R8 1980m Pace M\6. Courage Reactor,6. Courage Reactor,639075723892707896,BACK,Åí0.38,Åí0.00,2.9,MATCHED,Åí0.00,DJ01.03 Dutch Prog1-10 Back Fav1-3 F1=3.00-3.50 F2-3=3.50-8.00 R8-12 1mtp W100,,,2026-02-25 08:36:30,2026-02-25 08:36:30,0001-01-01 00:00:00,
16:34 Belmont (AUS) 25th Feb\R4 2100m Hcap\3. Buster Biff,3. Buster Biff,639075723892707901,BACK,Åí0.32,Åí0.00,4,MATCHED,Åí0.00,DJ01.02 Dutch Prog1-10% Back Fav1-3 F1=3.00-3.50 F2-3=3.50-8.00 R8-12 1mtp W100,,,2026-02-25 08:36:31,2026-02-25 08:36:31,0001-01-01 00:00:00,
16:45 Doomben (AUS) 25th Feb\R7 1200m Hcap\9. Shadwell Lane,9. Shadwell Lane,639075723892707899,BACK,Åí0.30,Åí0.00,4.1,MATCHED,Åí0.00,DJ01.02 Dutch Prog1-10% Back Fav1-3 F1=3.00-3.50 F2-3=3.50-8.00 R8-12 1mtp W100,,,2026-02-25 08:36:31,2026-02-25 08:36:31,0001-01-01 00:00:00,
16:34 Belmont (AUS) 25th Feb\R4 2100m Hcap\4. Savorski,4. Savorski,639075723892707902,BACK,Åí0.36,Åí0.00,3.5,MATCHED,Åí0.00,DJ01.02 Dutch Prog1-10% Back Fav1-3 F1=3.00-3.50 F2-3=3.50-8.00 R8-12 1mtp W100,,,2026-02-25 08:36:31,2026-02-25 08:36:31,0001-01-01 00:00:00,
16:48 Maryborough (AUS) 25th Feb\R8 1690m Trot M\5. Dels Destiny,5. Dels Destiny,639075723892707905,BACK,Åí0.31,Åí0.00,3.85,MATCHED,Åí0.00,DJ01.02 Dutch Prog1-10% Back Fav1-3 F1=3.00-3.50 F2-3=3.50-8.00 R8-12 1mtp W100,,,2026-02-25 08:36:31,2026-02-25 08:36:31,0001-01-01 00:00:00,
16:37 Bathurst (AUS) 25th Feb\R1 2260m Pace M\1. Studleigh Melise,1. Studleigh Melise,639075723892707907,BACK,Åí0.37,Åí0.00,3.15,MATCHED,Åí0.00,DJ01.02 Dutch Prog1-10% Back Fav1-3 F1=3.00-3.50 F2-3=3.50-8.00 R8-12 1mtp W100,,,2026-02-25 08:36:31,2026-02-25 08:36:31,0001-01-01 00:00:00,
16:48 Maryborough (AUS) 25th Feb\R8 1690m Trot M\8. Off Your Faceski,8. Off Your Faceski,639075723892707906,BACK,Åí0.35,Åí0.00,3.45,MATCHED,Åí0.00,DJ01.02 Dutch Prog1-10% Back Fav1-3 F1=3.00-3.50 F2-3=3.50-8.00 R8-12 1mtp W100,,,2026-02-25 08:36:31,2026-02-25 08:36:31,0001-01-01 00:00:00,
16:37 Bathurst (AUS) 25th Feb\R1 2260m Pace M\3. Whyiman,3. Whyiman,639075723892707908,BACK,Åí0.31,Åí0.00,3.75,MATCHED,Åí0.00,DJ01.02 Dutch Prog1-10% Back Fav1-3 F1=3.00-3.50 F2-3=3.50-8.00 R8-12 1mtp W100,,,2026-02-25 08:36:31,2026-02-25 08:36:31,0001-01-01 00:00:00,
16:45 Doomben (AUS) 25th Feb\R7 1200m Hcap\5. Cryptic Beauty,5. Cryptic Beauty,639075723892707900,BACK,Åí0.33,Åí0.00,3.7,MATCHED,Åí0.00,DJ01.02 Dutch Prog1-10% Back Fav1-3 F1=3.00-3.50 F2-3=3.50-8.00 R8-12 1mtp W100,,,2026-02-25 08:36:31,2026-02-25 08:36:31,0001-01-01 00:00:00,
16:45 Doomben (AUS) 25th Feb\R7 1200m Hcap\3. Point Vega,3. Point Vega,639075723892707898,BACK,Åí0.37,Åí0.00,3.25,MATCHED,Åí0.00,DJ01.02 Dutch Prog1-10% Back Fav1-3 F1=3.00-3.50 F2-3=3.50-8.00 R8-12 1mtp W100,,,2026-02-25 08:36:31,2026-02-25 08:36:31,0001-01-01 00:00:00,
16:45 Doomben (AUS) 25th Feb\R7 1200m Hcap\3. Point Vega,3. Point Vega,639075723892707910,BACK,Åí0.37,Åí0.00,3.25,MATCHED,Åí0.00,DJ01.03 Dutch Prog1-10 Back Fav1-3 F1=3.00-3.50 F2-3=3.50-8.00 R8-12 1mtp W100,,,2026-02-25 08:36:31,2026-02-25 08:36:31,0001-01-01 00:00:00,
16:37 Bathurst (AUS) 25th Feb\R1 2260m Pace M\4. Flash Azarat,4. Flash Azarat,639075723892707909,BACK,Åí0.31,Åí0.00,3.75,MATCHED,Åí0.00,DJ01.02 Dutch Prog1-10% Back Fav1-3 F1=3.00-3.50 F2-3=3.50-8.00 R8-12 1mtp W100,,,2026-02-25 08:36:31,2026-02-25 08:36:31,0001-01-01 00:00:00,
16:48 Maryborough (AUS) 25th Feb\R8 1690m Trot M\3. Courages Law,3. Courages Law,639075723892707904,BACK,Åí0.35,Åí0.00,3.45,MATCHED,Åí0.00,DJ01.02 Dutch Prog1-10% Back Fav1-3 F1=3.00-3.50 F2-3=3.50-8.00 R8-12 1mtp W100,,,2026-02-25 08:36:31,2026-02-25 08:36:31,0001-01-01 00:00:00,
16:45 Doomben (AUS) 25th Feb\R7 1200m Hcap\5. Cryptic Beauty,5. Cryptic Beauty,639075723892707911,BACK,Åí0.33,Åí0.00,3.7,MATCHED,Åí0.00,DJ01.03 Dutch Prog1-10 Back Fav1-3 F1=3.00-3.50 F2-3=3.50-8.00 R8-12 1mtp W100,,,2026-02-25 08:36:31,2026-02-25 08:36:31,0001-01-01 00:00:00,
16:34 Belmont (AUS) 25th Feb\R4 2100m Hcap\7. Eternal Romance,7. Eternal Romance,639075723892707903,BACK,Åí0.32,Åí0.00,3.9,MATCHED,Åí0.00,DJ01.02 Dutch Prog1-10% Back Fav1-3 F1=3.00-3.50 F2-3=3.50-8.00 R8-12 1mtp W100,,,2026-02-25 08:36:31,2026-02-25 08:36:31,0001-01-01 00:00:00,
16:34 Belmont (AUS) 25th Feb\R4 2100m Hcap\3. Buster Biff,3. Buster Biff,639075723892707912,BACK,Åí0.32,Åí0.00,4,MATCHED,Åí0.00,DJ01.03 Dutch Prog1-10 Back Fav1-3 F1=3.00-3.50 F2-3=3.50-8.00 R8-12 1mtp W100,,,2026-02-25 08:36:31,2026-02-25 08:36:31,0001-01-01 00:00:00,
16:48 Maryborough (AUS) 25th Feb\R8 1690m Trot M\8. Off Your Faceski,8. Off Your Faceski,639075723892707915,BACK,Åí0.35,Åí0.00,3.45,MATCHED,Åí0.00,DJ01.03 Dutch Prog1-10 Back Fav1-3 F1=3.00-3.50 F2-3=3.50-8.00 R8-12 1mtp W100,,,2026-02-25 08:36:31,2026-02-25 08:36:31,0001-01-01 00:00:00,
16:48 Maryborough (AUS) 25th Feb\R8 1690m Trot M\3. Courages Law,3. Courages Law,639075723892707916,BACK,Åí0.35,Åí0.00,3.45,MATCHED,Åí0.00,DJ01.03 Dutch Prog1-10 Back Fav1-3 F1=3.00-3.50 F2-3=3.50-8.00 R8-12 1mtp W100,,,2026-02-25 08:36:31,2026-02-25 08:36:31,0001-01-01 00:00:00,
16:48 Maryborough (AUS) 25th Feb\R8 1690m Trot M\5. Dels Destiny,5. Dels Destiny,639075723892707914,BACK,Åí0.31,Åí0.00,3.85,MATCHED,Åí0.00,DJ01.03 Dutch Prog1-10 Back Fav1-3 F1=3.00-3.50 F2-3=3.50-8.00 R8-12 1mtp W100,,,2026-02-25 08:36:31,2026-02-25 08:36:31,0001-01-01 00:00:00,
16:34 Belmont (AUS) 25th Feb\R4 2100m Hcap\4. Savorski,4. Savorski,639075723892707913,BACK,Åí0.36,Åí0.00,3.5,MATCHED,Åí0.00,DJ01.03 Dutch Prog1-10 Back Fav1-3 F1=3.00-3.50 F2-3=3.50-8.00 R8-12 1mtp W100,,,2026-02-25 08:36:31,2026-02-25 08:36:31,0001-01-01 00:00:00,
16:45 Doomben (AUS) 25th Feb\R7 1200m Hcap\9. Shadwell Lane,9. Shadwell Lane,639075723892707918,BACK,Åí0.30,Åí0.00,4.1,MATCHED,Åí0.00,DJ01.03 Dutch Prog1-10 Back Fav1-3 F1=3.00-3.50 F2-3=3.50-8.00 R8-12 1mtp W100,,,2026-02-25 08:36:31,2026-02-25 08:36:31,0001-01-01 00:00:00,
16:37 Bathurst (AUS) 25th Feb\R1 2260m Pace M\1. Studleigh Melise,1. Studleigh Melise,639075723892707920,BACK,Åí0.37,Åí0.00,3.15,MATCHED,Åí0.00,DJ01.03 Dutch Prog1-10 Back Fav1-3 F1=3.00-3.50 F2-3=3.50-8.00 R8-12 1mtp W100,,,2026-02-25 08:36:31,2026-02-25 08:36:31,0001-01-01 00:00:00,
16:34 Belmont (AUS) 25th Feb\R4 2100m Hcap\7. Eternal Romance,7. Eternal Romance,639075723892707919,BACK,Åí0.32,Åí0.00,3.9,MATCHED,Åí0.00,DJ01.03 Dutch Prog1-10 Back Fav1-3 F1=3.00-3.50 F2-3=3.50-8.00 R8-12 1mtp W100,,,2026-02-25 08:36:31,2026-02-25 08:36:31,0001-01-01 00:00:00,
16:37 Bathurst (AUS) 25th Feb\R1 2260m Pace M\3. Whyiman,3. Whyiman,639075723892707921,BACK,Åí0.31,Åí0.00,3.75,MATCHED,Åí0.00,DJ01.03 Dutch Prog1-10 Back Fav1-3 F1=3.00-3.50 F2-3=3.50-8.00 R8-12 1mtp W100,,,2026-02-25 08:36:31,2026-02-25 08:36:31,0001-01-01 00:00:00,
16:37 Bathurst (AUS) 25th Feb\R1 2260m Pace M\4. Flash Azarat,4. Flash Azarat,639075723892707917,BACK,Åí0.31,Åí0.00,3.75,MATCHED,Åí0.00,DJ01.03 Dutch Prog1-10 Back Fav1-3 F1=3.00-3.50 F2-3=3.50-8.00 R8-12 1mtp W100,,,2026-02-25 08:36:31,2026-02-25 08:36:31,0001-01-01 00:00:00,
17:30 Sandown (AUS) 25th Feb\R8 1800m Hcap\12. So Suave,12. So Suave,639075723892707927,BACK,Åí0.25,Åí0.00,5.5,MATCHED,Åí0.00,DJ01.02 Dutch Prog1-10% Back Fav1-3 F1=3.00-3.50 F2-3=3.50-8.00 R8-12 1mtp W100,,,2026-02-25 08:36:32,2026-02-25 08:36:32,0001-01-01 00:00:00,
17:10 Belmont (AUS) 25th Feb\R5 2100m Hcap\1. Cheyne Bay,1. Cheyne Bay,639075723892707922,BACK,Åí0.47,Åí0.00,3.4,MATCHED,Åí0.00,DJ01.02 Dutch Prog1-10% Back Fav1-3 F1=3.00-3.50 F2-3=3.50-8.00 R8-12 1mtp W100,,,2026-02-25 08:36:32,2026-02-25 08:36:32,0001-01-01 00:00:00,
17:30 Sandown (AUS) 25th Feb\R8 1800m Hcap\3. Savisanta,3. Savisanta,639075723892707926,BACK,Åí0.30,Åí0.00,4.6,MATCHED,Åí0.00,DJ01.02 Dutch Prog1-10% Back Fav1-3 F1=3.00-3.50 F2-3=3.50-8.00 R8-12 1mtp W100,,,2026-02-25 08:36:32,2026-02-25 08:36:32,0001-01-01 00:00:00,
17:10 Belmont (AUS) 25th Feb\R5 2100m Hcap\11. Poppys Roses,11. Poppys Roses,639075723892707924,BACK,Åí0.31,Åí0.00,5.2,MATCHED,Åí0.00,DJ01.02 Dutch Prog1-10% Back Fav1-3 F1=3.00-3.50 F2-3=3.50-8.00 R8-12 1mtp W100,,,2026-02-25 08:36:32,2026-02-25 08:36:32,0001-01-01 00:00:00,
17:03 Bathurst (AUS) 25th Feb\R2 1730m Pace M\1. She Maybe Bettor,1. She Maybe Bettor,639075723892707928,BACK,Åí0.33,Åí0.00,3.75,MATCHED,Åí0.00,DJ01.02 Dutch Prog1-10% Back Fav1-3 F1=3.00-3.50 F2-3=3.50-8.00 R8-12 1mtp W100,,,2026-02-25 08:36:32,2026-02-25 08:36:32,0001-01-01 00:00:00,
17:10 Belmont (AUS) 25th Feb\R5 2100m Hcap\3. Safari Boy,3. Safari Boy,639075723892707932,BACK,Åí0.23,Åí0.00,7,MATCHED,Åí0.00,DJ01.03 Dutch Prog1-10 Back Fav1-3 F1=3.00-3.50 F2-3=3.50-8.00 R8-12 1mtp W100,,,2026-02-25 08:36:32,2026-02-25 08:36:32,0001-01-01 00:00:00,
17:03 Bathurst (AUS) 25th Feb\R2 1730m Pace M\9. Always Lightning,9. Always Lightning,639075723892707930,BACK,Åí0.33,Åí0.00,3.75,MATCHED,Åí0.00,DJ01.02 Dutch Prog1-10% Back Fav1-3 F1=3.00-3.50 F2-3=3.50-8.00 R8-12 1mtp W100,,,2026-02-25 08:36:32,2026-02-25 08:36:32,0001-01-01 00:00:00,
17:30 Sandown (AUS) 25th Feb\R8 1800m Hcap\3. Savisanta,3. Savisanta,639075723892707935,BACK,Åí0.30,Åí0.00,4.6,MATCHED,Åí0.00,DJ01.03 Dutch Prog1-10 Back Fav1-3 F1=3.00-3.50 F2-3=3.50-8.00 R8-12 1mtp W100,,,2026-02-25 08:36:32,2026-02-25 08:36:32,0001-01-01 00:00:00,
17:30 Sandown (AUS) 25th Feb\R8 1800m Hcap\2. Figlio Dargento,2. Figlio Dargento,639075723892707925,BACK,Åí0.45,Åí0.00,3.05,MATCHED,Åí0.00,DJ01.02 Dutch Prog1-10% Back Fav1-3 F1=3.00-3.50 F2-3=3.50-8.00 R8-12 1mtp W100,,,2026-02-25 08:36:32,2026-02-25 08:36:32,0001-01-01 00:00:00,
17:30 Sandown (AUS) 25th Feb\R8 1800m Hcap\2. Figlio Dargento,2. Figlio Dargento,639075723892707934,BACK,Åí0.45,Åí0.00,3.05,MATCHED,Åí0.00,DJ01.03 Dutch Prog1-10 Back Fav1-3 F1=3.00-3.50 F2-3=3.50-8.00 R8-12 1mtp W100,,,2026-02-25 08:36:32,2026-02-25 08:36:32,0001-01-01 00:00:00,
17:10 Belmont (AUS) 25th Feb\R5 2100m Hcap\11. Poppys Roses,11. Poppys Roses,639075723892707933,BACK,Åí0.31,Åí0.00,5.2,MATCHED,Åí0.00,DJ01.03 Dutch Prog1-10 Back Fav1-3 F1=3.00-3.50 F2-3=3.50-8.00 R8-12 1mtp W100,,,2026-02-25 08:36:32,2026-02-25 08:36:32,0001-01-01 00:00:00,
17:10 Belmont (AUS) 25th Feb\R5 2100m Hcap\1. Cheyne Bay,1. Cheyne Bay,639075723892707931,BACK,Åí0.47,Åí0.00,3.4,MATCHED,Åí0.00,DJ01.03 Dutch Prog1-10 Back Fav1-3 F1=3.00-3.50 F2-3=3.50-8.00 R8-12 1mtp W100,,,2026-02-25 08:36:32,2026-02-25 08:36:32,0001-01-01 00:00:00,
17:30 Sandown (AUS) 25th Feb\R8 1800m Hcap\12. So Suave,12. So Suave,639075723892707936,BACK,Åí0.25,Åí0.00,5.5,MATCHED,Åí0.00,DJ01.03 Dutch Prog1-10 Back Fav1-3 F1=3.00-3.50 F2-3=3.50-8.00 R8-12 1mtp W100,,,2026-02-25 08:36:32,2026-02-25 08:36:32,0001-01-01 00:00:00,
17:10 Belmont (AUS) 25th Feb\R5 2100m Hcap\3. Safari Boy,3. Safari Boy,639075723892707923,BACK,Åí0.23,Åí0.00,7,MATCHED,Åí0.00,DJ01.02 Dutch Prog1-10% Back Fav1-3 F1=3.00-3.50 F2-3=3.50-8.00 R8-12 1mtp W100,,,2026-02-25 08:36:32,2026-02-25 08:36:32,0001-01-01 00:00:00,
17:03 Bathurst (AUS) 25th Feb\R2 1730m Pace M\4. Lucky Zara,4. Lucky Zara,639075723892707929,BACK,Åí0.35,Åí0.00,3.55,MATCHED,Åí0.00,DJ01.02 Dutch Prog1-10% Back Fav1-3 F1=3.00-3.50 F2-3=3.50-8.00 R8-12 1mtp W100,,,2026-02-25 08:36:32,2026-02-25 08:36:32,0001-01-01 00:00:00,
17:03 Bathurst (AUS) 25th Feb\R2 1730m Pace M\9. Always Lightning,9. Always Lightning,639075723892707939,BACK,Åí0.33,Åí0.00,3.75,MATCHED,Åí0.00,DJ01.03 Dutch Prog1-10 Back Fav1-3 F1=3.00-3.50 F2-3=3.50-8.00 R8-12 1mtp W100,,,2026-02-25 08:36:32,2026-02-25 08:36:32,0001-01-01 00:00:00,
17:03 Bathurst (AUS) 25th Feb\R2 1730m Pace M\4. Lucky Zara,4. Lucky Zara,639075723892707938,BACK,Åí0.35,Åí0.00,3.55,MATCHED,Åí0.00,DJ01.03 Dutch Prog1-10 Back Fav1-3 F1=3.00-3.50 F2-3=3.50-8.00 R8-12 1mtp W100,,,2026-02-25 08:36:32,2026-02-25 08:36:32,0001-01-01 00:00:00,
17:03 Bathurst (AUS) 25th Feb\R2 1730m Pace M\1. She Maybe Bettor,1. She Maybe Bettor,639075723892707937,BACK,Åí0.33,Åí0.00,3.75,MATCHED,Åí0.00,DJ01.03 Dutch Prog1-10 Back Fav1-3 F1=3.00-3.50 F2-3=3.50-8.00 R8-12 1mtp W100,,,2026-02-25 08:36:32,2026-02-25 08:36:32,0001-01-01 00:00:00,
17:50 Belmont (AUS) 25th Feb\R6 1600m CL1\9. Space Academy,9. Space Academy,639075723892707942,BACK,Åí0.25,Åí0.00,5.3,MATCHED,Åí0.00,DJ01.02 Dutch Prog1-10% Back Fav1-3 F1=3.00-3.50 F2-3=3.50-8.00 R8-12 1mtp W100,,,2026-02-25 08:36:33,2026-02-25 08:36:33,0001-01-01 00:00:00,
18:30 Belmont (AUS) 25th Feb\R7 1200m CL3\9. Silent Alert,9. Silent Alert,639075723892707945,BACK,Åí0.39,Åí0.00,4,MATCHED,Åí0.00,DJ01.02 Dutch Prog1-10% Back Fav1-3 F1=3.00-3.50 F2-3=3.50-8.00 R8-12 1mtp W100,,,2026-02-25 08:36:33,2026-02-25 08:36:33,0001-01-01 00:00:00,
17:50 Belmont (AUS) 25th Feb\R6 1600m CL1\1. Fey King,1. Fey King,639075723892707940,BACK,Åí0.20,Åí0.00,6.6,MATCHED,Åí0.00,DJ01.02 Dutch Prog1-10% Back Fav1-3 F1=3.00-3.50 F2-3=3.50-8.00 R8-12 1mtp W100,,,2026-02-25 08:36:33,2026-02-25 08:36:33,0001-01-01 00:00:00,
18:30 Belmont (AUS) 25th Feb\R7 1200m CL3\2. Champagne Crusader,2. Champagne Crusader,639075723892707949,BACK,Åí0.33,Åí0.00,4.7,MATCHED,Åí0.00,DJ01.03 Dutch Prog1-10 Back Fav1-3 F1=3.00-3.50 F2-3=3.50-8.00 R8-12 1mtp W100,,,2026-02-25 08:36:33,2026-02-25 08:36:33,0001-01-01 00:00:00,
17:50 Belmont (AUS) 25th Feb\R6 1600m CL1\1. Fey King,1. Fey King,639075723892707946,BACK,Åí0.20,Åí0.00,6.6,MATCHED,Åí0.00,DJ01.03 Dutch Prog1-10 Back Fav1-3 F1=3.00-3.50 F2-3=3.50-8.00 R8-12 1mtp W100,,,2026-02-25 08:36:33,2026-02-25 08:36:33,0001-01-01 00:00:00,
18:30 Belmont (AUS) 25th Feb\R7 1200m CL3\9. Silent Alert,9. Silent Alert,639075723892707951,BACK,Åí0.39,Åí0.00,4,MATCHED,Åí0.00,DJ01.03 Dutch Prog1-10 Back Fav1-3 F1=3.00-3.50 F2-3=3.50-8.00 R8-12 1mtp W100,,,2026-02-25 08:36:33,2026-02-25 08:36:33,0001-01-01 00:00:00,
17:50 Belmont (AUS) 25th Feb\R6 1600m CL1\9. Space Academy,9. Space Academy,639075723892707948,BACK,Åí0.25,Åí0.00,5.3,MATCHED,Åí0.00,DJ01.03 Dutch Prog1-10 Back Fav1-3 F1=3.00-3.50 F2-3=3.50-8.00 R8-12 1mtp W100,,,2026-02-25 08:36:33,2026-02-25 08:36:33,0001-01-01 00:00:00,
17:50 Belmont (AUS) 25th Feb\R6 1600m CL1\2. Double The Fun,2. Double The Fun,639075723892707947,BACK,Åí0.55,Åí0.00,2.36,MATCHED,Åí0.00,DJ01.03 Dutch Prog1-10 Back Fav1-3 F1=3.00-3.50 F2-3=3.50-8.00 R8-12 1mtp W100,,,2026-02-25 08:36:33,2026-02-25 08:36:33,0001-01-01 00:00:00,
18:30 Belmont (AUS) 25th Feb\R7 1200m CL3\8. Show The Way,8. Show The Way,639075723892707950,BACK,Åí0.27,Åí0.00,5.7,MATCHED,Åí0.00,DJ01.03 Dutch Prog1-10 Back Fav1-3 F1=3.00-3.50 F2-3=3.50-8.00 R8-12 1mtp W100,,,2026-02-25 08:36:33,2026-02-25 08:36:33,0001-01-01 00:00:00,
18:30 Belmont (AUS) 25th Feb\R7 1200m CL3\8. Show The Way,8. Show The Way,639075723892707944,BACK,Åí0.27,Åí0.00,5.7,MATCHED,Åí0.00,DJ01.02 Dutch Prog1-10% Back Fav1-3 F1=3.00-3.50 F2-3=3.50-8.00 R8-12 1mtp W100,,,2026-02-25 08:36:33,2026-02-25 08:36:33,0001-01-01 00:00:00,
18:30 Belmont (AUS) 25th Feb\R7 1200m CL3\2. Champagne Crusader,2. Champagne Crusader,639075723892707943,BACK,Åí0.33,Åí0.00,4.7,MATCHED,Åí0.00,DJ01.02 Dutch Prog1-10% Back Fav1-3 F1=3.00-3.50 F2-3=3.50-8.00 R8-12 1mtp W100,,,2026-02-25 08:36:33,2026-02-25 08:36:33,0001-01-01 00:00:00,
17:50 Belmont (AUS) 25th Feb\R6 1600m CL1\2. Double The Fun,2. Double The Fun,639075723892707941,BACK,Åí0.55,Åí0.00,2.36,MATCHED,Åí0.00,DJ01.02 Dutch Prog1-10% Back Fav1-3 F1=3.00-3.50 F2-3=3.50-8.00 R8-12 1mtp W100,,,2026-02-25 08:36:33,2026-02-25 08:36:33,0001-01-01 00:00:00,
19:00 Bathurst (AUS) 25th Feb\R6 2260m Pace M\10. Esther Rising,10. Esther Rising,639075723892707954,BACK,Åí0.35,Åí0.00,3.35,MATCHED,Åí0.00,DJ01.02 Dutch Prog1-10% Back Fav1-3 F1=3.00-3.50 F2-3=3.50-8.00 R8-12 1mtp W100,,,2026-02-25 08:36:34,2026-02-25 08:36:34,0001-01-01 00:00:00,
19:00 Bathurst (AUS) 25th Feb\R6 2260m Pace M\6. Riviere,6. Riviere,639075723892707955,BACK,Åí0.23,Åí0.00,5,MATCHED,Åí0.00,DJ01.03 Dutch Prog1-10 Back Fav1-3 F1=3.00-3.50 F2-3=3.50-8.00 R8-12 1mtp W100,,,2026-02-25 08:36:34,2026-02-25 08:36:34,0001-01-01 00:00:00,
19:00 Bathurst (AUS) 25th Feb\R6 2260m Pace M\7. Bohemian Brawler,7. Bohemian Brawler,639075723892707956,BACK,Åí0.42,Åí0.00,2.8,MATCHED,Åí0.00,DJ01.03 Dutch Prog1-10 Back Fav1-3 F1=3.00-3.50 F2-3=3.50-8.00 R8-12 1mtp W100,,,2026-02-25 08:36:34,2026-02-25 08:36:34,0001-01-01 00:00:00,
19:00 Bathurst (AUS) 25th Feb\R6 2260m Pace M\7. Bohemian Brawler,7. Bohemian Brawler,639075723892707953,BACK,Åí0.42,Åí0.00,2.8,MATCHED,Åí0.00,DJ01.02 Dutch Prog1-10% Back Fav1-3 F1=3.00-3.50 F2-3=3.50-8.00 R8-12 1mtp W100,,,2026-02-25 08:36:34,2026-02-25 08:36:34,0001-01-01 00:00:00,
19:00 Bathurst (AUS) 25th Feb\R6 2260m Pace M\6. Riviere,6. Riviere,639075723892707952,BACK,Åí0.23,Åí0.00,5,MATCHED,Åí0.00,DJ01.02 Dutch Prog1-10% Back Fav1-3 F1=3.00-3.50 F2-3=3.50-8.00 R8-12 1mtp W100,,,2026-02-25 08:36:34,2026-02-25 08:36:34,0001-01-01 00:00:00,
19:00 Bathurst (AUS) 25th Feb\R6 2260m Pace M\10. Esther Rising,10. Esther Rising,639075723892707957,BACK,Åí0.35,Åí0.00,3.35,MATCHED,Åí0.00,DJ01.03 Dutch Prog1-10 Back Fav1-3 F1=3.00-3.50 F2-3=3.50-8.00 R8-12 1mtp W100,,,2026-02-25 08:36:34,2026-02-25 08:36:34,0001-01-01 00:00:00,
22:12 Lingfield 25th Feb\1m4f Hcap\Knight Of Magic,Knight Of Magic,639075723892707958,BACK,Åí0.46,Åí0.00,3.05,MATCHED,Åí0.00,DJ01.02 Dutch Prog1-10% Back Fav1-3 F1=3.00-3.50 F2-3=3.50-8.00 R8-12 1mtp W100,,,2026-02-25 08:36:37,2026-02-25 08:36:37,0001-01-01 00:00:00,
22:12 Lingfield 25th Feb\1m4f Hcap\Fravanco,Fravanco,639075723892707959,BACK,Åí0.27,Åí0.00,5.2,MATCHED,Åí0.00,DJ01.02 Dutch Prog1-10% Back Fav1-3 F1=3.00-3.50 F2-3=3.50-8.00 R8-12 1mtp W100,,,2026-02-25 08:36:37,2026-02-25 08:36:37,0001-01-01 00:00:00,
22:12 Lingfield 25th Feb\1m4f Hcap\Starfighter,Starfighter,639075723892707960,BACK,Åí0.28,Åí0.00,5,MATCHED,Åí0.00,DJ01.02 Dutch Prog1-10% Back Fav1-3 F1=3.00-3.50 F2-3=3.50-8.00 R8-12 1mtp W100,,,2026-02-25 08:36:37,2026-02-25 08:36:37,0001-01-01 00:00:00,
22:42 Lingfield 25th Feb\5f Hcap\Solar Invincible,Solar Invincible,639075723892707961,BACK,Åí0.36,Åí0.00,3.9,MATCHED,Åí0.00,DJ01.02 Dutch Prog1-10% Back Fav1-3 F1=3.00-3.50 F2-3=3.50-8.00 R8-12 1mtp W100,,,2026-02-25 08:36:37,2026-02-25 08:36:37,0001-01-01 00:00:00,
22:12 Lingfield 25th Feb\1m4f Hcap\Fravanco,Fravanco,639075723892707965,BACK,Åí0.27,Åí0.00,5.2,MATCHED,Åí0.00,DJ01.03 Dutch Prog1-10 Back Fav1-3 F1=3.00-3.50 F2-3=3.50-8.00 R8-12 1mtp W100,,,2026-02-25 08:36:37,2026-02-25 08:36:37,0001-01-01 00:00:00,
22:42 Lingfield 25th Feb\5f Hcap\Life After Love,Life After Love,639075723892707962,BACK,Åí0.35,Åí0.00,4.1,MATCHED,Åí0.00,DJ01.02 Dutch Prog1-10% Back Fav1-3 F1=3.00-3.50 F2-3=3.50-8.00 R8-12 1mtp W100,,,2026-02-25 08:36:37,2026-02-25 08:36:37,0001-01-01 00:00:00,
22:12 Lingfield 25th Feb\1m4f Hcap\Starfighter,Starfighter,639075723892707966,BACK,Åí0.28,Åí0.00,5,MATCHED,Åí0.00,DJ01.03 Dutch Prog1-10 Back Fav1-3 F1=3.00-3.50 F2-3=3.50-8.00 R8-12 1mtp W100,,,2026-02-25 08:36:37,2026-02-25 08:36:37,0001-01-01 00:00:00,
22:42 Lingfield 25th Feb\5f Hcap\Rosieisme Darling,Rosieisme Darling,639075723892707963,BACK,Åí0.29,Åí0.00,4.9,MATCHED,Åí0.00,DJ01.02 Dutch Prog1-10% Back Fav1-3 F1=3.00-3.50 F2-3=3.50-8.00 R8-12 1mtp W100,,,2026-02-25 08:36:37,2026-02-25 08:36:37,0001-01-01 00:00:00,
22:42 Lingfield 25th Feb\5f Hcap\Rosieisme Darling,Rosieisme Darling,639075723892707969,BACK,Åí0.29,Åí0.00,4.9,MATCHED,Åí0.00,DJ01.03 Dutch Prog1-10 Back Fav1-3 F1=3.00-3.50 F2-3=3.50-8.00 R8-12 1mtp W100,,,2026-02-25 08:36:37,2026-02-25 08:36:37,0001-01-01 00:00:00,
22:42 Lingfield 25th Feb\5f Hcap\Life After Love,Life After Love,639075723892707968,BACK,Åí0.35,Åí0.00,4.1,MATCHED,Åí0.00,DJ01.03 Dutch Prog1-10 Back Fav1-3 F1=3.00-3.50 F2-3=3.50-8.00 R8-12 1mtp W100,,,2026-02-25 08:36:37,2026-02-25 08:36:37,0001-01-01 00:00:00,
22:12 Lingfield 25th Feb\1m4f Hcap\Knight Of Magic,Knight Of Magic,639075723892707964,BACK,Åí0.46,Åí0.00,3.05,MATCHED,Åí0.00,DJ01.03 Dutch Prog1-10 Back Fav1-3 F1=3.00-3.50 F2-3=3.50-8.00 R8-12 1mtp W100,,,2026-02-25 08:36:37,2026-02-25 08:36:37,0001-01-01 00:00:00,
22:42 Lingfield 25th Feb\5f Hcap\Solar Invincible,Solar Invincible,639075723892707967,BACK,Åí0.36,Åí0.00,3.9,MATCHED,Åí0.00,DJ01.03 Dutch Prog1-10 Back Fav1-3 F1=3.00-3.50 F2-3=3.50-8.00 R8-12 1mtp W100,,,2026-02-25 08:36:37,2026-02-25 08:36:37,0001-01-01 00:00:00,
10:45 Launceston (AUS) 25th Feb\R1 1200m Mdn\8. Walking Street,8. Walking Street,639075723892707970,BACK,Åí0.51,Åí0.00,2.88,MATCHED,Åí0.00,DJ01.02 Dutch Prog1-10% Back Fav1-3 F1=3.00-3.50 F2-3=3.50-8.00 R8-12 1mtp W100,,,2026-02-25 08:36:38,2026-02-25 08:36:38,0001-01-01 00:00:00,
10:45 Launceston (AUS) 25th Feb\R1 1200m Mdn\14. Khaleesis Dream,14. Khaleesis Dream,639075723892707972,BACK,Åí0.30,Åí0.00,4.9,MATCHED,Åí0.00,DJ01.02 Dutch Prog1-10% Back Fav1-3 F1=3.00-3.50 F2-3=3.50-8.00 R8-12 1mtp W100,,,2026-02-25 08:36:38,2026-02-25 08:36:38,0001-01-01 00:00:00,
11:10 Pukekohe (NZL) 25th Feb\R3 2100m Mdn\5. Papparazzi,5. Papparazzi,639075723892707979,BACK,Åí0.30,Åí0.00,4.8,MATCHED,Åí0.00,DJ01.02 Dutch Prog1-10% Back Fav1-3 F1=3.00-3.50 F2-3=3.50-8.00 R8-12 1mtp W100,,,2026-02-25 08:36:38,2026-02-25 08:36:38,0001-01-01 00:00:00,
10:45 Launceston (AUS) 25th Feb\R1 1200m Mdn\6. In Your Dreams,6. In Your Dreams,639075723892707971,BACK,Åí0.19,Åí0.00,7.6,MATCHED,Åí0.00,DJ01.02 Dutch Prog1-10% Back Fav1-3 F1=3.00-3.50 F2-3=3.50-8.00 R8-12 1mtp W100,,,2026-02-25 08:36:38,2026-02-25 08:36:38,0001-01-01 00:00:00,
11:10 Pukekohe (NZL) 25th Feb\R3 2100m Mdn\18. Wee Nessy,18. Wee Nessy,639075723892707981,BACK,Åí0.33,Åí0.00,4.4,MATCHED,Åí0.00,DJ01.02 Dutch Prog1-10% Back Fav1-3 F1=3.00-3.50 F2-3=3.50-8.00 R8-12 1mtp W100,,,2026-02-25 08:36:38,2026-02-25 08:36:38,0001-01-01 00:00:00,
10:35 Pukekohe (NZL) 25th Feb\R2 1400m Hcap\3. Mazino,3. Mazino,639075723892707978,BACK,Åí0.46,Åí0.00,3.1,MATCHED,Åí0.00,DJ01.02 Dutch Prog1-10% Back Fav1-3 F1=3.00-3.50 F2-3=3.50-8.00 R8-12 1mtp W100,,,2026-02-25 08:36:38,2026-02-25 08:36:38,0001-01-01 00:00:00,
10:00 Pukekohe (NZL) 25th Feb\R1 1100m Mdn\10. Fiesta,10. Fiesta,639075723892707975,BACK,Åí0.32,Åí0.00,4.1,MATCHED,Åí0.00,DJ01.02 Dutch Prog1-10% Back Fav1-3 F1=3.00-3.50 F2-3=3.50-8.00 R8-12 1mtp W100,,,2026-02-25 08:36:38,2026-02-25 08:36:38,0001-01-01 00:00:00,
10:00 Pukekohe (NZL) 25th Feb\R1 1100m Mdn\7. Arcadia,7. Arcadia,639075723892707973,BACK,Åí0.35,Åí0.00,3.8,MATCHED,Åí0.00,DJ01.02 Dutch Prog1-10% Back Fav1-3 F1=3.00-3.50 F2-3=3.50-8.00 R8-12 1mtp W100,,,2026-02-25 08:36:38,2026-02-25 08:36:38,0001-01-01 00:00:00,
10:35 Pukekohe (NZL) 25th Feb\R2 1400m Hcap\6. Glance,6. Glance,639075723892707977,BACK,Åí0.23,Åí0.00,6.2,MATCHED,Åí0.00,DJ01.02 Dutch Prog1-10% Back Fav1-3 F1=3.00-3.50 F2-3=3.50-8.00 R8-12 1mtp W100,,,2026-02-25 08:36:38,2026-02-25 08:36:38,0001-01-01 00:00:00,
08:45 Turf Paradise (US) 24th Feb\R8 6f Claim\Army Knife,Army Knife,639075723892707983,BACK,Åí0.14,Åí0.00,8.8,MATCHED,Åí0.00,DJ01.02 Dutch Prog1-10% Back Fav1-3 F1=3.00-3.50 F2-3=3.50-8.00 R8-12 1mtp W100,,,2026-02-25 08:36:38,2026-02-25 08:36:38,0001-01-01 00:00:00,
08:45 Turf Paradise (US) 24th Feb\R8 6f Claim\Social Status,Social Status,639075723892707984,BACK,Åí0.26,Åí0.00,4.9,MATCHED,Åí0.00,DJ01.02 Dutch Prog1-10% Back Fav1-3 F1=3.00-3.50 F2-3=3.50-8.00 R8-12 1mtp W100,,,2026-02-25 08:36:38,2026-02-25 08:36:38,0001-01-01 00:00:00,
10:00 Pukekohe (NZL) 25th Feb\R1 1100m Mdn\7. Arcadia,7. Arcadia,639075723892707988,BACK,Åí0.35,Åí0.00,3.8,MATCHED,Åí0.00,DJ01.03 Dutch Prog1-10 Back Fav1-3 F1=3.00-3.50 F2-3=3.50-8.00 R8-12 1mtp W100,,,2026-02-25 08:36:38,2026-02-25 08:36:38,0001-01-01 00:00:00,
10:45 Launceston (AUS) 25th Feb\R1 1200m Mdn\8. Walking Street,8. Walking Street,639075723892707986,BACK,Åí0.51,Åí0.00,2.88,MATCHED,Åí0.00,DJ01.03 Dutch Prog1-10 Back Fav1-3 F1=3.00-3.50 F2-3=3.50-8.00 R8-12 1mtp W100,,,2026-02-25 08:36:38,2026-02-25 08:36:38,0001-01-01 00:00:00,
10:00 Pukekohe (NZL) 25th Feb\R1 1100m Mdn\9. Dreamtime,9. Dreamtime,639075723892707974,BACK,Åí0.33,Åí0.00,3.95,MATCHED,Åí0.00,DJ01.02 Dutch Prog1-10% Back Fav1-3 F1=3.00-3.50 F2-3=3.50-8.00 R8-12 1mtp W100,,,2026-02-25 08:36:38,2026-02-25 08:36:38,0001-01-01 00:00:00,
10:45 Launceston (AUS) 25th Feb\R1 1200m Mdn\14. Khaleesis Dream,14. Khaleesis Dream,639075723892707987,BACK,Åí0.30,Åí0.00,4.9,MATCHED,Åí0.00,DJ01.03 Dutch Prog1-10 Back Fav1-3 F1=3.00-3.50 F2-3=3.50-8.00 R8-12 1mtp W100,,,2026-02-25 08:36:38,2026-02-25 08:36:38,0001-01-01 00:00:00,
10:35 Pukekohe (NZL) 25th Feb\R2 1400m Hcap\2. Lodi Dodi,2. Lodi Dodi,639075723892707991,BACK,Åí0.31,Åí0.00,4.7,MATCHED,Åí0.00,DJ01.03 Dutch Prog1-10 Back Fav1-3 F1=3.00-3.50 F2-3=3.50-8.00 R8-12 1mtp W100,,,2026-02-25 08:36:38,2026-02-25 08:36:38,0001-01-01 00:00:00,
10:00 Pukekohe (NZL) 25th Feb\R1 1100m Mdn\9. Dreamtime,9. Dreamtime,639075723892707990,BACK,Åí0.33,Åí0.00,3.95,MATCHED,Åí0.00,DJ01.03 Dutch Prog1-10 Back Fav1-3 F1=3.00-3.50 F2-3=3.50-8.00 R8-12 1mtp W100,,,2026-02-25 08:36:38,2026-02-25 08:36:38,0001-01-01 00:00:00,
08:45 Turf Paradise (US) 24th Feb\R8 6f Claim\Screaming Virginia,Screaming Virginia,639075723892707982,BACK,Åí0.60,Åí0.00,2.1,MATCHED,Åí0.00,DJ01.02 Dutch Prog1-10% Back Fav1-3 F1=3.00-3.50 F2-3=3.50-8.00 R8-12 1mtp W100,,,2026-02-25 08:36:38,2026-02-25 08:36:38,0001-01-01 00:00:00,
10:45 Launceston (AUS) 25th Feb\R1 1200m Mdn\6. In Your Dreams,6. In Your Dreams,639075723892707985,BACK,Åí0.19,Åí0.00,7.6,MATCHED,Åí0.00,DJ01.03 Dutch Prog1-10 Back Fav1-3 F1=3.00-3.50 F2-3=3.50-8.00 R8-12 1mtp W100,,,2026-02-25 08:36:38,2026-02-25 08:36:38,0001-01-01 00:00:00,
10:00 Pukekohe (NZL) 25th Feb\R1 1100m Mdn\10. Fiesta,10. Fiesta,639075723892707989,BACK,Åí0.32,Åí0.00,4.1,MATCHED,Åí0.00,DJ01.03 Dutch Prog1-10 Back Fav1-3 F1=3.00-3.50 F2-3=3.50-8.00 R8-12 1mtp W100,,,2026-02-25 08:36:38,2026-02-25 08:36:38,0001-01-01 00:00:00,
10:35 Pukekohe (NZL) 25th Feb\R2 1400m Hcap\3. Mazino,3. Mazino,639075723892707992,BACK,Åí0.46,Åí0.00,3.1,MATCHED,Åí0.00,DJ01.03 Dutch Prog1-10 Back Fav1-3 F1=3.00-3.50 F2-3=3.50-8.00 R8-12 1mtp W100,,,2026-02-25 08:36:38,2026-02-25 08:36:38,0001-01-01 00:00:00,
11:10 Pukekohe (NZL) 25th Feb\R3 2100m Mdn\13. Summer In London,13. Summer In London,639075723892707980,BACK,Åí0.37,Åí0.00,3.9,MATCHED,Åí0.00,DJ01.02 Dutch Prog1-10% Back Fav1-3 F1=3.00-3.50 F2-3=3.50-8.00 R8-12 1mtp W100,,,2026-02-25 08:36:38,2026-02-25 08:36:38,0001-01-01 00:00:00,
10:35 Pukekohe (NZL) 25th Feb\R2 1400m Hcap\2. Lodi Dodi,2. Lodi Dodi,639075723892707976,BACK,Åí0.31,Åí0.00,4.7,MATCHED,Åí0.00,DJ01.02 Dutch Prog1-10% Back Fav1-3 F1=3.00-3.50 F2-3=3.50-8.00 R8-12 1mtp W100,,,2026-02-25 08:36:38,2026-02-25 08:36:38,0001-01-01 00:00:00,
10:35 Pukekohe (NZL) 25th Feb\R2 1400m Hcap\6. Glance,6. Glance,639075723892707995,BACK,Åí0.23,Åí0.00,6.2,MATCHED,Åí0.00,DJ01.03 Dutch Prog1-10 Back Fav1-3 F1=3.00-3.50 F2-3=3.50-8.00 R8-12 1mtp W100,,,2026-02-25 08:36:38,2026-02-25 08:36:38,0001-01-01 00:00:00,
11:10 Pukekohe (NZL) 25th Feb\R3 2100m Mdn\13. Summer In London,13. Summer In London,639075723892707999,BACK,Åí0.37,Åí0.00,3.9,MATCHED,Åí0.00,DJ01.03 Dutch Prog1-10 Back Fav1-3 F1=3.00-3.50 F2-3=3.50-8.00 R8-12 1mtp W100,,,2026-02-25 08:36:38,2026-02-25 08:36:38,0001-01-01 00:00:00,
08:45 Turf Paradise (US) 24th Feb\R8 6f Claim\Screaming Virginia,Screaming Virginia,639075723892707997,BACK,Åí0.60,Åí0.00,2.1,MATCHED,Åí0.00,DJ01.03 Dutch Prog1-10 Back Fav1-3 F1=3.00-3.50 F2-3=3.50-8.00 R8-12 1mtp W100,,,2026-02-25 08:36:38,2026-02-25 08:36:38,0001-01-01 00:00:00,
08:45 Turf Paradise (US) 24th Feb\R8 6f Claim\Army Knife,Army Knife,639075723892707996,BACK,Åí0.14,Åí0.00,8.8,MATCHED,Åí0.00,DJ01.03 Dutch Prog1-10 Back Fav1-3 F1=3.00-3.50 F2-3=3.50-8.00 R8-12 1mtp W100,,,2026-02-25 08:36:38,2026-02-25 08:36:38,0001-01-01 00:00:00,
11:10 Pukekohe (NZL) 25th Feb\R3 2100m Mdn\18. Wee Nessy,18. Wee Nessy,639075723892707994,BACK,Åí0.33,Åí0.00,4.4,MATCHED,Åí0.00,DJ01.03 Dutch Prog1-10 Back Fav1-3 F1=3.00-3.50 F2-3=3.50-8.00 R8-12 1mtp W100,,,2026-02-25 08:36:38,2026-02-25 08:36:38,0001-01-01 00:00:00,
11:10 Pukekohe (NZL) 25th Feb\R3 2100m Mdn\5. Papparazzi,5. Papparazzi,639075723892707993,BACK,Åí0.30,Åí0.00,4.8,MATCHED,Åí0.00,DJ01.03 Dutch Prog1-10 Back Fav1-3 F1=3.00-3.50 F2-3=3.50-8.00 R8-12 1mtp W100,,,2026-02-25 08:36:38,2026-02-25 08:36:38,0001-01-01 00:00:00,
08:45 Turf Paradise (US) 24th Feb\R8 6f Claim\Social Status,Social Status,639075723892707998,BACK,Åí0.26,Åí0.00,4.9,MATCHED,Åí0.00,DJ01.03 Dutch Prog1-10 Back Fav1-3 F1=3.00-3.50 F2-3=3.50-8.00 R8-12 1mtp W100,,,2026-02-25 08:36:38,2026-02-25 08:36:38,0001-01-01 00:00:00,
11:20 Launceston (AUS) 25th Feb\R2 1400m Mdn\8. Joejoe,8. Joejoe,639075723892708001,BACK,Åí0.25,Åí0.00,4.8,MATCHED,Åí0.00,DJ01.02 Dutch Prog1-10% Back Fav1-3 F1=3.00-3.50 F2-3=3.50-8.00 R8-12 1mtp W100,,,2026-02-25 08:36:39,2026-02-25 08:36:39,0001-01-01 00:00:00,
11:55 Launceston (AUS) 25th Feb\R3 1400m CL4\6. Obviously Good,6. Obviously Good,639075723892708004,BACK,Åí0.32,Åí0.00,3.95,MATCHED,Åí0.00,DJ01.02 Dutch Prog1-10% Back Fav1-3 F1=3.00-3.50 F2-3=3.50-8.00 R8-12 1mtp W100,,,2026-02-25 08:36:39,2026-02-25 08:36:39,0001-01-01 00:00:00,
11:20 Launceston (AUS) 25th Feb\R2 1400m Mdn\7. Veins Within Rock,7. Veins Within Rock,639075723892708009,BACK,Åí0.16,Åí0.00,7.4,MATCHED,Åí0.00,DJ01.03 Dutch Prog1-10 Back Fav1-3 F1=3.00-3.50 F2-3=3.50-8.00 R8-12 1mtp W100,,,2026-02-25 08:36:39,2026-02-25 08:36:39,0001-01-01 00:00:00,
11:55 Launceston (AUS) 25th Feb\R3 1400m CL4\5. Navarre River,5. Navarre River,639075723892708012,BACK,Åí0.37,Åí0.00,3.4,MATCHED,Åí0.00,DJ01.03 Dutch Prog1-10 Back Fav1-3 F1=3.00-3.50 F2-3=3.50-8.00 R8-12 1mtp W100,,,2026-02-25 08:36:39,2026-02-25 08:36:39,0001-01-01 00:00:00,
11:55 Launceston (AUS) 25th Feb\R3 1400m CL4\9. Billie The Great,9. Billie The Great,639075723892708005,BACK,Åí0.32,Åí0.00,3.95,MATCHED,Åí0.00,DJ01.02 Dutch Prog1-10% Back Fav1-3 F1=3.00-3.50 F2-3=3.50-8.00 R8-12 1mtp W100,,,2026-02-25 08:36:39,2026-02-25 08:36:39,0001-01-01 00:00:00,
11:20 Launceston (AUS) 25th Feb\R2 1400m Mdn\8. Joejoe,8. Joejoe,639075723892708010,BACK,Åí0.25,Åí0.00,4.8,MATCHED,Åí0.00,DJ01.03 Dutch Prog1-10 Back Fav1-3 F1=3.00-3.50 F2-3=3.50-8.00 R8-12 1mtp W100,,,2026-02-25 08:36:39,2026-02-25 08:36:39,0001-01-01 00:00:00,
11:55 Launceston (AUS) 25th Feb\R3 1400m CL4\5. Navarre River,5. Navarre River,639075723892708003,BACK,Åí0.37,Åí0.00,3.4,MATCHED,Åí0.00,DJ01.02 Dutch Prog1-10% Back Fav1-3 F1=3.00-3.50 F2-3=3.50-8.00 R8-12 1mtp W100,,,2026-02-25 08:36:39,2026-02-25 08:36:39,0001-01-01 00:00:00,
11:45 Pukekohe (NZL) 25th Feb\R4 1600m Mdn\1. Bak De Ace,1. Bak De Ace,639075723892708015,BACK,Åí0.54,Åí0.00,2.76,MATCHED,Åí0.00,DJ01.03 Dutch Prog1-10 Back Fav1-3 F1=3.00-3.50 F2-3=3.50-8.00 R8-12 1mtp W100,,,2026-02-25 08:36:39,2026-02-25 08:36:39,0001-01-01 00:00:00,
11:20 Launceston (AUS) 25th Feb\R2 1400m Mdn\14. Whos In Dev,14. Whos In Dev,639075723892708011,BACK,Åí0.60,Åí0.00,1.98,MATCHED,Åí0.00,DJ01.03 Dutch Prog1-10 Back Fav1-3 F1=3.00-3.50 F2-3=3.50-8.00 R8-12 1mtp W100,,,2026-02-25 08:36:39,2026-02-25 08:36:39,0001-01-01 00:00:00,
11:45 Pukekohe (NZL) 25th Feb\R4 1600m Mdn\10. Last Wish,10. Last Wish,639075723892708016,BACK,Åí0.24,Åí0.00,6.2,MATCHED,Åí0.00,DJ01.03 Dutch Prog1-10 Back Fav1-3 F1=3.00-3.50 F2-3=3.50-8.00 R8-12 1mtp W100,,,2026-02-25 08:36:39,2026-02-25 08:36:39,0001-01-01 00:00:00,
11:45 Pukekohe (NZL) 25th Feb\R4 1600m Mdn\8. Millers Point,8. Millers Point,639075723892708017,BACK,Åí0.22,Åí0.00,6.6,MATCHED,Åí0.00,DJ01.03 Dutch Prog1-10 Back Fav1-3 F1=3.00-3.50 F2-3=3.50-8.00 R8-12 1mtp W100,,,2026-02-25 08:36:39,2026-02-25 08:36:39,0001-01-01 00:00:00,
11:20 Launceston (AUS) 25th Feb\R2 1400m Mdn\7. Veins Within Rock,7. Veins Within Rock,639075723892708000,BACK,Åí0.16,Åí0.00,7.4,MATCHED,Åí0.00,DJ01.02 Dutch Prog1-10% Back Fav1-3 F1=3.00-3.50 F2-3=3.50-8.00 R8-12 1mtp W100,,,2026-02-25 08:36:39,2026-02-25 08:36:39,0001-01-01 00:00:00,
11:20 Launceston (AUS) 25th Feb\R2 1400m Mdn\14. Whos In Dev,14. Whos In Dev,639075723892708002,BACK,Åí0.60,Åí0.00,1.98,MATCHED,Åí0.00,DJ01.02 Dutch Prog1-10% Back Fav1-3 F1=3.00-3.50 F2-3=3.50-8.00 R8-12 1mtp W100,,,2026-02-25 08:36:39,2026-02-25 08:36:39,0001-01-01 00:00:00,
11:45 Pukekohe (NZL) 25th Feb\R4 1600m Mdn\8. Millers Point,8. Millers Point,639075723892708007,BACK,Åí0.22,Åí0.00,6.6,MATCHED,Åí0.00,DJ01.02 Dutch Prog1-10% Back Fav1-3 F1=3.00-3.50 F2-3=3.50-8.00 R8-12 1mtp W100,,,2026-02-25 08:36:39,2026-02-25 08:36:39,0001-01-01 00:00:00,
11:55 Launceston (AUS) 25th Feb\R3 1400m CL4\9. Billie The Great,9. Billie The Great,639075723892708014,BACK,Åí0.32,Åí0.00,3.95,MATCHED,Åí0.00,DJ01.03 Dutch Prog1-10 Back Fav1-3 F1=3.00-3.50 F2-3=3.50-8.00 R8-12 1mtp W100,,,2026-02-25 08:36:39,2026-02-25 08:36:39,0001-01-01 00:00:00,
11:45 Pukekohe (NZL) 25th Feb\R4 1600m Mdn\1. Bak De Ace,1. Bak De Ace,639075723892708006,BACK,Åí0.54,Åí0.00,2.76,MATCHED,Åí0.00,DJ01.02 Dutch Prog1-10% Back Fav1-3 F1=3.00-3.50 F2-3=3.50-8.00 R8-12 1mtp W100,,,2026-02-25 08:36:39,2026-02-25 08:36:39,0001-01-01 00:00:00,
11:55 Launceston (AUS) 25th Feb\R3 1400m CL4\6. Obviously Good,6. Obviously Good,639075723892708013,BACK,Åí0.32,Åí0.00,3.95,MATCHED,Åí0.00,DJ01.03 Dutch Prog1-10 Back Fav1-3 F1=3.00-3.50 F2-3=3.50-8.00 R8-12 1mtp W100,,,2026-02-25 08:36:39,2026-02-25 08:36:39,0001-01-01 00:00:00,
11:45 Pukekohe (NZL) 25th Feb\R4 1600m Mdn\10. Last Wish,10. Last Wish,639075723892708008,BACK,Åí0.24,Åí0.00,6.2,MATCHED,Åí0.00,DJ01.02 Dutch Prog1-10% Back Fav1-3 F1=3.00-3.50 F2-3=3.50-8.00 R8-12 1mtp W100,,,2026-02-25 08:36:39,2026-02-25 08:36:39,0001-01-01 00:00:00,
12:30 Launceston (AUS) 25th Feb\R4 2100m Hcap\2. Johnnie Pinch,2. Johnnie Pinch,639075723892708018,BACK,Åí0.35,Åí0.00,4.9,MATCHED,Åí0.00,DJ01.02 Dutch Prog1-10% Back Fav1-3 F1=3.00-3.50 F2-3=3.50-8.00 R8-12 1mtp W100,,,2026-02-25 08:36:40,2026-02-25 08:36:40,0001-01-01 00:00:00,
12:30 Launceston (AUS) 25th Feb\R4 2100m Hcap\4. Vino Novello,4. Vino Novello,639075723892708019,BACK,Åí0.36,Åí0.00,4.8,MATCHED,Åí0.00,DJ01.02 Dutch Prog1-10% Back Fav1-3 F1=3.00-3.50 F2-3=3.50-8.00 R8-12 1mtp W100,,,2026-02-25 08:36:40,2026-02-25 08:36:40,0001-01-01 00:00:00,
12:45 Port Lincoln (AUS) 25th Feb\R3 1750m CL1\4. Explicable,4. Explicable,639075723892708028,BACK,Åí0.43,Åí0.00,2.92,MATCHED,Åí0.00,DJ01.02 Dutch Prog1-10% Back Fav1-3 F1=3.00-3.50 F2-3=3.50-8.00 R8-12 1mtp W100,,,2026-02-25 08:36:40,2026-02-25 08:36:40,0001-01-01 00:00:00,
12:20 Rosehill (AUS) 25th Feb\R1 1200m Mdn\2. Bubbles Up,2. Bubbles Up,639075723892708024,BACK,Åí0.43,Åí0.00,3,MATCHED,Åí0.00,DJ01.02 Dutch Prog1-10% Back Fav1-3 F1=3.00-3.50 F2-3=3.50-8.00 R8-12 1mtp W100,,,2026-02-25 08:36:40,2026-02-25 08:36:40,0001-01-01 00:00:00,
12:13 Addington (NZL) 25th Feb\R1 1980m Pace M\6. Just Ask Paddy,6. Just Ask Paddy,639075723892708032,BACK,Åí0.30,Åí0.00,3.75,MATCHED,Åí0.00,DJ01.02 Dutch Prog1-10% Back Fav1-3 F1=3.00-3.50 F2-3=3.50-8.00 R8-12 1mtp W100,,,2026-02-25 08:36:40,2026-02-25 08:36:40,0001-01-01 00:00:00,
12:30 Launceston (AUS) 25th Feb\R4 2100m Hcap\6. Iffycould,6. Iffycould,639075723892708020,BACK,Åí0.29,Åí0.00,5.9,MATCHED,Åí0.00,DJ01.02 Dutch Prog1-10% Back Fav1-3 F1=3.00-3.50 F2-3=3.50-8.00 R8-12 1mtp W100,,,2026-02-25 08:36:40,2026-02-25 08:36:40,0001-01-01 00:00:00,
12:24 Pukekohe (NZL) 25th Feb\R5 1400m Mdn\7. Frozen Fortune,7. Frozen Fortune,639075723892708021,BACK,Åí0.30,Åí0.00,5.8,MATCHED,Åí0.00,DJ01.02 Dutch Prog1-10% Back Fav1-3 F1=3.00-3.50 F2-3=3.50-8.00 R8-12 1mtp W100,,,2026-02-25 08:36:40,2026-02-25 08:36:40,0001-01-01 00:00:00,
12:30 Launceston (AUS) 25th Feb\R4 2100m Hcap\2. Johnnie Pinch,2. Johnnie Pinch,639075723892708033,BACK,Åí0.35,Åí0.00,4.9,MATCHED,Åí0.00,DJ01.03 Dutch Prog1-10 Back Fav1-3 F1=3.00-3.50 F2-3=3.50-8.00 R8-12 1mtp W100,,,2026-02-25 08:36:40,2026-02-25 08:36:40,0001-01-01 00:00:00,
12:30 Launceston (AUS) 25th Feb\R4 2100m Hcap\4. Vino Novello,4. Vino Novello,639075723892708034,BACK,Åí0.36,Åí0.00,4.8,MATCHED,Åí0.00,DJ01.03 Dutch Prog1-10 Back Fav1-3 F1=3.00-3.50 F2-3=3.50-8.00 R8-12 1mtp W100,,,2026-02-25 08:36:40,2026-02-25 08:36:40,0001-01-01 00:00:00,
12:13 Addington (NZL) 25th Feb\R1 1980m Pace M\4. Warloch,4. Warloch,639075723892708030,BACK,Åí0.40,Åí0.00,2.8,MATCHED,Åí0.00,DJ01.02 Dutch Prog1-10% Back Fav1-3 F1=3.00-3.50 F2-3=3.50-8.00 R8-12 1mtp W100,,,2026-02-25 08:36:40,2026-02-25 08:36:40,0001-01-01 00:00:00,
12:20 Rosehill (AUS) 25th Feb\R1 1200m Mdn\8. Spice Prawn,8. Spice Prawn,639075723892708025,BACK,Åí0.36,Åí0.00,3.6,MATCHED,Åí0.00,DJ01.02 Dutch Prog1-10% Back Fav1-3 F1=3.00-3.50 F2-3=3.50-8.00 R8-12 1mtp W100,,,2026-02-25 08:36:40,2026-02-25 08:36:40,0001-01-01 00:00:00,
12:24 Pukekohe (NZL) 25th Feb\R5 1400m Mdn\7. Frozen Fortune,7. Frozen Fortune,639075723892708036,BACK,Åí0.30,Åí0.00,5.8,MATCHED,Åí0.00,DJ01.03 Dutch Prog1-10 Back Fav1-3 F1=3.00-3.50 F2-3=3.50-8.00 R8-12 1mtp W100,,,2026-02-25 08:36:40,2026-02-25 08:36:40,0001-01-01 00:00:00,
12:20 Rosehill (AUS) 25th Feb\R1 1200m Mdn\5. In A Tizzy,5. In A Tizzy,639075723892708026,BACK,Åí0.21,Åí0.00,6.2,MATCHED,Åí0.00,DJ01.02 Dutch Prog1-10% Back Fav1-3 F1=3.00-3.50 F2-3=3.50-8.00 R8-12 1mtp W100,,,2026-02-25 08:36:40,2026-02-25 08:36:40,0001-01-01 00:00:00,
12:30 Launceston (AUS) 25th Feb\R4 2100m Hcap\6. Iffycould,6. Iffycould,639075723892708035,BACK,Åí0.29,Åí0.00,5.9,MATCHED,Åí0.00,DJ01.03 Dutch Prog1-10 Back Fav1-3 F1=3.00-3.50 F2-3=3.50-8.00 R8-12 1mtp W100,,,2026-02-25 08:36:40,2026-02-25 08:36:40,0001-01-01 00:00:00,
12:13 Addington (NZL) 25th Feb\R1 1980m Pace M\7. Fusion Reactor,7. Fusion Reactor,639075723892708031,BACK,Åí0.29,Åí0.00,3.85,MATCHED,Åí0.00,DJ01.02 Dutch Prog1-10% Back Fav1-3 F1=3.00-3.50 F2-3=3.50-8.00 R8-12 1mtp W100,,,2026-02-25 08:36:40,2026-02-25 08:36:40,0001-01-01 00:00:00,
12:24 Pukekohe (NZL) 25th Feb\R5 1400m Mdn\8. Rosalina,8. Rosalina,639075723892708037,BACK,Åí0.43,Åí0.00,4,MATCHED,Åí0.00,DJ01.03 Dutch Prog1-10 Back Fav1-3 F1=3.00-3.50 F2-3=3.50-8.00 R8-12 1mtp W100,,,2026-02-25 08:36:40,2026-02-25 08:36:40,0001-01-01 00:00:00,
12:45 Port Lincoln (AUS) 25th Feb\R3 1750m CL1\8. Agreeance,8. Agreeance,639075723892708029,BACK,Åí0.32,Åí0.00,3.9,MATCHED,Åí0.00,DJ01.02 Dutch Prog1-10% Back Fav1-3 F1=3.00-3.50 F2-3=3.50-8.00 R8-12 1mtp W100,,,2026-02-25 08:36:40,2026-02-25 08:36:40,0001-01-01 00:00:00,
12:24 Pukekohe (NZL) 25th Feb\R5 1400m Mdn\11. La Diem,11. La Diem,639075723892708023,BACK,Åí0.27,Åí0.00,6.4,MATCHED,Åí0.00,DJ01.02 Dutch Prog1-10% Back Fav1-3 F1=3.00-3.50 F2-3=3.50-8.00 R8-12 1mtp W100,,,2026-02-25 08:36:40,2026-02-25 08:36:40,0001-01-01 00:00:00,
12:45 Port Lincoln (AUS) 25th Feb\R3 1750m CL1\3. Elegant Man,3. Elegant Man,639075723892708039,BACK,Åí0.25,Åí0.00,5,MATCHED,Åí0.00,DJ01.03 Dutch Prog1-10 Back Fav1-3 F1=3.00-3.50 F2-3=3.50-8.00 R8-12 1mtp W100,,,2026-02-25 08:36:40,2026-02-25 08:36:40,0001-01-01 00:00:00,
12:45 Port Lincoln (AUS) 25th Feb\R3 1750m CL1\3. Elegant Man,3. Elegant Man,639075723892708027,BACK,Åí0.25,Åí0.00,5,MATCHED,Åí0.00,DJ01.02 Dutch Prog1-10% Back Fav1-3 F1=3.00-3.50 F2-3=3.50-8.00 R8-12 1mtp W100,,,2026-02-25 08:36:40,2026-02-25 08:36:40,0001-01-01 00:00:00,
12:24 Pukekohe (NZL) 25th Feb\R5 1400m Mdn\8. Rosalina,8. Rosalina,639075723892708022,BACK,Åí0.43,Åí0.00,4,MATCHED,Åí0.00,DJ01.02 Dutch Prog1-10% Back Fav1-3 F1=3.00-3.50 F2-3=3.50-8.00 R8-12 1mtp W100,,,2026-02-25 08:36:40,2026-02-25 08:36:40,0001-01-01 00:00:00,
12:24 Pukekohe (NZL) 25th Feb\R5 1400m Mdn\11. La Diem,11. La Diem,639075723892708038,BACK,Åí0.27,Åí0.00,6.4,MATCHED,Åí0.00,DJ01.03 Dutch Prog1-10 Back Fav1-3 F1=3.00-3.50 F2-3=3.50-8.00 R8-12 1mtp W100,,,2026-02-25 08:36:40,2026-02-25 08:36:40,0001-01-01 00:00:00,
12:45 Port Lincoln (AUS) 25th Feb\R3 1750m CL1\4. Explicable,4. Explicable,639075723892708040,BACK,Åí0.43,Åí0.00,2.92,MATCHED,Åí0.00,DJ01.03 Dutch Prog1-10 Back Fav1-3 F1=3.00-3.50 F2-3=3.50-8.00 R8-12 1mtp W100,,,2026-02-25 08:36:40,2026-02-25 08:36:40,0001-01-01 00:00:00,
12:13 Addington (NZL) 25th Feb\R1 1980m Pace M\6. Just Ask Paddy,6. Just Ask Paddy,639075723892708042,BACK,Åí0.30,Åí0.00,3.75,MATCHED,Åí0.00,DJ01.03 Dutch Prog1-10 Back Fav1-3 F1=3.00-3.50 F2-3=3.50-8.00 R8-12 1mtp W100,,,2026-02-25 08:36:40,2026-02-25 08:36:40,0001-01-01 00:00:00,
12:13 Addington (NZL) 25th Feb\R1 1980m Pace M\4. Warloch,4. Warloch,639075723892708041,BACK,Åí0.40,Åí0.00,2.8,MATCHED,Åí0.00,DJ01.03 Dutch Prog1-10 Back Fav1-3 F1=3.00-3.50 F2-3=3.50-8.00 R8-12 1mtp W100,,,2026-02-25 08:36:40,2026-02-25 08:36:40,0001-01-01 00:00:00,
12:13 Addington (NZL) 25th Feb\R1 1980m Pace M\7. Fusion Reactor,7. Fusion Reactor,639075723892708043,BACK,Åí0.29,Åí0.00,3.85,MATCHED,Åí0.00,DJ01.03 Dutch Prog1-10 Back Fav1-3 F1=3.00-3.50 F2-3=3.50-8.00 R8-12 1mtp W100,,,2026-02-25 08:36:40,2026-02-25 08:36:40,0001-01-01 00:00:00,
12:45 Port Lincoln (AUS) 25th Feb\R3 1750m CL1\8. Agreeance,8. Agreeance,639075723892708044,BACK,Åí0.32,Åí0.00,3.9,MATCHED,Åí0.00,DJ01.03 Dutch Prog1-10 Back Fav1-3 F1=3.00-3.50 F2-3=3.50-8.00 R8-12 1mtp W100,,,2026-02-25 08:36:40,2026-02-25 08:36:40,0001-01-01 00:00:00,
12:59 Pukekohe (NZL) 25th Feb\R6 1200m Mdn\1. Stay Frosty,1. Stay Frosty,639075723892708046,BACK,Åí0.41,Åí0.00,2.96,MATCHED,Åí0.00,DJ01.02 Dutch Prog1-10% Back Fav1-3 F1=3.00-3.50 F2-3=3.50-8.00 R8-12 1mtp W100,,,2026-02-25 08:36:41,2026-02-25 08:36:41,0001-01-01 00:00:00,
12:59 Pukekohe (NZL) 25th Feb\R6 1200m Mdn\5. Sweet Smile,5. Sweet Smile,639075723892708045,BACK,Åí0.21,Åí0.00,5.8,MATCHED,Åí0.00,DJ01.02 Dutch Prog1-10% Back Fav1-3 F1=3.00-3.50 F2-3=3.50-8.00 R8-12 1mtp W100,,,2026-02-25 08:36:41,2026-02-25 08:36:41,0001-01-01 00:00:00,
12:55 Rosehill (AUS) 25th Feb\R2 1200m Mdn\2. Brickowski,2. Brickowski,639075723892708048,BACK,Åí0.16,Åí0.00,6.8,MATCHED,Åí0.00,DJ01.02 Dutch Prog1-10% Back Fav1-3 F1=3.00-3.50 F2-3=3.50-8.00 R8-12 1mtp W100,,,2026-02-25 08:36:41,2026-02-25 08:36:41,0001-01-01 00:00:00,
12:51 Addington (NZL) 25th Feb\R2 2000m Trot S\2. Diedre Franco,2. Diedre Franco,639075723892708051,BACK,Åí0.28,Åí0.00,4.7,MATCHED,Åí0.00,DJ01.02 Dutch Prog1-10% Back Fav1-3 F1=3.00-3.50 F2-3=3.50-8.00 R8-12 1mtp W100,,,2026-02-25 08:36:41,2026-02-25 08:36:41,0001-01-01 00:00:00,
12:51 Addington (NZL) 25th Feb\R2 2000m Trot S\10. Bonnie Bagrie,10. Bonnie Bagrie,639075723892708053,BACK,Åí0.37,Åí0.00,3.6,MATCHED,Åí0.00,DJ01.02 Dutch Prog1-10% Back Fav1-3 F1=3.00-3.50 F2-3=3.50-8.00 R8-12 1mtp W100,,,2026-02-25 08:36:41,2026-02-25 08:36:41,0001-01-01 00:00:00,
12:55 Rosehill (AUS) 25th Feb\R2 1200m Mdn\3. Hay Street,3. Hay Street,639075723892708049,BACK,Åí0.68,Åí0.00,1.63,MATCHED,Åí0.00,DJ01.02 Dutch Prog1-10% Back Fav1-3 F1=3.00-3.50 F2-3=3.50-8.00 R8-12 1mtp W100,,,2026-02-25 08:36:41,2026-02-25 08:36:41,0001-01-01 00:00:00,
12:55 Rosehill (AUS) 25th Feb\R2 1200m Mdn\6. Peleus,6. Peleus,639075723892708050,BACK,Åí0.16,Åí0.00,7,MATCHED,Åí0.00,DJ01.02 Dutch Prog1-10% Back Fav1-3 F1=3.00-3.50 F2-3=3.50-8.00 R8-12 1mtp W100,,,2026-02-25 08:36:41,2026-02-25 08:36:41,0001-01-01 00:00:00,
12:51 Addington (NZL) 25th Feb\R2 2000m Trot S\5. Baffled,5. Baffled,639075723892708052,BACK,Åí0.35,Åí0.00,3.75,MATCHED,Åí0.00,DJ01.02 Dutch Prog1-10% Back Fav1-3 F1=3.00-3.50 F2-3=3.50-8.00 R8-12 1mtp W100,,,2026-02-25 08:36:41,2026-02-25 08:36:41,0001-01-01 00:00:00,
12:59 Pukekohe (NZL) 25th Feb\R6 1200m Mdn\10. Thumbelina,10. Thumbelina,639075723892708047,BACK,Åí0.38,Åí0.00,3.2,MATCHED,Åí0.00,DJ01.02 Dutch Prog1-10% Back Fav1-3 F1=3.00-3.50 F2-3=3.50-8.00 R8-12 1mtp W100,,,2026-02-25 08:36:41,2026-02-25 08:36:41,0001-01-01 00:00:00,
13:30 Rosehill (AUS) 25th Feb\R3 1500m Mdn\2. Double Vision,2. Double Vision,639075723892708055,BACK,Åí0.49,Åí0.00,2.42,MATCHED,Åí0.00,DJ01.02 Dutch Prog1-10% Back Fav1-3 F1=3.00-3.50 F2-3=3.50-8.00 R8-12 1mtp W100,,,2026-02-25 08:36:42,2026-02-25 08:36:42,0001-01-01 00:00:00,
13:30 Rosehill (AUS) 25th Feb\R3 1500m Mdn\9. Fireball Miss,9. Fireball Miss,639075723892708056,BACK,Åí0.33,Åí0.00,3.6,MATCHED,Åí0.00,DJ01.02 Dutch Prog1-10% Back Fav1-3 F1=3.00-3.50 F2-3=3.50-8.00 R8-12 1mtp W100,,,2026-02-25 08:36:42,2026-02-25 08:36:42,0001-01-01 00:00:00,
13:30 Rosehill (AUS) 25th Feb\R3 1500m Mdn\1. Decalogue,1. Decalogue,639075723892708054,BACK,Åí0.18,Åí0.00,6.6,MATCHED,Åí0.00,DJ01.02 Dutch Prog1-10% Back Fav1-3 F1=3.00-3.50 F2-3=3.50-8.00 R8-12 1mtp W100,,,2026-02-25 08:36:42,2026-02-25 08:36:42,0001-01-01 00:00:00,
13:16 Doomben (AUS) 25th Feb\R1 1200m Mdn\7. Toro Chase,7. Toro Chase,639075723892708057,BACK,Åí0.45,Åí0.00,2.66,MATCHED,Åí0.00,DJ01.02 Dutch Prog1-10% Back Fav1-3 F1=3.00-3.50 F2-3=3.50-8.00 R8-12 1mtp W100,,,2026-02-25 08:36:42,2026-02-25 08:36:42,0001-01-01 00:00:00,
13:16 Doomben (AUS) 25th Feb\R1 1200m Mdn\4. Ralos Star,4. Ralos Star,639075723892708059,BACK,Åí0.18,Åí0.00,6.4,MATCHED,Åí0.00,DJ01.02 Dutch Prog1-10% Back Fav1-3 F1=3.00-3.50 F2-3=3.50-8.00 R8-12 1mtp W100,,,2026-02-25 08:36:42,2026-02-25 08:36:42,0001-01-01 00:00:00,
13:16 Doomben (AUS) 25th Feb\R1 1200m Mdn\5. Delicious Derek,5. Delicious Derek,639075723892708058,BACK,Åí0.37,Åí0.00,3.2,MATCHED,Åí0.00,DJ01.02 Dutch Prog1-10% Back Fav1-3 F1=3.00-3.50 F2-3=3.50-8.00 R8-12 1mtp W100,,,2026-02-25 08:36:42,2026-02-25 08:36:42,0001-01-01 00:00:00,
13:51 Doomben (AUS) 25th Feb\R2 1200m Hcap\6. Cinque Terre,6. Cinque Terre,639075723892708065,BACK,Åí0.13,Åí0.00,8.6,MATCHED,Åí0.00,DJ01.02 Dutch Prog1-10% Back Fav1-3 F1=3.00-3.50 F2-3=3.50-8.00 R8-12 1mtp W100,,,2026-02-25 08:36:43,2026-02-25 08:36:43,0001-01-01 00:00:00,
13:34 Pukekohe (NZL) 25th Feb\R7 1600m Mdn\2. Castle Rock,2. Castle Rock,639075723892708060,BACK,Åí0.34,Åí0.00,5.3,MATCHED,Åí0.00,DJ01.02 Dutch Prog1-10% Back Fav1-3 F1=3.00-3.50 F2-3=3.50-8.00 R8-12 1mtp W100,,,2026-02-25 08:36:43,2026-02-25 08:36:43,0001-01-01 00:00:00,
13:40 Sandown (AUS) 25th Feb\R1 1300m 2yo\4. Leopard Shark,4. Leopard Shark,639075723892708071,BACK,Åí0.49,Åí0.00,2.28,MATCHED,Åí0.00,DJ01.02 Dutch Prog1-10% Back Fav1-3 F1=3.00-3.50 F2-3=3.50-8.00 R8-12 1mtp W100,,,2026-02-25 08:36:43,2026-02-25 08:36:43,0001-01-01 00:00:00,
13:34 Pukekohe (NZL) 25th Feb\R7 1600m Mdn\5. Moretothinkabout,5. Moretothinkabout,639075723892708062,BACK,Åí0.31,Åí0.00,5.8,MATCHED,Åí0.00,DJ01.02 Dutch Prog1-10% Back Fav1-3 F1=3.00-3.50 F2-3=3.50-8.00 R8-12 1mtp W100,,,2026-02-25 08:36:43,2026-02-25 08:36:43,0001-01-01 00:00:00,
13:51 Doomben (AUS) 25th Feb\R2 1200m Hcap\5. Tophet,5. Tophet,639075723892708064,BACK,Åí0.22,Åí0.00,5,MATCHED,Åí0.00,DJ01.02 Dutch Prog1-10% Back Fav1-3 F1=3.00-3.50 F2-3=3.50-8.00 R8-12 1mtp W100,,,2026-02-25 08:36:43,2026-02-25 08:36:43,0001-01-01 00:00:00,
13:51 Doomben (AUS) 25th Feb\R2 1200m Hcap\4. King Of Minto,4. King Of Minto,639075723892708063,BACK,Åí0.65,Åí0.00,1.7,MATCHED,Åí0.00,DJ01.02 Dutch Prog1-10% Back Fav1-3 F1=3.00-3.50 F2-3=3.50-8.00 R8-12 1mtp W100,,,2026-02-25 08:36:43,2026-02-25 08:36:43,0001-01-01 00:00:00,
13:55 Port Lincoln (AUS) 25th Feb\R5 1350m Hcap\2. Fortis In Armis,2. Fortis In Armis,639075723892708066,BACK,Åí0.27,Åí0.00,5.9,MATCHED,Åí0.00,DJ01.02 Dutch Prog1-10% Back Fav1-3 F1=3.00-3.50 F2-3=3.50-8.00 R8-12 1mtp W100,,,2026-02-25 08:36:43,2026-02-25 08:36:43,0001-01-01 00:00:00,
13:34 Pukekohe (NZL) 25th Feb\R7 1600m Mdn\6. High Society,6. High Society,639075723892708061,BACK,Åí0.34,Åí0.00,5.3,MATCHED,Åí0.00,DJ01.02 Dutch Prog1-10% Back Fav1-3 F1=3.00-3.50 F2-3=3.50-8.00 R8-12 1mtp W100,,,2026-02-25 08:36:43,2026-02-25 08:36:43,0001-01-01 00:00:00,
13:55 Port Lincoln (AUS) 25th Feb\R5 1350m Hcap\4. Star Valour,4. Star Valour,639075723892708067,BACK,Åí0.30,Åí0.00,5.4,MATCHED,Åí0.00,DJ01.02 Dutch Prog1-10% Back Fav1-3 F1=3.00-3.50 F2-3=3.50-8.00 R8-12 1mtp W100,,,2026-02-25 08:36:43,2026-02-25 08:36:43,0001-01-01 00:00:00,
13:55 Port Lincoln (AUS) 25th Feb\R5 1350m Hcap\9. In Your Words,9. In Your Words,639075723892708068,BACK,Åí0.43,Åí0.00,3.7,MATCHED,Åí0.00,DJ01.02 Dutch Prog1-10% Back Fav1-3 F1=3.00-3.50 F2-3=3.50-8.00 R8-12 1mtp W100,,,2026-02-25 08:36:43,2026-02-25 08:36:43,0001-01-01 00:00:00,
13:40 Sandown (AUS) 25th Feb\R1 1300m 2yo\2. Hydrobomb,2. Hydrobomb,639075723892708069,BACK,Åí0.25,Åí0.00,4.4,MATCHED,Åí0.00,DJ01.02 Dutch Prog1-10% Back Fav1-3 F1=3.00-3.50 F2-3=3.50-8.00 R8-12 1mtp W100,,,2026-02-25 08:36:43,2026-02-25 08:36:43,0001-01-01 00:00:00,
13:40 Sandown (AUS) 25th Feb\R1 1300m 2yo\3. Optimus,3. Optimus,639075723892708070,BACK,Åí0.26,Åí0.00,4.2,MATCHED,Åí0.00,DJ01.02 Dutch Prog1-10% Back Fav1-3 F1=3.00-3.50 F2-3=3.50-8.00 R8-12 1mtp W100,,,2026-02-25 08:36:43,2026-02-25 08:36:43,0001-01-01 00:00:00,
14:11 Pukekohe (NZL) 25th Feb\R8 1200m Mdn\4. Le Jacques Cartier,4. Le Jacques Cartier,639075723892708073,BACK,Åí0.42,Åí0.00,2.82,MATCHED,Åí0.00,DJ01.02 Dutch Prog1-10% Back Fav1-3 F1=3.00-3.50 F2-3=3.50-8.00 R8-12 1mtp W100,,,2026-02-25 08:36:44,2026-02-25 08:36:44,0001-01-01 00:00:00,
14:11 Pukekohe (NZL) 25th Feb\R8 1200m Mdn\1. Navy Ensign,1. Navy Ensign,639075723892708072,BACK,Åí0.31,Åí0.00,3.8,MATCHED,Åí0.00,DJ01.02 Dutch Prog1-10% Back Fav1-3 F1=3.00-3.50 F2-3=3.50-8.00 R8-12 1mtp W100,,,2026-02-25 08:36:44,2026-02-25 08:36:44,0001-01-01 00:00:00,
14:11 Pukekohe (NZL) 25th Feb\R8 1200m Mdn\6. Earlicheer,6. Earlicheer,639075723892708074,BACK,Åí0.27,Åí0.00,4.4,MATCHED,Åí0.00,DJ01.02 Dutch Prog1-10% Back Fav1-3 F1=3.00-3.50 F2-3=3.50-8.00 R8-12 1mtp W100,,,2026-02-25 08:36:44,2026-02-25 08:36:44,0001-01-01 00:00:00,
14:00 Addington (NZL) 25th Feb\R4 1980m Trot M\6. Crown The Moment,6. Crown The Moment,639075723892708079,BACK,Åí0.33,Åí0.00,3.85,MATCHED,Åí0.00,DJ01.02 Dutch Prog1-10% Back Fav1-3 F1=3.00-3.50 F2-3=3.50-8.00 R8-12 1mtp W100,,,2026-02-25 08:36:44,2026-02-25 08:36:44,0001-01-01 00:00:00,
14:15 Sandown (AUS) 25th Feb\R2 1300m 3yo\5. Melian,5. Melian,639075723892708075,BACK,Åí0.25,Åí0.00,5.5,MATCHED,Åí0.00,DJ01.02 Dutch Prog1-10% Back Fav1-3 F1=3.00-3.50 F2-3=3.50-8.00 R8-12 1mtp W100,,,2026-02-25 08:36:44,2026-02-25 08:36:44,0001-01-01 00:00:00,
14:15 Sandown (AUS) 25th Feb\R2 1300m 3yo\6. Shoma,6. Shoma,639075723892708076,BACK,Åí0.41,Åí0.00,3.35,MATCHED,Åí0.00,DJ01.02 Dutch Prog1-10% Back Fav1-3 F1=3.00-3.50 F2-3=3.50-8.00 R8-12 1mtp W100,,,2026-02-25 08:36:44,2026-02-25 08:36:44,0001-01-01 00:00:00,
14:15 Sandown (AUS) 25th Feb\R2 1300m 3yo\7. Sparkling Luck,7. Sparkling Luck,639075723892708077,BACK,Åí0.35,Åí0.00,3.9,MATCHED,Åí0.00,DJ01.02 Dutch Prog1-10% Back Fav1-3 F1=3.00-3.50 F2-3=3.50-8.00 R8-12 1mtp W100,,,2026-02-25 08:36:44,2026-02-25 08:36:44,0001-01-01 00:00:00,
14:00 Addington (NZL) 25th Feb\R4 1980m Trot M\10. Dynasty,10. Dynasty,639075723892708080,BACK,Åí0.44,Åí0.00,2.9,MATCHED,Åí0.00,DJ01.02 Dutch Prog1-10% Back Fav1-3 F1=3.00-3.50 F2-3=3.50-8.00 R8-12 1mtp W100,,,2026-02-25 08:36:44,2026-02-25 08:36:44,0001-01-01 00:00:00,
14:00 Addington (NZL) 25th Feb\R4 1980m Trot M\2. Prince Teka,2. Prince Teka,639075723892708078,BACK,Åí0.23,Åí0.00,5.5,MATCHED,Åí0.00,DJ01.02 Dutch Prog1-10% Back Fav1-3 F1=3.00-3.50 F2-3=3.50-8.00 R8-12 1mtp W100,,,2026-02-25 08:36:44,2026-02-25 08:36:44,0001-01-01 00:00:00,
14:26 Doomben (AUS) 25th Feb\R3 1200m Mdn\2. Khoirgirl,2. Khoirgirl,639075723892708081,BACK,Åí0.39,Åí0.00,3.7,MATCHED,Åí0.00,DJ01.02 Dutch Prog1-10% Back Fav1-3 F1=3.00-3.50 F2-3=3.50-8.00 R8-12 1mtp W100,,,2026-02-25 08:36:45,2026-02-25 08:36:45,0001-01-01 00:00:00,
14:30 Port Lincoln (AUS) 25th Feb\R6 1350m Hcap\4. Oriedos,4. Oriedos,639075723892708086,BACK,Åí0.23,Åí0.00,6.6,MATCHED,Åí0.00,DJ01.02 Dutch Prog1-10% Back Fav1-3 F1=3.00-3.50 F2-3=3.50-8.00 R8-12 1mtp W100,,,2026-02-25 08:36:45,2026-02-25 08:36:45,0001-01-01 00:00:00,
14:26 Doomben (AUS) 25th Feb\R3 1200m Mdn\3. Tszyuya,3. Tszyuya,639075723892708082,BACK,Åí0.24,Åí0.00,5.9,MATCHED,Åí0.00,DJ01.02 Dutch Prog1-10% Back Fav1-3 F1=3.00-3.50 F2-3=3.50-8.00 R8-12 1mtp W100,,,2026-02-25 08:36:45,2026-02-25 08:36:45,0001-01-01 00:00:00,
14:25 Addington (NZL) 25th Feb\R5 1980m Pace M\2. Willy Away,2. Willy Away,639075723892708087,BACK,Åí0.21,Åí0.00,5.5,MATCHED,Åí0.00,DJ01.02 Dutch Prog1-10% Back Fav1-3 F1=3.00-3.50 F2-3=3.50-8.00 R8-12 1mtp W100,,,2026-02-25 08:36:45,2026-02-25 08:36:45,0001-01-01 00:00:00,
14:26 Doomben (AUS) 25th Feb\R3 1200m Mdn\7. Marunouchi,7. Marunouchi,639075723892708083,BACK,Åí0.37,Åí0.00,3.9,MATCHED,Åí0.00,DJ01.02 Dutch Prog1-10% Back Fav1-3 F1=3.00-3.50 F2-3=3.50-8.00 R8-12 1mtp W100,,,2026-02-25 08:36:45,2026-02-25 08:36:45,0001-01-01 00:00:00,
14:25 Addington (NZL) 25th Feb\R5 1980m Pace M\8. Kotare Rata,8. Kotare Rata,639075723892708088,BACK,Åí0.39,Åí0.00,2.94,MATCHED,Åí0.00,DJ01.02 Dutch Prog1-10% Back Fav1-3 F1=3.00-3.50 F2-3=3.50-8.00 R8-12 1mtp W100,,,2026-02-25 08:36:45,2026-02-25 08:36:45,0001-01-01 00:00:00,
14:30 Port Lincoln (AUS) 25th Feb\R6 1350m Hcap\3. Sir Panama,3. Sir Panama,639075723892708084,BACK,Åí0.33,Åí0.00,4.6,MATCHED,Åí0.00,DJ01.02 Dutch Prog1-10% Back Fav1-3 F1=3.00-3.50 F2-3=3.50-8.00 R8-12 1mtp W100,,,2026-02-25 08:36:45,2026-02-25 08:36:45,0001-01-01 00:00:00,
14:25 Addington (NZL) 25th Feb\R5 1980m Pace M\13. Shards Lyric,13. Shards Lyric,639075723892708089,BACK,Åí0.40,Åí0.00,2.9,MATCHED,Åí0.00,DJ01.02 Dutch Prog1-10% Back Fav1-3 F1=3.00-3.50 F2-3=3.50-8.00 R8-12 1mtp W100,,,2026-02-25 08:36:45,2026-02-25 08:36:45,0001-01-01 00:00:00,
14:30 Port Lincoln (AUS) 25th Feb\R6 1350m Hcap\9. Samanth,9. Samanth,639075723892708085,BACK,Åí0.44,Åí0.00,3.4,MATCHED,Åí0.00,DJ01.02 Dutch Prog1-10% Back Fav1-3 F1=3.00-3.50 F2-3=3.50-8.00 R8-12 1mtp W100,,,2026-02-25 08:36:45,2026-02-25 08:36:45,0001-01-01 00:00:00,
14:50 Sandown (AUS) 25th Feb\R3 1500m 3yo\4. Bel Mezyaan,4. Bel Mezyaan,639075723892708090,BACK,Åí0.46,Åí0.00,3.4,MATCHED,Åí0.00,DJ01.02 Dutch Prog1-10% Back Fav1-3 F1=3.00-3.50 F2-3=3.50-8.00 R8-12 1mtp W100,,,2026-02-25 08:36:46,2026-02-25 08:36:46,0001-01-01 00:00:00,
14:50 Sandown (AUS) 25th Feb\R3 1500m 3yo\11. Cushioned,11. Cushioned,639075723892708092,BACK,Åí0.22,Åí0.00,7,MATCHED,Åí0.00,DJ01.02 Dutch Prog1-10% Back Fav1-3 F1=3.00-3.50 F2-3=3.50-8.00 R8-12 1mtp W100,,,2026-02-25 08:36:46,2026-02-25 08:36:46,0001-01-01 00:00:00,
14:50 Sandown (AUS) 25th Feb\R3 1500m 3yo\10. Russian Choice,10. Russian Choice,639075723892708091,BACK,Åí0.32,Åí0.00,4.8,MATCHED,Åí0.00,DJ01.02 Dutch Prog1-10% Back Fav1-3 F1=3.00-3.50 F2-3=3.50-8.00 R8-12 1mtp W100,,,2026-02-25 08:36:46,2026-02-25 08:36:46,0001-01-01 00:00:00,
16:19 Townsville (AUS) 27th Feb\R10 1200m Hcap\11. Bubblesnfroth,11. Bubblesnfroth,639077734235428720,BACK,Åí0.03,Åí0.00,5.6,MATCHED,Åí0.00,"RT03.01 Dutch Back Top 2 Favs ""Rippled"" 1 of 6",,,2026-02-27 16:18:25,2026-02-27 16:18:25,0001-01-01 00:00:00,
16:19 Townsville (AUS) 27th Feb\R10 1200m Hcap\5. Burlington Arcade,5. Burlington Arcade,639077734235428719,BACK,Åí0.09,Åí0.00,1.95,MATCHED,Åí0.00,"RT03.01 Dutch Back Top 2 Favs ""Rippled"" 1 of 6",,,2026-02-27 16:18:25,2026-02-27 16:18:25,0001-01-01 00:00:00,
16:15 Cranbourne (AUS) 27th Feb\R1 1200m Mdn\7. Balance,7. Balance,639077734235428721,BACK,Åí0.10,Åí0.00,1.58,SETTLED,-Åí0.10,"RT03.01 Dutch Back Top 2 Favs ""Rippled"" 1 of 6",,,2026-02-27 16:18:27,2026-02-27 16:18:27,2026-02-27 16:18:34,
16:15 Cranbourne (AUS) 27th Feb\R1 1200m Mdn\8. Carriedo,8. Carriedo,639077734235428722,BACK,Åí0.02,Åí0.00,8,SETTLED,-Åí0.02,"RT03.01 Dutch Back Top 2 Favs ""Rippled"" 1 of 6",,,2026-02-27 16:18:27,2026-02-27 16:18:27,2026-02-27 16:18:34,
23:12 Lingfield 27th Feb\6f Hcap\Lord Harcourt,Lord Harcourt,639077734235428723,BACK,Åí0.07,Åí0.00,4.3,MATCHED,Åí0.00,"RT03.01 Dutch Back Top 2 Favs ""Rippled"" 1 of 6",,,2026-02-27 16:18:27,2026-02-27 16:18:27,0001-01-01 00:00:00,
23:12 Lingfield 27th Feb\6f Hcap\Henrythenate,Henrythenate,639077734235428724,BACK,Åí0.05,Åí0.00,6.2,MATCHED,Åí0.00,"RT03.01 Dutch Back Top 2 Favs ""Rippled"" 1 of 6",,,2026-02-27 16:18:27,2026-02-27 16:18:27,0001-01-01 00:00:00,
23:20 Doncaster 27th Feb\2m3f Nov Hcap Chs\Noahsgreatrainbow,Noahsgreatrainbow,639077734235428725,BACK,Åí0.06,Åí0.00,3.35,MATCHED,Åí0.00,"RT03.01 Dutch Back Top 2 Favs ""Rippled"" 1 of 6",,,2026-02-27 16:18:28,2026-02-27 16:18:28,0001-01-01 00:00:00,
23:20 Doncaster 27th Feb\2m3f Nov Hcap Chs\Lylian,Lylian,639077734235428726,BACK,Åí0.06,Åí0.00,3.55,MATCHED,Åí0.00,"RT03.01 Dutch Back Top 2 Favs ""Rippled"" 1 of 6",,,2026-02-27 16:18:28,2026-02-27 16:18:28,0001-01-01 00:00:00,
23:50 Doncaster 27th Feb\3m Nov Hrd\Tormund Giantsbane,Tormund Giantsbane,639077734235428728,BACK,Åí0.06,Åí0.00,2.8,MATCHED,Åí0.00,"RT03.01 Dutch Back Top 2 Favs ""Rippled"" 1 of 6",,,2026-02-27 16:18:29,2026-02-27 16:18:29,0001-01-01 00:00:00,
23:50 Doncaster 27th Feb\3m Nov Hrd\Quay Item,Quay Item,639077734235428727,BACK,Åí0.07,Åí0.00,2.5,MATCHED,Åí0.00,"RT03.01 Dutch Back Top 2 Favs ""Rippled"" 1 of 6",,,2026-02-27 16:18:29,2026-02-27 16:18:29,0001-01-01 00:00:00,
00:00 Newbury 27th Feb\2m7f Nov Chs\Miami Magic,Miami Magic,639077734235428729,BACK,Åí0.09,Åí0.00,1.99,MATCHED,Åí0.00,"RT03.01 Dutch Back Top 2 Favs ""Rippled"" 1 of 6",,,2026-02-27 16:18:30,2026-02-27 16:18:30,0001-01-01 00:00:00,
00:00 Newbury 27th Feb\2m7f Nov Chs\Wyenot,Wyenot,639077734235428730,BACK,Åí0.04,Åí0.00,4.8,MATCHED,Åí0.00,"RT03.01 Dutch Back Top 2 Favs ""Rippled"" 1 of 6",,,2026-02-27 16:18:30,2026-02-27 16:18:30,0001-01-01 00:00:00,
00:12 Lingfield 27th Feb\6f Hcap\Ferrous,Ferrous,639077734235428731,BACK,Åí0.06,Åí0.00,3.9,MATCHED,Åí0.00,"RT03.01 Dutch Back Top 2 Favs ""Rippled"" 1 of 6",,,2026-02-27 16:18:30,2026-02-27 16:18:30,0001-01-01 00:00:00,
00:12 Lingfield 27th Feb\6f Hcap\El Bodon,El Bodon,639077734235428732,BACK,Åí0.06,Åí0.00,4,MATCHED,Åí0.00,"RT03.01 Dutch Back Top 2 Favs ""Rippled"" 1 of 6",,,2026-02-27 16:18:30,2026-02-27 16:18:30,0001-01-01 00:00:00,
00:35 Newbury 27th Feb\2m4f Nov Hrd\The Big Clubman,The Big Clubman,639077734235428734,BACK,Åí0.05,Åí0.00,2.76,MATCHED,Åí0.00,"RT03.01 Dutch Back Top 2 Favs ""Rippled"" 1 of 6",,,2026-02-27 16:18:31,2026-02-27 16:18:31,0001-01-01 00:00:00,
00:35 Newbury 27th Feb\2m4f Nov Hrd\Talk To The Man,Talk To The Man,639077734235428733,BACK,Åí0.07,Åí0.00,2,MATCHED,Åí0.00,"RT03.01 Dutch Back Top 2 Favs ""Rippled"" 1 of 6",,,2026-02-27 16:18:31,2026-02-27 16:18:31,0001-01-01 00:00:00,
16:30 Canterbury (AUS) 27th Feb\R2 1200m Hcap\4. Rajwa,4. Rajwa,639077734235428736,BACK,Åí0.11,Åí0.00,5.5,MATCHED,Åí0.00,"RT03.01 Dutch Back Top 2 Favs ""Rippled"" 1 of 6",,,2026-02-27 16:19:01,2026-02-27 16:19:01,0001-01-01 00:00:00,
16:30 Canterbury (AUS) 27th Feb\R2 1200m Hcap\3. Penpel,3. Penpel,639077734235428735,BACK,Åí0.24,Åí0.00,2.58,MATCHED,Åí0.00,"RT03.01 Dutch Back Top 2 Favs ""Rippled"" 1 of 6",,,2026-02-27 16:19:01,2026-02-27 16:19:01,0001-01-01 00:00:00,
17:45 Cranbourne (AUS) 27th Feb\R4 1200m 3yo\2. Fly By Light,2. Fly By Light,639077734235428737,BACK,Åí0.22,Åí0.00,2.74,MATCHED,Åí0.00,"RT03.01 Dutch Back Top 2 Favs ""Rippled"" 1 of 6",,,2026-02-27 16:19:04,2026-02-27 16:19:04,0001-01-01 00:00:00,
17:45 Cranbourne (AUS) 27th Feb\R4 1200m 3yo\3. Lyrics N Song,3. Lyrics N Song,639077734235428738,BACK,Åí0.13,Åí0.00,4.6,MATCHED,Åí0.00,"RT03.01 Dutch Back Top 2 Favs ""Rippled"" 1 of 6",,,2026-02-27 16:19:04,2026-02-27 16:19:04,0001-01-01 00:00:00,
18:00 Canterbury (AUS) 27th Feb\R5 1250m Hcap\2. Diddle Dumpling,2. Diddle Dumpling,639077734235428740,BACK,Åí0.24,Åí0.00,2,MATCHED,Åí0.00,"RT03.01 Dutch Back Top 2 Favs ""Rippled"" 1 of 6",,,2026-02-27 16:19:05,2026-02-27 16:19:05,0001-01-01 00:00:00,
18:00 Canterbury (AUS) 27th Feb\R5 1250m Hcap\1. Sacred Rocks,1. Sacred Rocks,639077734235428739,BACK,Åí0.10,Åí0.00,4.7,MATCHED,Åí0.00,"RT03.01 Dutch Back Top 2 Favs ""Rippled"" 1 of 6",,,2026-02-27 16:19:05,2026-02-27 16:19:05,0001-01-01 00:00:00,
16:22 Newcastle (AUS) 27th Feb\R1 2030m Pace M\9. Rockin Bull,9. Rockin Bull,639077734235428741,BACK,Åí0.13,Åí0.00,5,MATCHED,Åí0.00,"RT03.01 Dutch Back Top 2 Favs ""Rippled"" 1 of 6",,,2026-02-27 16:19:20,2026-02-27 16:19:20,0001-01-01 00:00:00,
16:22 Newcastle (AUS) 27th Feb\R1 2030m Pace M\10. Fake Friends,10. Fake Friends,639077734235428742,BACK,Åí0.22,Åí0.00,2.98,MATCHED,Åí0.00,"RT03.01 Dutch Back Top 2 Favs ""Rippled"" 1 of 6",,,2026-02-27 16:19:20,2026-02-27 16:19:20,0001-01-01 00:00:00,
22:42 Lingfield 27th Feb\1m2f Hcap\Muy Muy Loco,Muy Muy Loco,639077734235428743,BACK,Åí0.18,Åí0.00,4,MATCHED,Åí0.00,"RT03.01 Dutch Back Top 2 Favs ""Rippled"" 1 of 6",,,2026-02-27 16:19:23,2026-02-27 16:19:23,0001-01-01 00:00:00,
22:42 Lingfield 27th Feb\1m2f Hcap\Seventy,Seventy,639077734235428744,BACK,Åí0.17,Åí0.00,4.3,MATCHED,Åí0.00,"RT03.01 Dutch Back Top 2 Favs ""Rippled"" 1 of 6",,,2026-02-27 16:19:23,2026-02-27 16:19:23,0001-01-01 00:00:00,
23:00 Newbury 27th Feb\2m4f Hcap Hrd\Guchen,Guchen,639077734235428746,BACK,Åí0.16,Åí0.00,5.7,MATCHED,Åí0.00,"RT03.01 Dutch Back Top 2 Favs ""Rippled"" 1 of 6",,,2026-02-27 16:19:25,2026-02-27 16:19:25,0001-01-01 00:00:00,
23:00 Newbury 27th Feb\2m4f Hcap Hrd\Karma Police,Karma Police,639077734235428745,BACK,Åí0.18,Åí0.00,5,MATCHED,Åí0.00,"RT03.01 Dutch Back Top 2 Favs ""Rippled"" 1 of 6",,,2026-02-27 16:19:25,2026-02-27 16:19:25,0001-01-01 00:00:00,
23:42 Lingfield 27th Feb\7f Hcap\Mereside Diva,Mereside Diva,639077734235428748,BACK,Åí0.17,Åí0.00,5.3,MATCHED,Åí0.00,"RT03.01 Dutch Back Top 2 Favs ""Rippled"" 1 of 6",,,2026-02-27 16:19:28,2026-02-27 16:19:28,0001-01-01 00:00:00,
23:42 Lingfield 27th Feb\7f Hcap\Lady Manzor,Lady Manzor,639077734235428747,BACK,Åí0.17,Åí0.00,5.4,MATCHED,Åí0.00,"RT03.01 Dutch Back Top 2 Favs ""Rippled"" 1 of 6",,,2026-02-27 16:19:28,2026-02-27 16:19:28,0001-01-01 00:00:00,
22:00 Elche v Espanyol\Match Odds\The Draw,The Draw,639079659046009940,LAY,Åí4.00,Åí0.00,3.4,MATCHED,Åí0.00,B- NO DRAW LAY,Score at time of bet: 0 - 0,no draw lay,2026-03-01 21:49:05,2026-03-01 21:49:05,0001-01-01 00:00:00,
22:00 AFC Leopards SC (Kenya) v Shabana\Match Odds\The Draw,The Draw,639079659046009941,LAY,Åí4.26,Åí0.00,3.25,MATCHED,Åí0.00,B- NO DRAW LAY,,no draw lay,2026-03-01 21:49:05,2026-03-01 21:49:05,0001-01-01 00:00:00,
22:00 CA Juventus v XV de Piracicaba\Match Odds\The Draw,The Draw,639079659046009942,LAY,Åí4.35,Åí0.00,3.2,MATCHED,Åí0.00,B- NO DRAW LAY,Score at time of bet: 0 - 0,no draw lay,2026-03-01 21:49:05,2026-03-01 21:49:05,0001-01-01 00:00:00,
22:00 Genclerbirligi v Kayserispor\Match Odds\The Draw,The Draw,639079659046009943,LAY,Åí3.70,Åí0.00,3.6,MATCHED,Åí0.00,B- NO DRAW LAY,Score at time of bet: 0 - 0,no draw lay,2026-03-01 21:49:06,2026-03-01 21:49:06,0001-01-01 00:00:00,
22:00 Kalamata v Marko\Match Odds\The Draw,The Draw,639079659046009944,LAY,Åí1.11,Åí0.00,9.6,MATCHED,Åí0.00,B- NO DRAW LAY,Score at time of bet: 0 - 0,no draw lay,2026-03-01 21:49:07,2026-03-01 21:49:07,0001-01-01 00:00:00,
22:00 Jesenice v Krsko\Match Odds\The Draw,The Draw,639079659046009945,LAY,Åí2.86,Åí0.00,4.3,MATCHED,Åí0.00,B- NO DRAW LAY,,no draw lay,2026-03-01 21:49:07,2026-03-01 21:49:07,0001-01-01 00:00:00,
22:00 Lausanne v FC Basel\Match Odds\The Draw,The Draw,639079659046009946,LAY,Åí3.03,Åí0.00,4.1,MATCHED,Åí0.00,B- NO DRAW LAY,Score at time of bet: 0 - 0,no draw lay,2026-03-01 21:49:08,2026-03-01 21:49:08,0001-01-01 00:00:00,
22:00 Elche v Espanyol\Match Odds\The Draw,The Draw,639079659046009947,LAY,Åí0.24,Åí0.00,3.4,MATCHED,Åí0.00,DUPLICATE B- NO DRAW LAY,Score at time of bet: 0 - 0,no draw lay,2026-03-01 21:50:41,2026-03-01 21:50:41,0001-01-01 00:00:00,
22:00 CA Juventus v XV de Piracicaba\Match Odds\The Draw,The Draw,639079659046009949,LAY,Åí0.26,Åí0.00,3.2,MATCHED,Åí0.00,DUPLICATE B- NO DRAW LAY,Score at time of bet: 0 - 0,no draw lay,2026-03-01 21:50:41,2026-03-01 21:50:41,0001-01-01 00:00:00,
22:00 AFC Leopards SC (Kenya) v Shabana\Match Odds\The Draw,The Draw,639079659046009948,LAY,Åí0.26,Åí0.00,3.25,MATCHED,Åí0.00,DUPLICATE B- NO DRAW LAY,,no draw lay,2026-03-01 21:50:41,2026-03-01 21:50:41,0001-01-01 00:00:00,
22:00 Genclerbirligi v Kayserispor\Match Odds\The Draw,The Draw,639079659046009950,LAY,Åí0.22,Åí0.00,3.6,MATCHED,Åí0.00,DUPLICATE B- NO DRAW LAY,Score at time of bet: 0 - 0,no draw lay,2026-03-01 21:50:42,2026-03-01 21:50:42,0001-01-01 00:00:00,
22:00 Kalamata v Marko\Match Odds\The Draw,The Draw,639079659046009951,LAY,Åí0.07,Åí0.00,9.6,MATCHED,Åí0.00,DUPLICATE B- NO DRAW LAY,Score at time of bet: 0 - 0,no draw lay,2026-03-01 21:50:43,2026-03-01 21:50:43,0001-01-01 00:00:00,
22:00 Jesenice v Krsko\Match Odds\The Draw,The Draw,639079659046009952,LAY,Åí0.17,Åí0.00,4.3,MATCHED,Åí0.00,DUPLICATE B- NO DRAW LAY,,no draw lay,2026-03-01 21:50:43,2026-03-01 21:50:43,0001-01-01 00:00:00,
22:00 Lausanne v FC Basel\Match Odds\The Draw,The Draw,639079659046009953,LAY,Åí0.18,Åí0.00,4.1,MATCHED,Åí0.00,DUPLICATE B- NO DRAW LAY,Score at time of bet: 0 - 0,no draw lay,2026-03-01 21:50:44,2026-03-01 21:50:44,0001-01-01 00:00:00,
17:00 Uzbekistan (W) v China (W)\Over/Under 1.5 Goals\Under 1.5 Goals,Under 1.5 Goals,639083781672698629,BACK,Åí0.00,Åí0.00,0,UNMATCHED,Åí0.00,MV13.00 LTD9 trigger bot (any selection on any market for that event is ok) host bets,,,2026-03-06 16:17:54,2026-03-06 16:17:54,0001-01-01 00:00:00,
17:35 Adelaide United v Wellington Phoenix\Half Time\Adelaide United,Adelaide United,639083781672698627,BACK,Åí0.00,Åí0.00,0,UNMATCHED,Åí0.00,MV13.00 LTD9 trigger bot (any selection on any market for that event is ok) host bets,,,2026-03-06 16:17:54,2026-03-06 16:17:54,0001-01-01 00:00:00,
17:35 Adelaide United v Wellington Phoenix\Match Odds\Adelaide United,Adelaide United,639083781672698618,BACK,Åí0.00,Åí0.00,0,UNMATCHED,Åí0.00,MV13.00 LTD9 trigger bot (any selection on any market for that event is ok) host bets,,,2026-03-06 16:17:54,2026-03-06 16:17:54,0001-01-01 00:00:00,
17:00 Uzbekistan (W) v China (W)\Over/Under 3.5 Goals\Under 3.5 Goals,Under 3.5 Goals,639083781672698622,BACK,Åí0.00,Åí0.00,0,UNMATCHED,Åí0.00,MV13.00 LTD9 trigger bot (any selection on any market for that event is ok) host bets,,,2026-03-06 16:17:54,2026-03-06 16:17:54,0001-01-01 00:00:00,
17:00 Uzbekistan (W) v China (W)\Match Odds\China (W),China (W),639083781672698630,BACK,Åí0.00,Åí0.00,0,UNMATCHED,Åí0.00,MV13.00 LTD9 trigger bot (any selection on any market for that event is ok) host bets,,,2026-03-06 16:17:54,2026-03-06 16:17:54,0001-01-01 00:00:00,
17:35 Adelaide United v Wellington Phoenix\Match Odds\The Draw,The Draw,639083781672698626,BACK,Åí0.00,Åí0.00,0,UNMATCHED,Åí0.00,MV13.00 LTD9 trigger bot (any selection on any market for that event is ok) host bets,,,2026-03-06 16:17:54,2026-03-06 16:17:54,0001-01-01 00:00:00,
17:00 Uzbekistan (W) v China (W)\Match Odds\Uzbekistan (W),Uzbekistan (W),639083781672698624,BACK,Åí0.00,Åí0.00,0,UNMATCHED,Åí0.00,MV13.00 LTD9 trigger bot (any selection on any market for that event is ok) host bets,,,2026-03-06 16:17:54,2026-03-06 16:17:54,0001-01-01 00:00:00,
17:35 Adelaide United v Wellington Phoenix\Half Time\The Draw,The Draw,639083781672698623,BACK,Åí0.00,Åí0.00,0,UNMATCHED,Åí0.00,MV13.00 LTD9 trigger bot (any selection on any market for that event is ok) host bets,,,2026-03-06 16:17:54,2026-03-06 16:17:54,0001-01-01 00:00:00,
17:00 Uzbekistan (W) v China (W)\Over/Under 1.5 Goals\Over 1.5 Goals,Over 1.5 Goals,639083781672698621,BACK,Åí0.00,Åí0.00,0,UNMATCHED,Åí0.00,MV13.00 LTD9 trigger bot (any selection on any market for that event is ok) host bets,,,2026-03-06 16:17:54,2026-03-06 16:17:54,0001-01-01 00:00:00,
17:35 Adelaide United v Wellington Phoenix\Match Odds\Wellington Phoenix,Wellington Phoenix,639083781672698625,BACK,Åí0.00,Åí0.00,0,UNMATCHED,Åí0.00,MV13.00 LTD9 trigger bot (any selection on any market for that event is ok) host bets,,,2026-03-06 16:17:54,2026-03-06 16:17:54,0001-01-01 00:00:00,
17:00 Uzbekistan (W) v China (W)\Match Odds\The Draw,The Draw,639083781672698628,BACK,Åí0.00,Åí0.00,0,UNMATCHED,Åí0.00,MV13.00 LTD9 trigger bot (any selection on any market for that event is ok) host bets,,,2026-03-06 16:17:54,2026-03-06 16:17:54,0001-01-01 00:00:00,
17:35 Adelaide United v Wellington Phoenix\Half Time\Wellington Phoenix,Wellington Phoenix,639083781672698620,BACK,Åí0.00,Åí0.00,0,UNMATCHED,Åí0.00,MV13.00 LTD9 trigger bot (any selection on any market for that event is ok) host bets,,,2026-03-06 16:17:54,2026-03-06 16:17:54,0001-01-01 00:00:00,
17:00 Uzbekistan (W) v China (W)\Over/Under 3.5 Goals\Over 3.5 Goals,Over 3.5 Goals,639083781672698619,BACK,Åí0.00,Åí0.00,0,UNMATCHED,Åí0.00,MV13.00 LTD9 trigger bot (any selection on any market for that event is ok) host bets,,,2026-03-06 16:17:54,2026-03-06 16:17:54,0001-01-01 00:00:00,
17:35 Adelaide United v Wellington Phoenix\Over/Under 3.5 Goals\Over 3.5 Goals,Over 3.5 Goals,639083781672698634,BACK,Åí0.00,Åí0.00,0,UNMATCHED,Åí0.00,MV13.00 LTD9 trigger bot (any selection on any market for that event is ok) host bets,,,2026-03-06 16:17:55,2026-03-06 16:17:55,0001-01-01 00:00:00,
17:00 Uzbekistan (W) v China (W)\Half Time\China (W),China (W),639083781672698636,BACK,Åí0.00,Åí0.00,0,UNMATCHED,Åí0.00,MV13.00 LTD9 trigger bot (any selection on any market for that event is ok) host bets,,,2026-03-06 16:17:55,2026-03-06 16:17:55,0001-01-01 00:00:00,
17:00 Uzbekistan (W) v China (W)\Half Time\The Draw,The Draw,639083781672698637,BACK,Åí0.00,Åí0.00,0,UNMATCHED,Åí0.00,MV13.00 LTD9 trigger bot (any selection on any market for that event is ok) host bets,,,2026-03-06 16:17:55,2026-03-06 16:17:55,0001-01-01 00:00:00,
17:35 Adelaide United v Wellington Phoenix\Over/Under 1.5 Goals\Over 1.5 Goals,Over 1.5 Goals,639083781672698632,BACK,Åí0.00,Åí0.00,0,UNMATCHED,Åí0.00,MV13.00 LTD9 trigger bot (any selection on any market for that event is ok) host bets,,,2026-03-06 16:17:55,2026-03-06 16:17:55,0001-01-01 00:00:00,
17:00 Uzbekistan (W) v China (W)\Half Time\Uzbekistan (W),Uzbekistan (W),639083781672698635,BACK,Åí0.00,Åí0.00,0,UNMATCHED,Åí0.00,MV13.00 LTD9 trigger bot (any selection on any market for that event is ok) host bets,,,2026-03-06 16:17:55,2026-03-06 16:17:55,0001-01-01 00:00:00,
17:35 Adelaide United v Wellington Phoenix\Over/Under 3.5 Goals\Under 3.5 Goals,Under 3.5 Goals,639083781672698633,BACK,Åí0.00,Åí0.00,0,UNMATCHED,Åí0.00,MV13.00 LTD9 trigger bot (any selection on any market for that event is ok) host bets,,,2026-03-06 16:17:55,2026-03-06 16:17:55,0001-01-01 00:00:00,
17:35 Adelaide United v Wellington Phoenix\Over/Under 1.5 Goals\Under 1.5 Goals,Under 1.5 Goals,639083781672698631,BACK,Åí0.00,Åí0.00,0,UNMATCHED,Åí0.00,MV13.00 LTD9 trigger bot (any selection on any market for that event is ok) host bets,,,2026-03-06 16:17:55,2026-03-06 16:17:55,0001-01-01 00:00:00,
17:45 Bangladesh Police v Brothers Union\Match Odds\Bangladesh Police,Bangladesh Police,639083781672698638,BACK,Åí0.00,Åí0.00,0,CANCELLED,Åí0.00,MV13.00 LTD9 trigger bot (any selection on any market for that event is ok) host bets,,,2026-03-06 16:18:44,2026-03-06 16:18:44,0001-01-01 00:00:00,
17:45 Bangladesh Police v Brothers Union\Match Odds\The Draw,The Draw,639083781672698640,BACK,Åí0.00,Åí0.00,0,CANCELLED,Åí0.00,MV13.00 LTD9 trigger bot (any selection on any market for that event is ok) host bets,,,2026-03-06 16:18:44,2026-03-06 16:18:44,0001-01-01 00:00:00,
17:45 Bangladesh Police v Brothers Union\Over/Under 1.5 Goals\Over 1.5 Goals,Over 1.5 Goals,639083781672698644,BACK,Åí0.00,Åí0.00,0,CANCELLED,Åí0.00,MV13.00 LTD9 trigger bot (any selection on any market for that event is ok) host bets,,,2026-03-06 16:18:44,2026-03-06 16:18:44,0001-01-01 00:00:00,
17:45 Bangladesh Police v Brothers Union\Over/Under 1.5 Goals\Under 1.5 Goals,Under 1.5 Goals,639083781672698645,BACK,Åí0.00,Åí0.00,0,CANCELLED,Åí0.00,MV13.00 LTD9 trigger bot (any selection on any market for that event is ok) host bets,,,2026-03-06 16:18:44,2026-03-06 16:18:44,0001-01-01 00:00:00,
17:45 Bangladesh Police v Brothers Union\Half Time\The Draw,The Draw,639083781672698643,BACK,Åí0.00,Åí0.00,0,CANCELLED,Åí0.00,MV13.00 LTD9 trigger bot (any selection on any market for that event is ok) host bets,,,2026-03-06 16:18:44,2026-03-06 16:18:44,0001-01-01 00:00:00,
17:45 Bangladesh Police v Brothers Union\Half Time\Brothers Union,Brothers Union,639083781672698642,BACK,Åí0.00,Åí0.00,0,CANCELLED,Åí0.00,MV13.00 LTD9 trigger bot (any selection on any market for that event is ok) host bets,,,2026-03-06 16:18:44,2026-03-06 16:18:44,0001-01-01 00:00:00,
17:45 Bangladesh Police v Brothers Union\Match Odds\Brothers Union,Brothers Union,639083781672698639,BACK,Åí0.00,Åí0.00,0,CANCELLED,Åí0.00,MV13.00 LTD9 trigger bot (any selection on any market for that event is ok) host bets,,,2026-03-06 16:18:44,2026-03-06 16:18:44,0001-01-01 00:00:00,
17:45 Bangladesh Police v Brothers Union\Half Time\Bangladesh Police,Bangladesh Police,639083781672698641,BACK,Åí0.00,Åí0.00,0,CANCELLED,Åí0.00,MV13.00 LTD9 trigger bot (any selection on any market for that event is ok) host bets,,,2026-03-06 16:18:44,2026-03-06 16:18:44,0001-01-01 00:00:00,
17:45 Bashundhara Kings v PWD Sports Club\Half Time\PWD Sports Club,PWD Sports Club,639083781672698652,BACK,Åí0.00,Åí0.00,0,CANCELLED,Åí0.00,MV13.00 LTD9 trigger bot (any selection on any market for that event is ok) host bets,,,2026-03-06 16:18:45,2026-03-06 16:18:45,0001-01-01 00:00:00,
17:45 Bangladesh Police v Brothers Union\Over/Under 3.5 Goals\Over 3.5 Goals,Over 3.5 Goals,639083781672698647,BACK,Åí0.00,Åí0.00,0,CANCELLED,Åí0.00,MV13.00 LTD9 trigger bot (any selection on any market for that event is ok) host bets,,,2026-03-06 16:18:45,2026-03-06 16:18:45,0001-01-01 00:00:00,
17:45 Bashundhara Kings v PWD Sports Club\Half Time\The Draw,The Draw,639083781672698653,BACK,Åí0.00,Åí0.00,0,CANCELLED,Åí0.00,MV13.00 LTD9 trigger bot (any selection on any market for that event is ok) host bets,,,2026-03-06 16:18:45,2026-03-06 16:18:45,0001-01-01 00:00:00,
17:45 Bashundhara Kings v PWD Sports Club\Over/Under 1.5 Goals\Over 1.5 Goals,Over 1.5 Goals,639083781672698655,BACK,Åí0.00,Åí0.00,0,CANCELLED,Åí0.00,MV13.00 LTD9 trigger bot (any selection on any market for that event is ok) host bets,,,2026-03-06 16:18:45,2026-03-06 16:18:45,0001-01-01 00:00:00,
17:45 Bashundhara Kings v PWD Sports Club\Match Odds\Bashundhara Kings,Bashundhara Kings,639083781672698648,BACK,Åí0.00,Åí0.00,0,CANCELLED,Åí0.00,MV13.00 LTD9 trigger bot (any selection on any market for that event is ok) host bets,,,2026-03-06 16:18:45,2026-03-06 16:18:45,0001-01-01 00:00:00,
17:45 Bangladesh Police v Brothers Union\Over/Under 3.5 Goals\Under 3.5 Goals,Under 3.5 Goals,639083781672698646,BACK,Åí0.00,Åí0.00,0,CANCELLED,Åí0.00,MV13.00 LTD9 trigger bot (any selection on any market for that event is ok) host bets,,,2026-03-06 16:18:45,2026-03-06 16:18:45,0001-01-01 00:00:00,
17:45 Bashundhara Kings v PWD Sports Club\Over/Under 3.5 Goals\Over 3.5 Goals,Over 3.5 Goals,639083781672698657,BACK,Åí0.00,Åí0.00,0,CANCELLED,Åí0.00,MV13.00 LTD9 trigger bot (any selection on any market for that event is ok) host bets,,,2026-03-06 16:18:45,2026-03-06 16:18:45,0001-01-01 00:00:00,
17:45 Bashundhara Kings v PWD Sports Club\Over/Under 3.5 Goals\Under 3.5 Goals,Under 3.5 Goals,639083781672698656,BACK,Åí0.00,Åí0.00,0,CANCELLED,Åí0.00,MV13.00 LTD9 trigger bot (any selection on any market for that event is ok) host bets,,,2026-03-06 16:18:45,2026-03-06 16:18:45,0001-01-01 00:00:00,
17:45 Bashundhara Kings v PWD Sports Club\Half Time\Bashundhara Kings,Bashundhara Kings,639083781672698651,BACK,Åí0.00,Åí0.00,0,CANCELLED,Åí0.00,MV13.00 LTD9 trigger bot (any selection on any market for that event is ok) host bets,,,2026-03-06 16:18:45,2026-03-06 16:18:45,0001-01-01 00:00:00,
17:45 Bashundhara Kings v PWD Sports Club\Over/Under 1.5 Goals\Under 1.5 Goals,Under 1.5 Goals,639083781672698654,BACK,Åí0.00,Åí0.00,0,CANCELLED,Åí0.00,MV13.00 LTD9 trigger bot (any selection on any market for that event is ok) host bets,,,2026-03-06 16:18:45,2026-03-06 16:18:45,0001-01-01 00:00:00,
17:45 Bashundhara Kings v PWD Sports Club\Match Odds\PWD Sports Club,PWD Sports Club,639083781672698649,BACK,Åí0.00,Åí0.00,0,CANCELLED,Åí0.00,MV13.00 LTD9 trigger bot (any selection on any market for that event is ok) host bets,,,2026-03-06 16:18:45,2026-03-06 16:18:45,0001-01-01 00:00:00,
17:45 Bashundhara Kings v PWD Sports Club\Match Odds\The Draw,The Draw,639083781672698650,BACK,Åí0.00,Åí0.00,0,CANCELLED,Åí0.00,MV13.00 LTD9 trigger bot (any selection on any market for that event is ok) host bets,,,2026-03-06 16:18:45,2026-03-06 16:18:45,0001-01-01 00:00:00,
17:45 Dhaka Abahani v Rahmatganj MFS\Over/Under 1.5 Goals\Over 1.5 Goals,Over 1.5 Goals,639083781672698668,BACK,Åí0.00,Åí0.00,0,CANCELLED,Åí0.00,MV13.00 LTD9 trigger bot (any selection on any market for that event is ok) host bets,,,2026-03-06 16:18:46,2026-03-06 16:18:46,0001-01-01 00:00:00,
17:45 Dhaka Abahani v Rahmatganj MFS\Over/Under 3.5 Goals\Under 3.5 Goals,Under 3.5 Goals,639083781672698669,BACK,Åí0.00,Åí0.00,0,CANCELLED,Åí0.00,MV13.00 LTD9 trigger bot (any selection on any market for that event is ok) host bets,,,2026-03-06 16:18:46,2026-03-06 16:18:46,0001-01-01 00:00:00,
17:45 Dhaka Abahani v Rahmatganj MFS\Half Time\The Draw,The Draw,639083781672698666,BACK,Åí0.00,Åí0.00,0,CANCELLED,Åí0.00,MV13.00 LTD9 trigger bot (any selection on any market for that event is ok) host bets,,,2026-03-06 16:18:46,2026-03-06 16:18:46,0001-01-01 00:00:00,
18:00 Dong Tam Long An v Xuan Thien Phu Tho\Half Time\The Draw,The Draw,639083781672698660,BACK,Åí0.00,Åí0.00,0,CANCELLED,Åí0.00,MV13.00 LTD9 trigger bot (any selection on any market for that event is ok) host bets,,,2026-03-06 16:18:46,2026-03-06 16:18:46,0001-01-01 00:00:00,
17:45 Dhaka Abahani v Rahmatganj MFS\Match Odds\The Draw,The Draw,639083781672698662,BACK,Åí0.00,Åí0.00,0,CANCELLED,Åí0.00,MV13.00 LTD9 trigger bot (any selection on any market for that event is ok) host bets,,,2026-03-06 16:18:46,2026-03-06 16:18:46,0001-01-01 00:00:00,
17:45 Dhaka Abahani v Rahmatganj MFS\Match Odds\Rahmatganj MFS,Rahmatganj MFS,639083781672698663,BACK,Åí0.00,Åí0.00,0,CANCELLED,Åí0.00,MV13.00 LTD9 trigger bot (any selection on any market for that event is ok) host bets,,,2026-03-06 16:18:46,2026-03-06 16:18:46,0001-01-01 00:00:00,
17:45 Dhaka Abahani v Rahmatganj MFS\Half Time\Rahmatganj MFS,Rahmatganj MFS,639083781672698665,BACK,Åí0.00,Åí0.00,0,CANCELLED,Åí0.00,MV13.00 LTD9 trigger bot (any selection on any market for that event is ok) host bets,,,2026-03-06 16:18:46,2026-03-06 16:18:46,0001-01-01 00:00:00,
18:00 Dong Tam Long An v Xuan Thien Phu Tho\Half Time\Dong Tam Long An,Dong Tam Long An,639083781672698658,BACK,Åí0.00,Åí0.00,0,CANCELLED,Åí0.00,MV13.00 LTD9 trigger bot (any selection on any market for that event is ok) host bets,,,2026-03-06 16:18:46,2026-03-06 16:18:46,0001-01-01 00:00:00,
18:00 Dong Tam Long An v Xuan Thien Phu Tho\Half Time\Xuan Thien Phu Tho,Xuan Thien Phu Tho,639083781672698659,BACK,Åí0.00,Åí0.00,0,CANCELLED,Åí0.00,MV13.00 LTD9 trigger bot (any selection on any market for that event is ok) host bets,,,2026-03-06 16:18:46,2026-03-06 16:18:46,0001-01-01 00:00:00,
17:45 Dhaka Abahani v Rahmatganj MFS\Match Odds\Dhaka Abahani,Dhaka Abahani,639083781672698661,BACK,Åí0.00,Åí0.00,0,CANCELLED,Åí0.00,MV13.00 LTD9 trigger bot (any selection on any market for that event is ok) host bets,,,2026-03-06 16:18:46,2026-03-06 16:18:46,0001-01-01 00:00:00,
17:45 Dhaka Abahani v Rahmatganj MFS\Half Time\Dhaka Abahani,Dhaka Abahani,639083781672698664,BACK,Åí0.00,Åí0.00,0,CANCELLED,Åí0.00,MV13.00 LTD9 trigger bot (any selection on any market for that event is ok) host bets,,,2026-03-06 16:18:46,2026-03-06 16:18:46,0001-01-01 00:00:00,
17:45 Dhaka Abahani v Rahmatganj MFS\Over/Under 1.5 Goals\Under 1.5 Goals,Under 1.5 Goals,639083781672698667,BACK,Åí0.00,Åí0.00,0,CANCELLED,Åí0.00,MV13.00 LTD9 trigger bot (any selection on any market for that event is ok) host bets,,,2026-03-06 16:18:46,2026-03-06 16:18:46,0001-01-01 00:00:00,
17:45 Dhaka Abahani v Rahmatganj MFS\Over/Under 3.5 Goals\Over 3.5 Goals,Over 3.5 Goals,639083781672698670,BACK,Åí0.00,Åí0.00,0,CANCELLED,Åí0.00,MV13.00 LTD9 trigger bot (any selection on any market for that event is ok) host bets,,,2026-03-06 16:18:46,2026-03-06 16:18:46,0001-01-01 00:00:00,
18:00 Dong Tam Long An v Xuan Thien Phu Tho\Match Odds\Dong Tam Long An,Dong Tam Long An,639083781672698671,BACK,Åí0.00,Åí0.00,0,CANCELLED,Åí0.00,MV13.00 LTD9 trigger bot (any selection on any market for that event is ok) host bets,,,2026-03-06 16:18:47,2026-03-06 16:18:47,0001-01-01 00:00:00,
18:00 Dong Tam Long An v Xuan Thien Phu Tho\Over/Under 3.5 Goals\Over 3.5 Goals,Over 3.5 Goals,639083781672698677,BACK,Åí0.00,Åí0.00,0,CANCELLED,Åí0.00,MV13.00 LTD9 trigger bot (any selection on any market for that event is ok) host bets,,,2026-03-06 16:18:47,2026-03-06 16:18:47,0001-01-01 00:00:00,
18:00 Dong Tam Long An v Xuan Thien Phu Tho\Match Odds\Xuan Thien Phu Tho,Xuan Thien Phu Tho,639083781672698672,BACK,Åí0.00,Åí0.00,0,CANCELLED,Åí0.00,MV13.00 LTD9 trigger bot (any selection on any market for that event is ok) host bets,,,2026-03-06 16:18:47,2026-03-06 16:18:47,0001-01-01 00:00:00,
18:00 Dong Tam Long An v Xuan Thien Phu Tho\Over/Under 3.5 Goals\Under 3.5 Goals,Under 3.5 Goals,639083781672698676,BACK,Åí0.00,Åí0.00,0,CANCELLED,Åí0.00,MV13.00 LTD9 trigger bot (any selection on any market for that event is ok) host bets,,,2026-03-06 16:18:47,2026-03-06 16:18:47,0001-01-01 00:00:00,
18:00 Dong Tam Long An v Xuan Thien Phu Tho\Over/Under 1.5 Goals\Over 1.5 Goals,Over 1.5 Goals,639083781672698675,BACK,Åí0.00,Åí0.00,0,CANCELLED,Åí0.00,MV13.00 LTD9 trigger bot (any selection on any market for that event is ok) host bets,,,2026-03-06 16:18:47,2026-03-06 16:18:47,0001-01-01 00:00:00,
18:00 Dong Tam Long An v Xuan Thien Phu Tho\Over/Under 1.5 Goals\Under 1.5 Goals,Under 1.5 Goals,639083781672698674,BACK,Åí0.00,Åí0.00,0,CANCELLED,Åí0.00,MV13.00 LTD9 trigger bot (any selection on any market for that event is ok) host bets,,,2026-03-06 16:18:47,2026-03-06 16:18:47,0001-01-01 00:00:00,
18:00 Dong Tam Long An v Xuan Thien Phu Tho\Match Odds\The Draw,The Draw,639083781672698673,BACK,Åí0.00,Åí0.00,0,CANCELLED,Åí0.00,MV13.00 LTD9 trigger bot (any selection on any market for that event is ok) host bets,,,2026-03-06 16:18:47,2026-03-06 16:18:47,0001-01-01 00:00:00,
17:45 Bashundhara Kings v PWD Sports Club\Over/Under 1.5 Goals\Over 1.5 Goals,Over 1.5 Goals,639083781672698678,BACK,Åí400.00,Åí0.00,1.15,MATCHED,Åí0.00,MV13.06 ?10 ÅgLTD9Åh Back O1.5FT @HT Hedge@1g 0-0,,,2026-03-06 16:19:14,2026-03-06 16:19:14,0001-01-01 00:00:00,
17:45 Dhaka Abahani v Rahmatganj MFS\Over/Under 1.5 Goals\Over 1.5 Goals,Over 1.5 Goals,639083781672698679,BACK,Åí400.00,Åí0.00,1.37,MATCHED,Åí0.00,MV13.06 ?10 ÅgLTD9Åh Back O1.5FT @HT Hedge@1g 0-0,,,2026-03-06 16:19:15,2026-03-06 16:19:15,0001-01-01 00:00:00,
18:00 Dong Tam Long An v Xuan Thien Phu Tho\Over/Under 1.5 Goals\Over 1.5 Goals,Over 1.5 Goals,639083781672698680,BACK,Åí400.00,Åí0.00,1.38,MATCHED,Åí0.00,MV13.06 ?10 ÅgLTD9Åh Back O1.5FT @HT Hedge@1g 0-0,,,2026-03-06 16:19:16,2026-03-06 16:19:16,0001-01-01 00:00:00,
17:45 Bangladesh Police v Brothers Union\Over/Under 1.5 Goals\Over 1.5 Goals,Over 1.5 Goals,639083781672698681,BACK,Åí400.00,Åí0.00,1.41,MATCHED,Åí0.00,MV13.06 ?10 ÅgLTD9Åh Back O1.5FT @HT Hedge@1g 0-0,,,2026-03-06 16:19:18,2026-03-06 16:19:18,0001-01-01 00:00:00,
18:00 Dong Tam Long An v Xuan Thien Phu Tho\Over/Under 0.5 Goals\Under 0.5 Goals,Under 0.5 Goals,639083781672698682,BACK,Åí0.00,Åí0.00,0,CANCELLED,Åí0.00,MV13.00 LTD9 trigger bot (any selection on any market for that event is ok) host bets,,,2026-03-06 16:20:14,2026-03-06 16:20:14,0001-01-01 00:00:00,
18:00 Dong Tam Long An v Xuan Thien Phu Tho\Over/Under 0.5 Goals\Over 0.5 Goals,Over 0.5 Goals,639083781672698683,BACK,Åí0.00,Åí0.00,0,CANCELLED,Åí0.00,MV13.00 LTD9 trigger bot (any selection on any market for that event is ok) host bets,,,2026-03-06 16:20:14,2026-03-06 16:20:14,0001-01-01 00:00:00,
17:00 Uzbekistan (W) v China (W)\Over/Under 0.5 Goals\Under 0.5 Goals,Under 0.5 Goals,639083781672698684,BACK,Åí0.00,Åí0.00,0,CANCELLED,Åí0.00,MV13.00 LTD9 trigger bot (any selection on any market for that event is ok) host bets,,,2026-03-06 16:20:15,2026-03-06 16:20:15,0001-01-01 00:00:00,
17:00 Uzbekistan (W) v China (W)\Over/Under 0.5 Goals\Over 0.5 Goals,Over 0.5 Goals,639083781672698685,BACK,Åí0.00,Åí0.00,0,CANCELLED,Åí0.00,MV13.00 LTD9 trigger bot (any selection on any market for that event is ok) host bets,,,2026-03-06 16:20:15,2026-03-06 16:20:15,0001-01-01 00:00:00,
17:35 Adelaide United v Wellington Phoenix\Over/Under 0.5 Goals\Over 0.5 Goals,Over 0.5 Goals,639083781672698687,BACK,Åí0.00,Åí0.00,0,CANCELLED,Åí0.00,MV13.00 LTD9 trigger bot (any selection on any market for that event is ok) host bets,,,2026-03-06 16:20:16,2026-03-06 16:20:16,0001-01-01 00:00:00,
17:35 Adelaide United v Wellington Phoenix\Over/Under 0.5 Goals\Under 0.5 Goals,Under 0.5 Goals,639083781672698686,BACK,Åí0.00,Åí0.00,0,CANCELLED,Åí0.00,MV13.00 LTD9 trigger bot (any selection on any market for that event is ok) host bets,,,2026-03-06 16:20:16,2026-03-06 16:20:16,0001-01-01 00:00:00,
17:45 Bangladesh Police v Brothers Union\Over/Under 0.5 Goals\Under 0.5 Goals,Under 0.5 Goals,639083781672698688,BACK,Åí0.00,Åí0.00,0,CANCELLED,Åí0.00,MV13.00 LTD9 trigger bot (any selection on any market for that event is ok) host bets,,,2026-03-06 16:20:17,2026-03-06 16:20:17,0001-01-01 00:00:00,
17:45 Bangladesh Police v Brothers Union\Over/Under 0.5 Goals\Over 0.5 Goals,Over 0.5 Goals,639083781672698689,BACK,Åí0.00,Åí0.00,0,CANCELLED,Åí0.00,MV13.00 LTD9 trigger bot (any selection on any market for that event is ok) host bets,,,2026-03-06 16:20:17,2026-03-06 16:20:17,0001-01-01 00:00:00,
17:45 Bashundhara Kings v PWD Sports Club\Over/Under 0.5 Goals\Under 0.5 Goals,Under 0.5 Goals,639083781672698690,BACK,Åí0.00,Åí0.00,0,CANCELLED,Åí0.00,MV13.00 LTD9 trigger bot (any selection on any market for that event is ok) host bets,,,2026-03-06 16:20:18,2026-03-06 16:20:18,0001-01-01 00:00:00,
17:45 Bashundhara Kings v PWD Sports Club\Over/Under 0.5 Goals\Over 0.5 Goals,Over 0.5 Goals,639083781672698691,BACK,Åí0.00,Åí0.00,0,CANCELLED,Åí0.00,MV13.00 LTD9 trigger bot (any selection on any market for that event is ok) host bets,,,2026-03-06 16:20:18,2026-03-06 16:20:18,0001-01-01 00:00:00,
17:45 Dhaka Abahani v Rahmatganj MFS\Over/Under 0.5 Goals\Under 0.5 Goals,Under 0.5 Goals,639083781672698692,BACK,Åí0.00,Åí0.00,0,CANCELLED,Åí0.00,MV13.00 LTD9 trigger bot (any selection on any market for that event is ok) host bets,,,2026-03-06 16:20:19,2026-03-06 16:20:19,0001-01-01 00:00:00,
17:45 Dhaka Abahani v Rahmatganj MFS\Over/Under 0.5 Goals\Over 0.5 Goals,Over 0.5 Goals,639083781672698693,BACK,Åí0.00,Åí0.00,0,CANCELLED,Åí0.00,MV13.00 LTD9 trigger bot (any selection on any market for that event is ok) host bets,,,2026-03-06 16:20:19,2026-03-06 16:20:19,0001-01-01 00:00:00,
17:00 Uzbekistan (W) v China (W)\Over/Under 1.5 Goals\Over 1.5 Goals,Over 1.5 Goals,639083781672698694,BACK,Åí400.00,Åí0.00,1.14,MATCHED,Åí0.00,MV13.06 ?10 ÅgLTD9Åh Back O1.5FT @HT Hedge@1g 0-0,,,2026-03-06 16:20:21,2026-03-06 16:20:21,0001-01-01 00:00:00,
17:35 Adelaide United v Wellington Phoenix\Over/Under 1.5 Goals\Over 1.5 Goals,Over 1.5 Goals,639083781672698695,BACK,Åí400.00,Åí0.00,1.15,MATCHED,Åí0.00,MV13.06 ?10 ÅgLTD9Åh Back O1.5FT @HT Hedge@1g 0-0,,,2026-03-06 16:20:22,2026-03-06 16:20:22,0001-01-01 00:00:00,
17:45 Bangladesh Police v Brothers Union\Over/Under 0.5 Goals\Over 0.5 Goals,Over 0.5 Goals,639083781672698696,BACK,Åí400.00,Åí0.00,1.08,MATCHED,Åí0.00,MV13.07 ?40 ÅgLTD9Åh Back 0.5FT 1-90m +1.80,,,2026-03-06 16:20:29,2026-03-06 16:20:29,0001-01-01 00:00:00,
17:45 Bashundhara Kings v PWD Sports Club\Over/Under 0.5 Goals\Over 0.5 Goals,Over 0.5 Goals,639083781672698697,BACK,Åí400.00,Åí0.00,1.02,MATCHED,Åí0.00,MV13.07 ?40 ÅgLTD9Åh Back 0.5FT 1-90m +1.80,,,2026-03-06 16:20:30,2026-03-06 16:20:30,0001-01-01 00:00:00,
17:45 Dhaka Abahani v Rahmatganj MFS\Over/Under 0.5 Goals\Over 0.5 Goals,Over 0.5 Goals,639083781672698698,BACK,Åí400.00,Åí0.00,1.08,MATCHED,Åí0.00,MV13.07 ?40 ÅgLTD9Åh Back 0.5FT 1-90m +1.80,,,2026-03-06 16:20:31,2026-03-06 16:20:31,0001-01-01 00:00:00,
18:00 Dong Tam Long An v Xuan Thien Phu Tho\Over/Under 0.5 Goals\Over 0.5 Goals,Over 0.5 Goals,639083781672698699,BACK,Åí400.00,Åí0.00,1.08,MATCHED,Åí0.00,MV13.07 ?40 ÅgLTD9Åh Back 0.5FT 1-90m +1.80,,,2026-03-06 16:20:32,2026-03-06 16:20:32,0001-01-01 00:00:00,
17:00 Uzbekistan (W) v China (W)\Over/Under 0.5 Goals\Over 0.5 Goals,Over 0.5 Goals,639083781672698700,BACK,Åí400.00,Åí0.00,1.02,MATCHED,Åí0.00,MV13.07 ?40 ÅgLTD9Åh Back 0.5FT 1-90m +1.80,,,2026-03-06 16:20:33,2026-03-06 16:20:33,0001-01-01 00:00:00,
17:35 Adelaide United v Wellington Phoenix\Over/Under 0.5 Goals\Over 0.5 Goals,Over 0.5 Goals,639083781672698701,BACK,Åí400.00,Åí0.00,1.03,MATCHED,Åí0.00,MV13.07 ?40 ÅgLTD9Åh Back 0.5FT 1-90m +1.80,,,2026-03-06 16:20:34,2026-03-06 16:20:34,0001-01-01 00:00:00,
23:00 IB Khemis El Khechna v JS Bordj Menaiel\Match Odds\The Draw,The Draw,639084019230462710,BACK,Åí0.00,Åí0.00,0,CANCELLED,Åí0.00,MV13.00 LTD9 trigger bot (any selection on any market for that event is ok) host bets,Score at time of bet: 0 - 0,,2026-03-06 22:52:59,2026-03-06 22:52:59,0001-01-01 00:00:00,
23:00 Ilirija Extra-Lux v Jesenice\Half Time\Ilirija Extra-Lux,Ilirija Extra-Lux,639084019230462715,BACK,Åí0.00,Åí0.00,0,CANCELLED,Åí0.00,MV13.00 LTD9 trigger bot (any selection on any market for that event is ok) host bets,,,2026-03-06 22:52:59,2026-03-06 22:52:59,2026-03-06 23:49:53,
23:00 IB Khemis El Khechna v JS Bordj Menaiel\Over/Under 1.5 Goals\Under 1.5 Goals,Under 1.5 Goals,639084019230462718,BACK,Åí0.00,Åí0.00,0,CANCELLED,Åí0.00,MV13.00 LTD9 trigger bot (any selection on any market for that event is ok) host bets,Score at time of bet: 0 - 0,,2026-03-06 22:52:59,2026-03-06 22:52:59,0001-01-01 00:00:00,
23:00 IB Khemis El Khechna v JS Bordj Menaiel\Match Odds\JS Bordj Menaiel,JS Bordj Menaiel,639084019230462709,BACK,Åí0.00,Åí0.00,0,CANCELLED,Åí0.00,MV13.00 LTD9 trigger bot (any selection on any market for that event is ok) host bets,Score at time of bet: 0 - 0,,2026-03-06 22:52:59,2026-03-06 22:52:59,0001-01-01 00:00:00,
23:00 Ilirija Extra-Lux v Jesenice\Half Time\The Draw,The Draw,639084019230462708,BACK,Åí0.00,Åí0.00,0,CANCELLED,Åí0.00,MV13.00 LTD9 trigger bot (any selection on any market for that event is ok) host bets,,,2026-03-06 22:52:59,2026-03-06 22:52:59,2026-03-06 23:49:53,
23:00 IB Khemis El Khechna v JS Bordj Menaiel\Over/Under 3.5 Goals\Over 3.5 Goals,Over 3.5 Goals,639084019230462714,BACK,Åí0.00,Åí0.00,0,CANCELLED,Åí0.00,MV13.00 LTD9 trigger bot (any selection on any market for that event is ok) host bets,Score at time of bet: 0 - 0,,2026-03-06 22:52:59,2026-03-06 22:52:59,0001-01-01 00:00:00,
23:00 IB Khemis El Khechna v JS Bordj Menaiel\Half Time\IB Khemis El Khechna,IB Khemis El Khechna,639084019230462713,BACK,Åí0.00,Åí0.00,0,CANCELLED,Åí0.00,MV13.00 LTD9 trigger bot (any selection on any market for that event is ok) host bets,Score at time of bet: 0 - 0,,2026-03-06 22:52:59,2026-03-06 22:52:59,2026-03-06 23:50:53,
23:00 Ilirija Extra-Lux v Jesenice\Half Time\Jesenice,Jesenice,639084019230462719,BACK,Åí0.00,Åí0.00,0,CANCELLED,Åí0.00,MV13.00 LTD9 trigger bot (any selection on any market for that event is ok) host bets,,,2026-03-06 22:52:59,2026-03-06 22:52:59,2026-03-06 23:49:53,
23:00 IB Khemis El Khechna v JS Bordj Menaiel\Match Odds\IB Khemis El Khechna,IB Khemis El Khechna,639084019230462707,BACK,Åí0.00,Åí0.00,0,CANCELLED,Åí0.00,MV13.00 LTD9 trigger bot (any selection on any market for that event is ok) host bets,Score at time of bet: 0 - 0,,2026-03-06 22:52:59,2026-03-06 22:52:59,0001-01-01 00:00:00,
23:00 IB Khemis El Khechna v JS Bordj Menaiel\Over/Under 1.5 Goals\Over 1.5 Goals,Over 1.5 Goals,639084019230462717,BACK,Åí0.00,Åí0.00,0,CANCELLED,Åí0.00,MV13.00 LTD9 trigger bot (any selection on any market for that event is ok) host bets,Score at time of bet: 0 - 0,,2026-03-06 22:52:59,2026-03-06 22:52:59,0001-01-01 00:00:00,
23:00 IB Khemis El Khechna v JS Bordj Menaiel\Half Time\JS Bordj Menaiel,JS Bordj Menaiel,639084019230462716,BACK,Åí0.00,Åí0.00,0,CANCELLED,Åí0.00,MV13.00 LTD9 trigger bot (any selection on any market for that event is ok) host bets,Score at time of bet: 0 - 0,,2026-03-06 22:52:59,2026-03-06 22:52:59,2026-03-06 23:50:53,
23:00 IB Khemis El Khechna v JS Bordj Menaiel\Half Time\The Draw,The Draw,639084019230462711,BACK,Åí0.00,Åí0.00,0,CANCELLED,Åí0.00,MV13.00 LTD9 trigger bot (any selection on any market for that event is ok) host bets,Score at time of bet: 0 - 0,,2026-03-06 22:52:59,2026-03-06 22:52:59,2026-03-06 23:50:53,
23:00 IB Khemis El Khechna v JS Bordj Menaiel\Over/Under 3.5 Goals\Under 3.5 Goals,Under 3.5 Goals,639084019230462712,BACK,Åí0.00,Åí0.00,0,CANCELLED,Åí0.00,MV13.00 LTD9 trigger bot (any selection on any market for that event is ok) host bets,Score at time of bet: 0 - 0,,2026-03-06 22:52:59,2026-03-06 22:52:59,0001-01-01 00:00:00,
23:00 Jamshedpur FC v Inter Kashi\Match Odds\Jamshedpur FC,Jamshedpur FC,639084019230462720,BACK,Åí0.00,Åí0.00,0,CANCELLED,Åí0.00,MV13.00 LTD9 trigger bot (any selection on any market for that event is ok) host bets,,,2026-03-06 22:52:59,2026-03-06 22:52:59,0001-01-01 00:00:00,
23:00 Ilirija Extra-Lux v Jesenice\Match Odds\Jesenice,Jesenice,639084019230462727,BACK,Åí0.00,Åí0.00,0,CANCELLED,Åí0.00,MV13.00 LTD9 trigger bot (any selection on any market for that event is ok) host bets,,,2026-03-06 22:52:59,2026-03-06 22:52:59,0001-01-01 00:00:00,
23:00 Ilirija Extra-Lux v Jesenice\Over/Under 3.5 Goals\Over 3.5 Goals,Over 3.5 Goals,639084019230462732,BACK,Åí0.00,Åí0.00,0,CANCELLED,Åí0.00,MV13.00 LTD9 trigger bot (any selection on any market for that event is ok) host bets,,,2026-03-06 22:52:59,2026-03-06 22:52:59,0001-01-01 00:00:00,
23:00 Ilirija Extra-Lux v Jesenice\Match Odds\Ilirija Extra-Lux,Ilirija Extra-Lux,639084019230462726,BACK,Åí0.00,Åí0.00,0,CANCELLED,Åí0.00,MV13.00 LTD9 trigger bot (any selection on any market for that event is ok) host bets,,,2026-03-06 22:52:59,2026-03-06 22:52:59,0001-01-01 00:00:00,
23:00 Jamshedpur FC v Inter Kashi\Match Odds\The Draw,The Draw,639084019230462722,BACK,Åí0.00,Åí0.00,0,CANCELLED,Åí0.00,MV13.00 LTD9 trigger bot (any selection on any market for that event is ok) host bets,,,2026-03-06 22:52:59,2026-03-06 22:52:59,0001-01-01 00:00:00,
23:00 Jamshedpur FC v Inter Kashi\Half Time\The Draw,The Draw,639084019230462725,BACK,Åí0.00,Åí0.00,0,CANCELLED,Åí0.00,MV13.00 LTD9 trigger bot (any selection on any market for that event is ok) host bets,,,2026-03-06 22:52:59,2026-03-06 22:52:59,2026-03-06 23:50:58,
23:00 Ilirija Extra-Lux v Jesenice\Match Odds\The Draw,The Draw,639084019230462728,BACK,Åí0.00,Åí0.00,0,CANCELLED,Åí0.00,MV13.00 LTD9 trigger bot (any selection on any market for that event is ok) host bets,,,2026-03-06 22:52:59,2026-03-06 22:52:59,0001-01-01 00:00:00,
23:00 Jamshedpur FC v Inter Kashi\Half Time\Jamshedpur FC,Jamshedpur FC,639084019230462724,BACK,Åí0.00,Åí0.00,0,CANCELLED,Åí0.00,MV13.00 LTD9 trigger bot (any selection on any market for that event is ok) host bets,,,2026-03-06 22:52:59,2026-03-06 22:52:59,2026-03-06 23:50:58,
23:00 Jamshedpur FC v Inter Kashi\Match Odds\Inter Kashi,Inter Kashi,639084019230462721,BACK,Åí0.00,Åí0.00,0,CANCELLED,Åí0.00,MV13.00 LTD9 trigger bot (any selection on any market for that event is ok) host bets,,,2026-03-06 22:52:59,2026-03-06 22:52:59,0001-01-01 00:00:00,
23:00 Ilirija Extra-Lux v Jesenice\Over/Under 1.5 Goals\Over 1.5 Goals,Over 1.5 Goals,639084019230462730,BACK,Åí0.00,Åí0.00,0,CANCELLED,Åí0.00,MV13.00 LTD9 trigger bot (any selection on any market for that event is ok) host bets,,,2026-03-06 22:52:59,2026-03-06 22:52:59,0001-01-01 00:00:00,
23:00 Ilirija Extra-Lux v Jesenice\Over/Under 1.5 Goals\Under 1.5 Goals,Under 1.5 Goals,639084019230462729,BACK,Åí0.00,Åí0.00,0,CANCELLED,Åí0.00,MV13.00 LTD9 trigger bot (any selection on any market for that event is ok) host bets,,,2026-03-06 22:52:59,2026-03-06 22:52:59,0001-01-01 00:00:00,
23:00 Jamshedpur FC v Inter Kashi\Half Time\Inter Kashi,Inter Kashi,639084019230462723,BACK,Åí0.00,Åí0.00,0,CANCELLED,Åí0.00,MV13.00 LTD9 trigger bot (any selection on any market for that event is ok) host bets,,,2026-03-06 22:52:59,2026-03-06 22:52:59,2026-03-06 23:50:58,
23:00 Ilirija Extra-Lux v Jesenice\Over/Under 3.5 Goals\Under 3.5 Goals,Under 3.5 Goals,639084019230462731,BACK,Åí0.00,Åí0.00,0,CANCELLED,Åí0.00,MV13.00 LTD9 trigger bot (any selection on any market for that event is ok) host bets,,,2026-03-06 22:52:59,2026-03-06 22:52:59,0001-01-01 00:00:00,
23:00 Jamshedpur FC v Inter Kashi\Over/Under 3.5 Goals\Over 3.5 Goals,Over 3.5 Goals,639084019230462744,BACK,Åí0.00,Åí0.00,0,CANCELLED,Åí0.00,MV13.00 LTD9 trigger bot (any selection on any market for that event is ok) host bets,,,2026-03-06 22:53:00,2026-03-06 22:53:00,0001-01-01 00:00:00,
23:00 JSD Jijel v Mo Bejaia\Half Time\JSD Jijel,JSD Jijel,639084019230462738,BACK,Åí0.00,Åí0.00,0,CANCELLED,Åí0.00,MV13.00 LTD9 trigger bot (any selection on any market for that event is ok) host bets,Score at time of bet: 0 - 0,,2026-03-06 22:53:00,2026-03-06 22:53:00,2026-03-06 23:49:27,
23:00 Jamshedpur FC v Inter Kashi\Over/Under 3.5 Goals\Under 3.5 Goals,Under 3.5 Goals,639084019230462743,BACK,Åí0.00,Åí0.00,0,CANCELLED,Åí0.00,MV13.00 LTD9 trigger bot (any selection on any market for that event is ok) host bets,,,2026-03-06 22:53:00,2026-03-06 22:53:00,0001-01-01 00:00:00,
23:00 Jamshedpur FC v Inter Kashi\Over/Under 1.5 Goals\Under 1.5 Goals,Under 1.5 Goals,639084019230462741,BACK,Åí0.00,Åí0.00,0,CANCELLED,Åí0.00,MV13.00 LTD9 trigger bot (any selection on any market for that event is ok) host bets,,,2026-03-06 22:53:00,2026-03-06 22:53:00,0001-01-01 00:00:00,
23:00 JSD Jijel v Mo Bejaia\Match Odds\JSD Jijel,JSD Jijel,639084019230462733,BACK,Åí0.00,Åí0.00,0,CANCELLED,Åí0.00,MV13.00 LTD9 trigger bot (any selection on any market for that event is ok) host bets,Score at time of bet: 0 - 0,,2026-03-06 22:53:00,2026-03-06 22:53:00,0001-01-01 00:00:00,
23:00 JSD Jijel v Mo Bejaia\Over/Under 1.5 Goals\Over 1.5 Goals,Over 1.5 Goals,639084019230462737,BACK,Åí0.00,Åí0.00,0,CANCELLED,Åí0.00,MV13.00 LTD9 trigger bot (any selection on any market for that event is ok) host bets,Score at time of bet: 0 - 0,,2026-03-06 22:53:00,2026-03-06 22:53:00,0001-01-01 00:00:00,
23:00 JSD Jijel v Mo Bejaia\Over/Under 1.5 Goals\Under 1.5 Goals,Under 1.5 Goals,639084019230462736,BACK,Åí0.00,Åí0.00,0,CANCELLED,Åí0.00,MV13.00 LTD9 trigger bot (any selection on any market for that event is ok) host bets,Score at time of bet: 0 - 0,,2026-03-06 22:53:00,2026-03-06 22:53:00,0001-01-01 00:00:00,
23:00 JSD Jijel v Mo Bejaia\Match Odds\The Draw,The Draw,639084019230462735,BACK,Åí0.00,Åí0.00,0,CANCELLED,Åí0.00,MV13.00 LTD9 trigger bot (any selection on any market for that event is ok) host bets,Score at time of bet: 0 - 0,,2026-03-06 22:53:00,2026-03-06 22:53:00,0001-01-01 00:00:00,
23:00 JSD Jijel v Mo Bejaia\Match Odds\MO Bejaia,MO Bejaia,639084019230462734,BACK,Åí0.00,Åí0.00,0,CANCELLED,Åí0.00,MV13.00 LTD9 trigger bot (any selection on any market for that event is ok) host bets,Score at time of bet: 0 - 0,,2026-03-06 22:53:00,2026-03-06 22:53:00,0001-01-01 00:00:00,
23:00 Jamshedpur FC v Inter Kashi\Over/Under 1.5 Goals\Over 1.5 Goals,Over 1.5 Goals,639084019230462742,BACK,Åí0.00,Åí0.00,0,CANCELLED,Åí0.00,MV13.00 LTD9 trigger bot (any selection on any market for that event is ok) host bets,,,2026-03-06 22:53:00,2026-03-06 22:53:00,0001-01-01 00:00:00,
23:00 JSD Jijel v Mo Bejaia\Half Time\MO Bejaia,MO Bejaia,639084019230462739,BACK,Åí0.00,Åí0.00,0,CANCELLED,Åí0.00,MV13.00 LTD9 trigger bot (any selection on any market for that event is ok) host bets,Score at time of bet: 0 - 0,,2026-03-06 22:53:00,2026-03-06 22:53:00,2026-03-06 23:49:27,
23:00 JSD Jijel v Mo Bejaia\Half Time\The Draw,The Draw,639084019230462740,BACK,Åí0.00,Åí0.00,0,CANCELLED,Åí0.00,MV13.00 LTD9 trigger bot (any selection on any market for that event is ok) host bets,Score at time of bet: 0 - 0,,2026-03-06 22:53:00,2026-03-06 22:53:00,2026-03-06 23:49:27,
23:00 Kelantan United v Terengganu\Half Time\Kelantan United,Kelantan United,639084019230462750,BACK,Åí0.00,Åí0.00,0,CANCELLED,Åí0.00,MV13.00 LTD9 trigger bot (any selection on any market for that event is ok) host bets,Score at time of bet: 0 - 0,,2026-03-06 22:53:01,2026-03-06 22:53:01,2026-03-06 23:49:42,
23:00 JSD Jijel v Mo Bejaia\Over/Under 3.5 Goals\Over 3.5 Goals,Over 3.5 Goals,639084019230462749,BACK,Åí0.00,Åí0.00,0,CANCELLED,Åí0.00,MV13.00 LTD9 trigger bot (any selection on any market for that event is ok) host bets,Score at time of bet: 0 - 0,,2026-03-06 22:53:01,2026-03-06 22:53:01,0001-01-01 00:00:00,
23:00 Kelantan United v Terengganu\Over/Under 1.5 Goals\Under 1.5 Goals,Under 1.5 Goals,639084019230462753,BACK,Åí0.00,Åí0.00,0,CANCELLED,Åí0.00,MV13.00 LTD9 trigger bot (any selection on any market for that event is ok) host bets,Score at time of bet: 0 - 0,,2026-03-06 22:53:01,2026-03-06 22:53:01,0001-01-01 00:00:00,
23:00 Kelantan United v Terengganu\Over/Under 3.5 Goals\Over 3.5 Goals,Over 3.5 Goals,639084019230462756,BACK,Åí0.00,Åí0.00,0,CANCELLED,Åí0.00,MV13.00 LTD9 trigger bot (any selection on any market for that event is ok) host bets,Score at time of bet: 0 - 0,,2026-03-06 22:53:01,2026-03-06 22:53:01,0001-01-01 00:00:00,
23:00 JSD Jijel v Mo Bejaia\Over/Under 3.5 Goals\Under 3.5 Goals,Under 3.5 Goals,639084019230462745,BACK,Åí0.00,Åí0.00,0,CANCELLED,Åí0.00,MV13.00 LTD9 trigger bot (any selection on any market for that event is ok) host bets,Score at time of bet: 0 - 0,,2026-03-06 22:53:01,2026-03-06 22:53:01,0001-01-01 00:00:00,
23:00 Kelantan United v Terengganu\Half Time\The Draw,The Draw,639084019230462752,BACK,Åí0.00,Åí0.00,0,CANCELLED,Åí0.00,MV13.00 LTD9 trigger bot (any selection on any market for that event is ok) host bets,Score at time of bet: 0 - 0,,2026-03-06 22:53:01,2026-03-06 22:53:01,2026-03-06 23:49:42,
23:00 Kelantan United v Terengganu\Match Odds\Terengganu,Terengganu,639084019230462748,BACK,Åí0.00,Åí0.00,0,CANCELLED,Åí0.00,MV13.00 LTD9 trigger bot (any selection on any market for that event is ok) host bets,Score at time of bet: 0 - 0,,2026-03-06 22:53:01,2026-03-06 22:53:01,0001-01-01 00:00:00,
23:00 Kelantan United v Terengganu\Match Odds\The Draw,The Draw,639084019230462747,BACK,Åí0.00,Åí0.00,0,CANCELLED,Åí0.00,MV13.00 LTD9 trigger bot (any selection on any market for that event is ok) host bets,Score at time of bet: 0 - 0,,2026-03-06 22:53:01,2026-03-06 22:53:01,0001-01-01 00:00:00,
23:00 Kelantan United v Terengganu\Over/Under 1.5 Goals\Over 1.5 Goals,Over 1.5 Goals,639084019230462754,BACK,Åí0.00,Åí0.00,0,CANCELLED,Åí0.00,MV13.00 LTD9 trigger bot (any selection on any market for that event is ok) host bets,Score at time of bet: 0 - 0,,2026-03-06 22:53:01,2026-03-06 22:53:01,0001-01-01 00:00:00,
23:00 Kelantan United v Terengganu\Match Odds\Kelantan United,Kelantan United,639084019230462746,BACK,Åí0.00,Åí0.00,0,CANCELLED,Åí0.00,MV13.00 LTD9 trigger bot (any selection on any market for that event is ok) host bets,Score at time of bet: 0 - 0,,2026-03-06 22:53:01,2026-03-06 22:53:01,0001-01-01 00:00:00,
23:00 Kelantan United v Terengganu\Half Time\Terengganu,Terengganu,639084019230462751,BACK,Åí0.00,Åí0.00,0,CANCELLED,Åí0.00,MV13.00 LTD9 trigger bot (any selection on any market for that event is ok) host bets,Score at time of bet: 0 - 0,,2026-03-06 22:53:01,2026-03-06 22:53:01,2026-03-06 23:49:42,
23:00 Kelantan United v Terengganu\Over/Under 3.5 Goals\Under 3.5 Goals,Under 3.5 Goals,639084019230462755,BACK,Åí0.00,Åí0.00,0,CANCELLED,Åí0.00,MV13.00 LTD9 trigger bot (any selection on any market for that event is ok) host bets,Score at time of bet: 0 - 0,,2026-03-06 22:53:01,2026-03-06 22:53:01,0001-01-01 00:00:00,
23:00 LKS Lodz II v Podbeskidzie B-B\Match Odds\LKS Lodz II,LKS Lodz II,639084019230462757,BACK,Åí0.00,Åí0.00,0,CANCELLED,Åí0.00,MV13.00 LTD9 trigger bot (any selection on any market for that event is ok) host bets,Score at time of bet: 0 - 0,,2026-03-06 22:53:02,2026-03-06 22:53:02,0001-01-01 00:00:00,
23:00 LKS Lodz II v Podbeskidzie B-B\Match Odds\The Draw,The Draw,639084019230462759,BACK,Åí0.00,Åí0.00,0,CANCELLED,Åí0.00,MV13.00 LTD9 trigger bot (any selection on any market for that event is ok) host bets,Score at time of bet: 0 - 0,,2026-03-06 22:53:02,2026-03-06 22:53:02,0001-01-01 00:00:00,
23:00 LKS Lodz II v Podbeskidzie B-B\Match Odds\Podbeskidzie B-B,Podbeskidzie B-B,639084019230462758,BACK,Åí0.00,Åí0.00,0,CANCELLED,Åí0.00,MV13.00 LTD9 trigger bot (any selection on any market for that event is ok) host bets,Score at time of bet: 0 - 0,,2026-03-06 22:53:02,2026-03-06 22:53:02,0001-01-01 00:00:00,
23:00 LKS Lodz II v Podbeskidzie B-B\Over/Under 1.5 Goals\Under 1.5 Goals,Under 1.5 Goals,639084019230462764,BACK,Åí0.00,Åí0.00,0,CANCELLED,Åí0.00,MV13.00 LTD9 trigger bot (any selection on any market for that event is ok) host bets,Score at time of bet: 0 - 0,,2026-03-06 22:53:02,2026-03-06 22:53:02,2026-03-06 23:13:13,
23:00 LKS Lodz II v Podbeskidzie B-B\Half Time\The Draw,The Draw,639084019230462762,BACK,Åí0.00,Åí0.00,0,CANCELLED,Åí0.00,MV13.00 LTD9 trigger bot (any selection on any market for that event is ok) host bets,Score at time of bet: 0 - 0,,2026-03-06 22:53:02,2026-03-06 22:53:02,2026-03-06 23:47:32,
23:00 Millwall U21 v Brentford U21\Half Time\Brentford U21,Brentford U21,639084019230462768,BACK,Åí0.00,Åí0.00,0,CANCELLED,Åí0.00,MV13.00 LTD9 trigger bot (any selection on any market for that event is ok) host bets,,,2026-03-06 22:53:02,2026-03-06 22:53:02,2026-03-06 23:50:11,
23:00 LKS Lodz II v Podbeskidzie B-B\Half Time\Podbeskidzie B-B,Podbeskidzie B-B,639084019230462761,BACK,Åí0.00,Åí0.00,0,CANCELLED,Åí0.00,MV13.00 LTD9 trigger bot (any selection on any market for that event is ok) host bets,Score at time of bet: 0 - 0,,2026-03-06 22:53:02,2026-03-06 22:53:02,2026-03-06 23:47:32,
23:00 LKS Lodz II v Podbeskidzie B-B\Half Time\LKS Lodz II,LKS Lodz II,639084019230462760,BACK,Åí0.00,Åí0.00,0,CANCELLED,Åí0.00,MV13.00 LTD9 trigger bot (any selection on any market for that event is ok) host bets,Score at time of bet: 0 - 0,,2026-03-06 22:53:02,2026-03-06 22:53:02,2026-03-06 23:47:32,
23:00 LKS Lodz II v Podbeskidzie B-B\Over/Under 3.5 Goals\Under 3.5 Goals,Under 3.5 Goals,639084019230462765,BACK,Åí0.00,Åí0.00,0,CANCELLED,Åí0.00,MV13.00 LTD9 trigger bot (any selection on any market for that event is ok) host bets,Score at time of bet: 0 - 0,,2026-03-06 22:53:02,2026-03-06 22:53:02,2026-03-07 00:10:02,
23:00 LKS Lodz II v Podbeskidzie B-B\Over/Under 1.5 Goals\Over 1.5 Goals,Over 1.5 Goals,639084019230462763,BACK,Åí0.00,Åí0.00,0,CANCELLED,Åí0.00,MV13.00 LTD9 trigger bot (any selection on any market for that event is ok) host bets,Score at time of bet: 0 - 0,,2026-03-06 22:53:02,2026-03-06 22:53:02,2026-03-06 23:13:13,
23:00 LKS Lodz II v Podbeskidzie B-B\Over/Under 3.5 Goals\Over 3.5 Goals,Over 3.5 Goals,639084019230462766,BACK,Åí0.00,Åí0.00,0,CANCELLED,Åí0.00,MV13.00 LTD9 trigger bot (any selection on any market for that event is ok) host bets,Score at time of bet: 0 - 0,,2026-03-06 22:53:02,2026-03-06 22:53:02,2026-03-07 00:10:02,
23:00 Millwall U21 v Brentford U21\Half Time\The Draw,The Draw,639084019230462769,BACK,Åí0.00,Åí0.00,0,CANCELLED,Åí0.00,MV13.00 LTD9 trigger bot (any selection on any market for that event is ok) host bets,,,2026-03-06 22:53:02,2026-03-06 22:53:02,2026-03-06 23:50:11,
23:00 Millwall U21 v Brentford U21\Half Time\Millwall U21,Millwall U21,639084019230462767,BACK,Åí0.00,Åí0.00,0,CANCELLED,Åí0.00,MV13.00 LTD9 trigger bot (any selection on any market for that event is ok) host bets,,,2026-03-06 22:53:02,2026-03-06 22:53:02,2026-03-06 23:50:11,
23:00 MO Constantine v AS Khroub\Match Odds\The Draw,The Draw,639084019230462772,BACK,Åí0.00,Åí0.00,0,CANCELLED,Åí0.00,MV13.00 LTD9 trigger bot (any selection on any market for that event is ok) host bets,Score at time of bet: 0 - 0,,2026-03-06 22:53:03,2026-03-06 22:53:03,0001-01-01 00:00:00,
23:00 MO Constantine v AS Khroub\Match Odds\AS Khroub,AS Khroub,639084019230462771,BACK,Åí0.00,Åí0.00,0,CANCELLED,Åí0.00,MV13.00 LTD9 trigger bot (any selection on any market for that event is ok) host bets,Score at time of bet: 0 - 0,,2026-03-06 22:53:03,2026-03-06 22:53:03,0001-01-01 00:00:00,
23:00 MO Constantine v AS Khroub\Half Time\AS Khroub,AS Khroub,639084019230462773,BACK,Åí0.00,Åí0.00,0,CANCELLED,Åí0.00,MV13.00 LTD9 trigger bot (any selection on any market for that event is ok) host bets,Score at time of bet: 0 - 0,,2026-03-06 22:53:03,2026-03-06 22:53:03,2026-03-06 23:50:50,
23:00 MO Constantine v AS Khroub\Half Time\MO Constantine,MO Constantine,639084019230462775,BACK,Åí0.00,Åí0.00,0,CANCELLED,Åí0.00,MV13.00 LTD9 trigger bot (any selection on any market for that event is ok) host bets,Score at time of bet: 0 - 0,,2026-03-06 22:53:03,2026-03-06 22:53:03,2026-03-06 23:50:50,
23:00 Millwall U21 v Brentford U21\Match Odds\Millwall U21,Millwall U21,639084019230462776,BACK,Åí0.00,Åí0.00,0,CANCELLED,Åí0.00,MV13.00 LTD9 trigger bot (any selection on any market for that event is ok) host bets,,,2026-03-06 22:53:03,2026-03-06 22:53:03,0001-01-01 00:00:00,
23:00 Millwall U21 v Brentford U21\Over/Under 1.5 Goals\Under 1.5 Goals,Under 1.5 Goals,639084019230462778,BACK,Åí0.00,Åí0.00,0,CANCELLED,Åí0.00,MV13.00 LTD9 trigger bot (any selection on any market for that event is ok) host bets,,,2026-03-06 22:53:03,2026-03-06 22:53:03,2026-03-06 23:22:39,
23:00 Millwall U21 v Brentford U21\Match Odds\The Draw,The Draw,639084019230462777,BACK,Åí0.00,Åí0.00,0,CANCELLED,Åí0.00,MV13.00 LTD9 trigger bot (any selection on any market for that event is ok) host bets,,,2026-03-06 22:53:03,2026-03-06 22:53:03,0001-01-01 00:00:00,
23:00 MO Constantine v AS Khroub\Half Time\The Draw,The Draw,639084019230462774,BACK,Åí0.00,Åí0.00,0,CANCELLED,Åí0.00,MV13.00 LTD9 trigger bot (any selection on any market for that event is ok) host bets,Score at time of bet: 0 - 0,,2026-03-06 22:53:03,2026-03-06 22:53:03,2026-03-06 23:50:50,
23:00 Millwall U21 v Brentford U21\Over/Under 3.5 Goals\Over 3.5 Goals,Over 3.5 Goals,639084019230462781,BACK,Åí0.00,Åí0.00,0,CANCELLED,Åí0.00,MV13.00 LTD9 trigger bot (any selection on any market for that event is ok) host bets,,,2026-03-06 22:53:03,2026-03-06 22:53:03,0001-01-01 00:00:00,
23:00 MO Constantine v AS Khroub\Match Odds\MO Constantine,MO Constantine,639084019230462770,BACK,Åí0.00,Åí0.00,0,CANCELLED,Åí0.00,MV13.00 LTD9 trigger bot (any selection on any market for that event is ok) host bets,Score at time of bet: 0 - 0,,2026-03-06 22:53:03,2026-03-06 22:53:03,0001-01-01 00:00:00,
23:00 Millwall U21 v Brentford U21\Over/Under 1.5 Goals\Over 1.5 Goals,Over 1.5 Goals,639084019230462779,BACK,Åí0.00,Åí0.00,0,CANCELLED,Åí0.00,MV13.00 LTD9 trigger bot (any selection on any market for that event is ok) host bets,,,2026-03-06 22:53:03,2026-03-06 22:53:03,2026-03-06 23:22:39,
23:00 Millwall U21 v Brentford U21\Over/Under 3.5 Goals\Under 3.5 Goals,Under 3.5 Goals,639084019230462780,BACK,Åí0.00,Åí0.00,0,CANCELLED,Åí0.00,MV13.00 LTD9 trigger bot (any selection on any market for that event is ok) host bets,,,2026-03-06 22:53:03,2026-03-06 22:53:03,0001-01-01 00:00:00,
23:00 Millwall U21 v Brentford U21\Match Odds\Brentford U21,Brentford U21,639084019230462782,BACK,Åí0.00,Åí0.00,0,CANCELLED,Åí0.00,MV13.00 LTD9 trigger bot (any selection on any market for that event is ok) host bets,,,2026-03-06 22:53:03,2026-03-06 22:53:03,0001-01-01 00:00:00,
23:00 MO Constantine v AS Khroub\Over/Under 3.5 Goals\Under 3.5 Goals,Under 3.5 Goals,639084019230462793,BACK,Åí0.00,Åí0.00,0,CANCELLED,Åí0.00,MV13.00 LTD9 trigger bot (any selection on any market for that event is ok) host bets,Score at time of bet: 0 - 0,,2026-03-06 22:53:04,2026-03-06 22:53:04,0001-01-01 00:00:00,
23:00 Opatija v Hrvace\Match Odds\Hrvace,Hrvace,639084019230462784,BACK,Åí0.00,Åí0.00,0,CANCELLED,Åí0.00,MV13.00 LTD9 trigger bot (any selection on any market for that event is ok) host bets,Score at time of bet: 0 - 0,,2026-03-06 22:53:04,2026-03-06 22:53:04,0001-01-01 00:00:00,
23:00 MO Constantine v AS Khroub\Over/Under 1.5 Goals\Over 1.5 Goals,Over 1.5 Goals,639084019230462791,BACK,Åí0.00,Åí0.00,0,CANCELLED,Åí0.00,MV13.00 LTD9 trigger bot (any selection on any market for that event is ok) host bets,Score at time of bet: 0 - 0,,2026-03-06 22:53:04,2026-03-06 22:53:04,0001-01-01 00:00:00,
23:00 Opatija v Hrvace\Half Time\Opatija,Opatija,639084019230462786,BACK,Åí0.00,Åí0.00,0,CANCELLED,Åí0.00,MV13.00 LTD9 trigger bot (any selection on any market for that event is ok) host bets,Score at time of bet: 0 - 0,,2026-03-06 22:53:04,2026-03-06 22:53:04,2026-03-06 23:49:17,
23:00 Opatija v Hrvace\Half Time\Hrvace,Hrvace,639084019230462794,BACK,Åí0.00,Åí0.00,0,CANCELLED,Åí0.00,MV13.00 LTD9 trigger bot (any selection on any market for that event is ok) host bets,Score at time of bet: 0 - 0,,2026-03-06 22:53:04,2026-03-06 22:53:04,2026-03-06 23:49:17,
23:00 MO Constantine v AS Khroub\Over/Under 1.5 Goals\Under 1.5 Goals,Under 1.5 Goals,639084019230462790,BACK,Åí0.00,Åí0.00,0,CANCELLED,Åí0.00,MV13.00 LTD9 trigger bot (any selection on any market for that event is ok) host bets,Score at time of bet: 0 - 0,,2026-03-06 22:53:04,2026-03-06 22:53:04,0001-01-01 00:00:00,
23:00 Opatija v Hrvace\Over/Under 1.5 Goals\Under 1.5 Goals,Under 1.5 Goals,639084019230462788,BACK,Åí0.00,Åí0.00,0,CANCELLED,Åí0.00,MV13.00 LTD9 trigger bot (any selection on any market for that event is ok) host bets,Score at time of bet: 0 - 0,,2026-03-06 22:53:04,2026-03-06 22:53:04,0001-01-01 00:00:00,
23:00 Opatija v Hrvace\Match Odds\Opatija,Opatija,639084019230462783,BACK,Åí0.00,Åí0.00,0,CANCELLED,Åí0.00,MV13.00 LTD9 trigger bot (any selection on any market for that event is ok) host bets,Score at time of bet: 0 - 0,,2026-03-06 22:53:04,2026-03-06 22:53:04,0001-01-01 00:00:00,
23:00 Opatija v Hrvace\Half Time\The Draw,The Draw,639084019230462787,BACK,Åí0.00,Åí0.00,0,CANCELLED,Åí0.00,MV13.00 LTD9 trigger bot (any selection on any market for that event is ok) host bets,Score at time of bet: 0 - 0,,2026-03-06 22:53:04,2026-03-06 22:53:04,2026-03-06 23:49:17,
23:00 MO Constantine v AS Khroub\Over/Under 3.5 Goals\Over 3.5 Goals,Over 3.5 Goals,639084019230462792,BACK,Åí0.00,Åí0.00,0,CANCELLED,Åí0.00,MV13.00 LTD9 trigger bot (any selection on any market for that event is ok) host bets,Score at time of bet: 0 - 0,,2026-03-06 22:53:04,2026-03-06 22:53:04,0001-01-01 00:00:00,
23:00 Opatija v Hrvace\Over/Under 1.5 Goals\Over 1.5 Goals,Over 1.5 Goals,639084019230462789,BACK,Åí0.00,Åí0.00,0,CANCELLED,Åí0.00,MV13.00 LTD9 trigger bot (any selection on any market for that event is ok) host bets,Score at time of bet: 0 - 0,,2026-03-06 22:53:04,2026-03-06 22:53:04,0001-01-01 00:00:00,
23:00 Opatija v Hrvace\Match Odds\The Draw,The Draw,639084019230462785,BACK,Åí0.00,Åí0.00,0,CANCELLED,Åí0.00,MV13.00 LTD9 trigger bot (any selection on any market for that event is ok) host bets,Score at time of bet: 0 - 0,,2026-03-06 22:53:04,2026-03-06 22:53:04,0001-01-01 00:00:00,
23:00 Sheff Wed U21 v Peterborough United U21\Match Odds\The Draw,The Draw,639084019230462799,BACK,Åí0.00,Åí0.00,0,CANCELLED,Åí0.00,MV13.00 LTD9 trigger bot (any selection on any market for that event is ok) host bets,,,2026-03-06 22:53:05,2026-03-06 22:53:05,0001-01-01 00:00:00,
23:00 Opatija v Hrvace\Over/Under 3.5 Goals\Under 3.5 Goals,Under 3.5 Goals,639084019230462795,BACK,Åí0.00,Åí0.00,0,CANCELLED,Åí0.00,MV13.00 LTD9 trigger bot (any selection on any market for that event is ok) host bets,Score at time of bet: 0 - 0,,2026-03-06 22:53:05,2026-03-06 22:53:05,0001-01-01 00:00:00,
23:00 Sheff Wed U21 v Peterborough United U21\Match Odds\Peterborough United U21,Peterborough United U21,639084019230462798,BACK,Åí0.00,Åí0.00,0,CANCELLED,Åí0.00,MV13.00 LTD9 trigger bot (any selection on any market for that event is ok) host bets,,,2026-03-06 22:53:05,2026-03-06 22:53:05,0001-01-01 00:00:00,
23:00 Sheff Wed U21 v Peterborough United U21\Half Time\The Draw,The Draw,639084019230462805,BACK,Åí0.00,Åí0.00,0,CANCELLED,Åí0.00,MV13.00 LTD9 trigger bot (any selection on any market for that event is ok) host bets,,,2026-03-06 22:53:05,2026-03-06 22:53:05,2026-03-06 23:49:59,
23:00 Sheff Wed U21 v Peterborough United U21\Over/Under 1.5 Goals\Over 1.5 Goals,Over 1.5 Goals,639084019230462801,BACK,Åí0.00,Åí0.00,0,CANCELLED,Åí0.00,MV13.00 LTD9 trigger bot (any selection on any market for that event is ok) host bets,,,2026-03-06 22:53:05,2026-03-06 22:53:05,0001-01-01 00:00:00,
23:00 Sheff Wed U21 v Peterborough United U21\Half Time\Peterborough United U21,Peterborough United U21,639084019230462806,BACK,Åí0.00,Åí0.00,0,CANCELLED,Åí0.00,MV13.00 LTD9 trigger bot (any selection on any market for that event is ok) host bets,,,2026-03-06 22:53:05,2026-03-06 22:53:05,2026-03-06 23:49:59,
23:00 Opatija v Hrvace\Over/Under 3.5 Goals\Over 3.5 Goals,Over 3.5 Goals,639084019230462796,BACK,Åí0.00,Åí0.00,0,CANCELLED,Åí0.00,MV13.00 LTD9 trigger bot (any selection on any market for that event is ok) host bets,Score at time of bet: 0 - 0,,2026-03-06 22:53:05,2026-03-06 22:53:05,0001-01-01 00:00:00,
23:00 Sheff Wed U21 v Peterborough United U21\Over/Under 3.5 Goals\Over 3.5 Goals,Over 3.5 Goals,639084019230462803,BACK,Åí0.00,Åí0.00,0,CANCELLED,Åí0.00,MV13.00 LTD9 trigger bot (any selection on any market for that event is ok) host bets,,,2026-03-06 22:53:05,2026-03-06 22:53:05,0001-01-01 00:00:00,
23:00 Sheff Wed U21 v Peterborough United U21\Over/Under 1.5 Goals\Under 1.5 Goals,Under 1.5 Goals,639084019230462800,BACK,Åí0.00,Åí0.00,0,CANCELLED,Åí0.00,MV13.00 LTD9 trigger bot (any selection on any market for that event is ok) host bets,,,2026-03-06 22:53:05,2026-03-06 22:53:05,0001-01-01 00:00:00,
23:00 Sheff Wed U21 v Peterborough United U21\Half Time\Sheff Wed U21,Sheff Wed U21,639084019230462804,BACK,Åí0.00,Åí0.00,0,CANCELLED,Åí0.00,MV13.00 LTD9 trigger bot (any selection on any market for that event is ok) host bets,,,2026-03-06 22:53:05,2026-03-06 22:53:05,2026-03-06 23:49:59,
23:00 Sheff Wed U21 v Peterborough United U21\Over/Under 3.5 Goals\Under 3.5 Goals,Under 3.5 Goals,639084019230462802,BACK,Åí0.00,Åí0.00,0,CANCELLED,Åí0.00,MV13.00 LTD9 trigger bot (any selection on any market for that event is ok) host bets,,,2026-03-06 22:53:05,2026-03-06 22:53:05,0001-01-01 00:00:00,
23:00 Sheff Wed U21 v Peterborough United U21\Match Odds\Sheff Wed U21,Sheff Wed U21,639084019230462797,BACK,Åí0.00,Åí0.00,0,CANCELLED,Åí0.00,MV13.00 LTD9 trigger bot (any selection on any market for that event is ok) host bets,,,2026-03-06 22:53:05,2026-03-06 22:53:05,0001-01-01 00:00:00,
23:00 US Chaouia v NRB Teleghma\Half Time\US Chaouia,US Chaouia,639084019230462814,BACK,Åí0.00,Åí0.00,0,CANCELLED,Åí0.00,MV13.00 LTD9 trigger bot (any selection on any market for that event is ok) host bets,Score at time of bet: 0 - 0,,2026-03-06 22:53:06,2026-03-06 22:53:06,2026-03-06 23:50:13,
23:00 US Chaouia v NRB Teleghma\Match Odds\The Draw,The Draw,639084019230462810,BACK,Åí0.00,Åí0.00,0,CANCELLED,Åí0.00,MV13.00 LTD9 trigger bot (any selection on any market for that event is ok) host bets,Score at time of bet: 0 - 0,,2026-03-06 22:53:06,2026-03-06 22:53:06,0001-01-01 00:00:00,
23:00 US Chaouia v NRB Teleghma\Match Odds\US Chaouia,US Chaouia,639084019230462807,BACK,Åí0.00,Åí0.00,0,CANCELLED,Åí0.00,MV13.00 LTD9 trigger bot (any selection on any market for that event is ok) host bets,Score at time of bet: 0 - 0,,2026-03-06 22:53:06,2026-03-06 22:53:06,0001-01-01 00:00:00,
23:00 WA Mostaganem v ESM Kolea\Half Time\ESM Kolea,ESM Kolea,639084019230462817,BACK,Åí0.00,Åí0.00,0,CANCELLED,Åí0.00,MV13.00 LTD9 trigger bot (any selection on any market for that event is ok) host bets,Score at time of bet: 0 - 0,,2026-03-06 22:53:06,2026-03-06 22:53:06,2026-03-06 23:47:53,
23:00 US Chaouia v NRB Teleghma\Over/Under 1.5 Goals\Over 1.5 Goals,Over 1.5 Goals,639084019230462811,BACK,Åí0.00,Åí0.00,0,CANCELLED,Åí0.00,MV13.00 LTD9 trigger bot (any selection on any market for that event is ok) host bets,Score at time of bet: 0 - 0,,2026-03-06 22:53:06,2026-03-06 22:53:06,2026-03-06 23:16:42,
23:00 US Chaouia v NRB Teleghma\Half Time\The Draw,The Draw,639084019230462818,BACK,Åí0.00,Åí0.00,0,CANCELLED,Åí0.00,MV13.00 LTD9 trigger bot (any selection on any market for that event is ok) host bets,Score at time of bet: 0 - 0,,2026-03-06 22:53:06,2026-03-06 22:53:06,2026-03-06 23:50:13,
23:00 US Chaouia v NRB Teleghma\Half Time\NRB Teleghma,NRB Teleghma,639084019230462815,BACK,Åí0.00,Åí0.00,0,CANCELLED,Åí0.00,MV13.00 LTD9 trigger bot (any selection on any market for that event is ok) host bets,Score at time of bet: 0 - 0,,2026-03-06 22:53:06,2026-03-06 22:53:06,2026-03-06 23:50:13,
23:00 US Chaouia v NRB Teleghma\Over/Under 3.5 Goals\Under 3.5 Goals,Under 3.5 Goals,639084019230462812,BACK,Åí0.00,Åí0.00,0,CANCELLED,Åí0.00,MV13.00 LTD9 trigger bot (any selection on any market for that event is ok) host bets,Score at time of bet: 0 - 0,,2026-03-06 22:53:06,2026-03-06 22:53:06,2026-03-06 23:39:07,
23:00 WA Mostaganem v ESM Kolea\Half Time\WA Mostaganem,WA Mostaganem,639084019230462816,BACK,Åí0.00,Åí0.00,0,CANCELLED,Åí0.00,MV13.00 LTD9 trigger bot (any selection on any market for that event is ok) host bets,Score at time of bet: 0 - 0,,2026-03-06 22:53:06,2026-03-06 22:53:06,2026-03-06 23:47:53,
23:00 WA Mostaganem v ESM Kolea\Half Time\The Draw,The Draw,639084019230462819,BACK,Åí0.00,Åí0.00,0,CANCELLED,Åí0.00,MV13.00 LTD9 trigger bot (any selection on any market for that event is ok) host bets,Score at time of bet: 0 - 0,,2026-03-06 22:53:06,2026-03-06 22:53:06,2026-03-06 23:47:53,
23:00 US Chaouia v NRB Teleghma\Over/Under 3.5 Goals\Over 3.5 Goals,Over 3.5 Goals,639084019230462813,BACK,Åí0.00,Åí0.00,0,CANCELLED,Åí0.00,MV13.00 LTD9 trigger bot (any selection on any market for that event is ok) host bets,Score at time of bet: 0 - 0,,2026-03-06 22:53:06,2026-03-06 22:53:06,2026-03-06 23:39:07,
23:00 US Chaouia v NRB Teleghma\Over/Under 1.5 Goals\Under 1.5 Goals,Under 1.5 Goals,639084019230462809,BACK,Åí0.00,Åí0.00,0,CANCELLED,Åí0.00,MV13.00 LTD9 trigger bot (any selection on any market for that event is ok) host bets,Score at time of bet: 0 - 0,,2026-03-06 22:53:06,2026-03-06 22:53:06,2026-03-06 23:16:42,
23:00 US Chaouia v NRB Teleghma\Match Odds\NRB Teleghma,NRB Teleghma,639084019230462808,BACK,Åí0.00,Åí0.00,0,CANCELLED,Åí0.00,MV13.00 LTD9 trigger bot (any selection on any market for that event is ok) host bets,Score at time of bet: 0 - 0,,2026-03-06 22:53:06,2026-03-06 22:53:06,0001-01-01 00:00:00,
23:00 WA Mostaganem v ESM Kolea\Match Odds\ESM Kolea,ESM Kolea,639084019230462821,BACK,Åí0.00,Åí0.00,0,CANCELLED,Åí0.00,MV13.00 LTD9 trigger bot (any selection on any market for that event is ok) host bets,Score at time of bet: 0 - 0,,2026-03-06 22:53:07,2026-03-06 22:53:07,0001-01-01 00:00:00,
23:00 WA Mostaganem v ESM Kolea\Over/Under 3.5 Goals\Over 3.5 Goals,Over 3.5 Goals,639084019230462825,BACK,Åí0.00,Åí0.00,0,CANCELLED,Åí0.00,MV13.00 LTD9 trigger bot (any selection on any market for that event is ok) host bets,Score at time of bet: 0 - 0,,2026-03-06 22:53:07,2026-03-06 22:53:07,0001-01-01 00:00:00,
23:00 WA Mostaganem v ESM Kolea\Match Odds\WA Mostaganem,WA Mostaganem,639084019230462820,BACK,Åí0.00,Åí0.00,0,CANCELLED,Åí0.00,MV13.00 LTD9 trigger bot (any selection on any market for that event is ok) host bets,Score at time of bet: 0 - 0,,2026-03-06 22:53:07,2026-03-06 22:53:07,0001-01-01 00:00:00,
23:00 WA Mostaganem v ESM Kolea\Match Odds\The Draw,The Draw,639084019230462822,BACK,Åí0.00,Åí0.00,0,CANCELLED,Åí0.00,MV13.00 LTD9 trigger bot (any selection on any market for that event is ok) host bets,Score at time of bet: 0 - 0,,2026-03-06 22:53:07,2026-03-06 22:53:07,0001-01-01 00:00:00,
23:00 WA Mostaganem v ESM Kolea\Over/Under 1.5 Goals\Under 1.5 Goals,Under 1.5 Goals,639084019230462823,BACK,Åí0.00,Åí0.00,0,CANCELLED,Åí0.00,MV13.00 LTD9 trigger bot (any selection on any market for that event is ok) host bets,Score at time of bet: 0 - 0,,2026-03-06 22:53:07,2026-03-06 22:53:07,2026-03-06 23:25:28,
23:00 WA Mostaganem v ESM Kolea\Over/Under 3.5 Goals\Under 3.5 Goals,Under 3.5 Goals,639084019230462826,BACK,Åí0.00,Åí0.00,0,CANCELLED,Åí0.00,MV13.00 LTD9 trigger bot (any selection on any market for that event is ok) host bets,Score at time of bet: 0 - 0,,2026-03-06 22:53:07,2026-03-06 22:53:07,0001-01-01 00:00:00,
23:00 WA Mostaganem v ESM Kolea\Over/Under 1.5 Goals\Over 1.5 Goals,Over 1.5 Goals,639084019230462824,BACK,Åí0.00,Åí0.00,0,CANCELLED,Åí0.00,MV13.00 LTD9 trigger bot (any selection on any market for that event is ok) host bets,Score at time of bet: 0 - 0,,2026-03-06 22:53:07,2026-03-06 22:53:07,2026-03-06 23:25:28,
23:00 MO Constantine v AS Khroub\First Half Goals 0.5\Over 0.5 Goals,Over 0.5 Goals,639084019230462827,BACK,Åí0.00,Åí0.00,0,CANCELLED,Åí0.00,MV13.00 LTD9 trigger bot (any selection on any market for that event is ok) host bets,Score at time of bet: 0 - 0,,2026-03-06 22:57:28,2026-03-06 22:57:28,2026-03-06 23:40:58,
23:00 Opatija v Hrvace\First Half Goals 0.5\Over 0.5 Goals,Over 0.5 Goals,639084019230462828,BACK,Åí0.00,Åí0.00,0,CANCELLED,Åí0.00,MV13.00 LTD9 trigger bot (any selection on any market for that event is ok) host bets,Score at time of bet: 0 - 0,,2026-03-06 22:57:29,2026-03-06 22:57:29,2026-03-06 23:48:04,
23:00 Sheff Wed U21 v Peterborough United U21\First Half Goals 0.5\Over 0.5 Goals,Over 0.5 Goals,639084019230462829,BACK,Åí0.00,Åí0.00,0,CANCELLED,Åí0.00,MV13.00 LTD9 trigger bot (any selection on any market for that event is ok) host bets,Score at time of bet: 0 - 0,,2026-03-06 22:57:30,2026-03-06 22:57:30,2026-03-06 23:17:16,
23:00 US Chaouia v NRB Teleghma\First Half Goals 0.5\Over 0.5 Goals,Over 0.5 Goals,639084019230462830,BACK,Åí0.00,Åí0.00,0,CANCELLED,Åí0.00,MV13.00 LTD9 trigger bot (any selection on any market for that event is ok) host bets,Score at time of bet: 0 - 0,,2026-03-06 22:57:31,2026-03-06 22:57:31,2026-03-06 23:10:06,
23:00 WA Mostaganem v ESM Kolea\First Half Goals 0.5\Over 0.5 Goals,Over 0.5 Goals,639084019230462831,BACK,Åí0.00,Åí0.00,0,CANCELLED,Åí0.00,MV13.00 LTD9 trigger bot (any selection on any market for that event is ok) host bets,Score at time of bet: 0 - 0,,2026-03-06 22:57:33,2026-03-06 22:57:33,2026-03-06 23:06:21,
23:00 IB Khemis El Khechna v JS Bordj Menaiel\First Half Goals 0.5\Over 0.5 Goals,Over 0.5 Goals,639084019230462832,BACK,Åí0.00,Åí0.00,0,CANCELLED,Åí0.00,MV13.00 LTD9 trigger bot (any selection on any market for that event is ok) host bets,Score at time of bet: 0 - 0,,2026-03-06 22:57:41,2026-03-06 22:57:41,2026-03-06 23:16:31,
23:00 Ilirija Extra-Lux v Jesenice\First Half Goals 0.5\Over 0.5 Goals,Over 0.5 Goals,639084019230462833,BACK,Åí0.00,Åí0.00,0,CANCELLED,Åí0.00,MV13.00 LTD9 trigger bot (any selection on any market for that event is ok) host bets,,,2026-03-06 22:57:42,2026-03-06 22:57:42,2026-03-06 23:39:48,
23:00 Jamshedpur FC v Inter Kashi\First Half Goals 0.5\Over 0.5 Goals,Over 0.5 Goals,639084019230462834,BACK,Åí0.00,Åí0.00,0,CANCELLED,Åí0.00,MV13.00 LTD9 trigger bot (any selection on any market for that event is ok) host bets,,,2026-03-06 22:57:43,2026-03-06 22:57:43,2026-03-06 23:50:53,
23:00 JSD Jijel v Mo Bejaia\First Half Goals 0.5\Over 0.5 Goals,Over 0.5 Goals,639084019230462835,BACK,Åí0.00,Åí0.00,0,CANCELLED,Åí0.00,MV13.00 LTD9 trigger bot (any selection on any market for that event is ok) host bets,Score at time of bet: 0 - 0,,2026-03-06 22:57:44,2026-03-06 22:57:44,2026-03-06 23:49:41,
23:00 Kelantan United v Terengganu\First Half Goals 0.5\Over 0.5 Goals,Over 0.5 Goals,639084019230462836,BACK,Åí0.00,Åí0.00,0,CANCELLED,Åí0.00,MV13.00 LTD9 trigger bot (any selection on any market for that event is ok) host bets,Score at time of bet: 0 - 0,,2026-03-06 22:57:46,2026-03-06 22:57:46,2026-03-06 23:50:22,
23:00 LKS Lodz II v Podbeskidzie B-B\First Half Goals 0.5\Over 0.5 Goals,Over 0.5 Goals,639084019230462837,BACK,Åí0.00,Åí0.00,0,CANCELLED,Åí0.00,MV13.00 LTD9 trigger bot (any selection on any market for that event is ok) host bets,Score at time of bet: 0 - 0,,2026-03-06 22:57:47,2026-03-06 22:57:47,2026-03-06 23:09:40,
23:00 Millwall U21 v Brentford U21\First Half Goals 0.5\Over 0.5 Goals,Over 0.5 Goals,639084019230462838,BACK,Åí0.00,Åí0.00,0,CANCELLED,Åí0.00,MV13.00 LTD9 trigger bot (any selection on any market for that event is ok) host bets,,,2026-03-06 22:57:48,2026-03-06 22:57:48,2026-03-06 23:10:42,
23:00 Opatija v Hrvace\First Half Goals 0.5\Over 0.5 Goals,Over 0.5 Goals,639084019230462839,BACK,Åí30.00,Åí0.00,1.52,SETTLED,Åí15.60, MV13.01 ÅgLTD9Åh Back 0.5HT 1.5-1.65,Score at time of bet: 0 - 0,,2026-03-06 22:57:50,2026-03-06 22:57:50,2026-03-07 00:16:02,
23:00 US Chaouia v NRB Teleghma\First Half Goals 0.5\Over 0.5 Goals,Over 0.5 Goals,639084019230462840,BACK,Åí30.00,Åí0.00,1.52,SETTLED,Åí15.60, MV13.01 ÅgLTD9Åh Back 0.5HT 1.5-1.65,Score at time of bet: 0 - 0,,2026-03-06 22:57:53,2026-03-06 22:57:53,2026-03-06 23:10:06,
23:00 WA Mostaganem v ESM Kolea\First Half Goals 0.5\Over 0.5 Goals,Over 0.5 Goals,639084019230462841,BACK,Åí30.00,Åí0.00,1.54,SETTLED,Åí16.20, MV13.01 ÅgLTD9Åh Back 0.5HT 1.5-1.65,Score at time of bet: 0 - 0,,2026-03-06 22:57:54,2026-03-06 22:57:54,2026-03-07 00:16:02,
23:00 IB Khemis El Khechna v JS Bordj Menaiel\First Half Goals 0.5\Over 0.5 Goals,Over 0.5 Goals,639084019230462842,BACK,Åí30.00,Åí0.00,1.59,SETTLED,Åí17.70, MV13.01 ÅgLTD9Åh Back 0.5HT 1.5-1.65,Score at time of bet: 0 - 0,,2026-03-06 22:58:02,2026-03-06 22:58:02,2026-03-06 23:16:31,
23:00 JSD Jijel v Mo Bejaia\First Half Goals 0.5\Over 0.5 Goals,Over 0.5 Goals,639084019230462843,BACK,Åí30.00,Åí0.00,1.5,SETTLED,-Åí30.00, MV13.01 ÅgLTD9Åh Back 0.5HT 1.5-1.65,Score at time of bet: 0 - 0,,2026-03-06 22:58:06,2026-03-06 22:58:06,2026-03-06 23:49:41,
23:00 WA Mostaganem v ESM Kolea\First Half Goals 0.5\Over 0.5 Goals,Over 0.5 Goals,639084019230462844,BACK,Åí90.00,Åí0.00,1.7,SETTLED,Åí63.00, MV13.01 ÅgLTD9Åh Back 0.5HT 1.7-1.8,Score at time of bet: 0 - 0,,2026-03-06 23:02:56,2026-03-06 23:02:56,2026-03-06 23:06:21,
23:00 IB Khemis El Khechna v JS Bordj Menaiel\First Half Goals 0.5\Over 0.5 Goals,Over 0.5 Goals,639084019230462845,BACK,Åí90.00,Åí0.00,1.71,SETTLED,Åí63.90, MV13.01 ÅgLTD9Åh Back 0.5HT 1.7-1.8,Score at time of bet: 0 - 0,,2026-03-06 23:06:33,2026-03-06 23:06:33,2026-03-06 23:16:31,
23:00 Jamshedpur FC v Inter Kashi\First Half Goals 0.5\Over 0.5 Goals,Over 0.5 Goals,639084019230462846,BACK,Åí30.00,Åí0.00,1.5,SETTLED,Åí15.00, MV13.01 ÅgLTD9Åh Back 0.5HT 1.5-1.65,,,2026-03-06 23:07:17,2026-03-06 23:07:17,2026-03-07 00:15:59,
23:00 Ilirija Extra-Lux v Jesenice\First Half Goals 0.5\Over 0.5 Goals,Over 0.5 Goals,639084019230462847,BACK,Åí30.00,Åí0.00,1.51,SETTLED,Åí15.30, MV13.01 ÅgLTD9Åh Back 0.5HT 1.5-1.65,,,2026-03-06 23:11:00,2026-03-06 23:11:00,2026-03-07 00:15:59,
23:00 MO Constantine v AS Khroub\First Half Goals 0.5\Over 0.5 Goals,Over 0.5 Goals,639084019230462848,BACK,Åí90.00,Åí0.00,1.71,SETTLED,Åí63.90, MV13.01 ÅgLTD9Åh Back 0.5HT 1.7-1.8,Score at time of bet: 0 - 0,,2026-03-06 23:12:23,2026-03-06 23:12:23,2026-03-06 23:40:58,
23:00 Opatija v Hrvace\First Half Goals 0.5\Over 0.5 Goals,Over 0.5 Goals,639084019230462849,BACK,Åí90.00,Åí0.00,1.73,SETTLED,-Åí90.00, MV13.01 ÅgLTD9Åh Back 0.5HT 1.7-1.8,Score at time of bet: 0 - 0,,2026-03-06 23:12:43,2026-03-06 23:12:43,2026-03-06 23:48:04,
23:00 JSD Jijel v Mo Bejaia\First Half Goals 0.5\Over 0.5 Goals,Over 0.5 Goals,639084019230462850,BACK,Åí90.00,Åí0.00,1.72,SETTLED,-Åí90.00, MV13.01 ÅgLTD9Åh Back 0.5HT 1.7-1.8,Score at time of bet: 0 - 0,,2026-03-06 23:13:15,2026-03-06 23:13:15,2026-03-06 23:49:41,
23:00 Kelantan United v Terengganu\First Half Goals 0.5\Over 0.5 Goals,Over 0.5 Goals,639084019230462851,BACK,Åí30.00,Åí0.00,1.53,SETTLED,-Åí30.00, MV13.01 ÅgLTD9Åh Back 0.5HT 1.5-1.65,Score at time of bet: 0 - 0,,2026-03-06 23:17:34,2026-03-06 23:17:34,2026-03-06 23:50:22,
23:00 Ilirija Extra-Lux v Jesenice\First Half Goals 0.5\Over 0.5 Goals,Over 0.5 Goals,639084019230462852,BACK,Åí90.00,Åí0.00,1.71,SETTLED,Åí63.90, MV13.01 ÅgLTD9Åh Back 0.5HT 1.7-1.8,,,2026-03-06 23:19:33,2026-03-06 23:19:33,2026-03-06 23:39:48,
23:00 Kelantan United v Terengganu\First Half Goals 0.5\Over 0.5 Goals,Over 0.5 Goals,639084019230462853,BACK,Åí90.00,Åí0.00,1.71,SETTLED,Åí63.90, MV13.01 ÅgLTD9Åh Back 0.5HT 1.7-1.8,Score at time of bet: 0 - 0,,2026-03-06 23:24:38,2026-03-06 23:24:38,2026-03-07 00:15:58,
23:00 Ilirija Extra-Lux v Jesenice\First Half Goals 0.5\Over 0.5 Goals,Over 0.5 Goals,639084019230462854,BACK,Åí90.00,Åí0.00,2.5,SETTLED,Åí135.00, MV13.01 ÅgLTD9Åh Back 0.5HT 2.5-2.6,,,2026-03-06 23:33:21,2026-03-06 23:33:21,2026-03-07 00:15:58,
23:00 Opatija v Hrvace\First Half Goals 0.5\Over 0.5 Goals,Over 0.5 Goals,639084019230462855,BACK,Åí30.00,Åí0.00,3.2,SETTLED,-Åí30.00, MV13.01 ÅgLTD9Åh Back 0.5HT 3.2-3.5,Score at time of bet: 0 - 0,,2026-03-06 23:34:37,2026-03-06 23:34:37,2026-03-06 23:48:04,
23:00 MO Constantine v AS Khroub\First Half Goals 0.5\Over 0.5 Goals,Over 0.5 Goals,639084019230462856,BACK,Åí30.00,Åí0.00,3.2,SETTLED,Åí66.00, MV13.01 ÅgLTD9Åh Back 0.5HT 3.2-3.5,Score at time of bet: 0 - 0,,2026-03-06 23:35:43,2026-03-06 23:35:43,2026-03-06 23:40:58,
00:00 FC Voluntari v ACS Fotbal Club Bacau\First Half Goals 0.5\Over 0.5 Goals,Over 0.5 Goals,639084019230462857,BACK,Åí0.00,Åí0.00,0,CANCELLED,Åí0.00,MV13.00 LTD9 trigger bot (any selection on any market for that event is ok) host bets,,,2026-03-06 23:40:14,2026-03-06 23:40:14,0001-01-01 00:00:00,
00:00 Unations FC v Bechem United\First Half Goals 0.5\Over 0.5 Goals,Over 0.5 Goals,639084019230462858,BACK,Åí0.00,Åí0.00,0,CANCELLED,Åí0.00,MV13.00 LTD9 trigger bot (any selection on any market for that event is ok) host bets,,,2026-03-06 23:40:15,2026-03-06 23:40:15,2026-03-07 00:15:29,
23:00 Opatija v Hrvace\Over/Under 1.5 Goals\Over 1.5 Goals,Over 1.5 Goals,639084019230462859,BACK,Åí400.00,Åí0.00,2.44,SETTLED,Åí576.00,MV13.06 ?10 ÅgLTD9Åh Back O1.5FT @HT Hedge@1g 0-0,Score at time of bet: 0 - 0,,2026-03-06 23:48:24,2026-03-06 23:48:24,2026-03-07 00:15:29,
23:00 JSD Jijel v Mo Bejaia\Over/Under 1.5 Goals\Over 1.5 Goals,Over 1.5 Goals,639084019230462860,BACK,Åí400.00,Åí0.00,2.44,SETTLED,Åí576.00,MV13.06 ?10 ÅgLTD9Åh Back O1.5FT @HT Hedge@1g 0-0,Score at time of bet: 0 - 0,,2026-03-06 23:49:04,2026-03-06 23:49:04,2026-03-07 00:15:29,
23:00 Kelantan United v Terengganu\Over/Under 1.5 Goals\Over 1.5 Goals,Over 1.5 Goals,639084019230462861,BACK,Åí400.00,Åí0.00,1.64,SETTLED,Åí256.00,MV13.06 ?10 ÅgLTD9Åh Back O1.5FT @HT Hedge@1g 0-0,Score at time of bet: 0 - 0,,2026-03-06 23:50:01,2026-03-06 23:50:01,2026-03-07 00:15:28,
00:00 Unations FC v Bechem United\First Half Goals 0.5\Over 0.5 Goals,Over 0.5 Goals,639084019230462862,BACK,Åí30.00,Åí0.00,1.58,SETTLED,Åí17.40, MV13.01 ÅgLTD9Åh Back 0.5HT 1.5-1.65,,,2026-03-06 23:54:33,2026-03-06 23:54:33,2026-03-07 00:15:28,
00:00 Unations FC v Bechem United\First Half Goals 0.5\Over 0.5 Goals,Over 0.5 Goals,639084019230462863,BACK,Åí90.00,Åí0.00,1.71,SETTLED,Åí63.90, MV13.01 ÅgLTD9Åh Back 0.5HT 1.7-1.8,,,2026-03-07 00:09:52,2026-03-07 00:09:52,2026-03-07 00:15:28,
00:00 FC Voluntari v ACS Fotbal Club Bacau\First Half Goals 0.5\Over 0.5 Goals,Over 0.5 Goals,639084019230462864,BACK,Åí30.00,Åí0.00,1.52,SETTLED,Åí15.60, MV13.01 ÅgLTD9Åh Back 0.5HT 1.5-1.65,,,2026-03-07 00:11:34,2026-03-07 00:11:34,2026-03-07 00:15:57,
23:00 JSD Jijel v Mo Bejaia\Over/Under 0.5 Goals\Over 0.5 Goals,Over 0.5 Goals,639084019230462865,BACK,Åí400.00,Åí0.00,1.45,SETTLED,Åí180.00,MV13.07 ?40 ÅgLTD9Åh Back 0.5FT 1-90m +1.80,Score at time of bet: 0 - 0,,2026-03-07 00:14:21,2026-03-07 00:14:21,2026-03-07 00:15:56,
23:00 Opatija v Hrvace\Over/Under 0.5 Goals\Over 0.5 Goals,Over 0.5 Goals,639084019230462866,BACK,Åí400.00,Åí0.00,1.5,SETTLED,Åí200.00,MV13.07 ?40 ÅgLTD9Åh Back 0.5FT 1-90m +1.80,Score at time of bet: 0 - 0,,2026-03-07 00:14:24,2026-03-07 00:14:24,2026-03-07 00:15:26,
19:40 Turffontein (RSA) 7th Mar\R3 1000m Listed\Gimme A Vodka,Gimme A Vodka,639084558630585761,BACK,Åí100.00,Åí0.00,6.6,SETTLED,-Åí100.00,SE01.01 Back 30m Pre-off and lay 1s pre-off,,se01,2026-03-07 19:39:02,2026-03-07 19:39:02,2026-03-07 19:44:44,
19:40 Turffontein (RSA) 7th Mar\R3 1000m Listed\Gimme A Vodka,Gimme A Vodka,639084558630585762,LAY,Åí103.12,Åí0.00,6.4,SETTLED,Åí103.12,SE01.01 Back 30m Pre-off and lay 1s pre-off,Hedge - before start time. ,,2026-03-07 19:40:00,2026-03-07 19:40:00,2026-03-07 19:44:44,
19:45 Menangle (AUS) 7th Mar\R7 1609m Pace M\3. Captains Mistress,3. Captains Mistress,639084558630585763,BACK,Åí200.00,Åí0.00,1.07,SETTLED,Åí14.00,SE01.01 Back 30m Pre-off and lay 1s pre-off,,se01,2026-03-07 19:43:02,2026-03-07 19:43:02,2026-03-07 19:51:29,
19:46 Lignieres (FRA) 7th Mar\1m Mdn Stks\Mahasen,Mahasen,639084558630585765,BACK,Åí200.00,Åí0.00,2.44,SETTLED,Åí288.00,SE01.01 Back 30m Pre-off and lay 1s pre-off,,se01,2026-03-07 19:44:20,2026-03-07 19:44:20,2026-03-07 19:54:10,
19:46 Lignieres (FRA) 7th Mar\1m Mdn Stks\Lamiral Darhaan,Lamiral Darhaan,639084558630585764,BACK,Åí100.00,Åí0.00,4,SETTLED,-Åí100.00,SE01.01 Back 30m Pre-off and lay 1s pre-off,,se01,2026-03-07 19:44:20,2026-03-07 19:44:20,2026-03-07 19:54:10,
19:46 Lignieres (FRA) 7th Mar\1m Mdn Stks\Bahia Warana,Bahia Warana,639084558630585766,BACK,Åí100.00,Åí0.00,13,SETTLED,-Åí100.00,SE01.01 Back 30m Pre-off and lay 1s pre-off,,se01,2026-03-07 19:45:20,2026-03-07 19:45:20,2026-03-07 19:54:10,
19:46 Lignieres (FRA) 7th Mar\1m Mdn Stks\Lamiral Darhaan,Lamiral Darhaan,639084558630585767,LAY,Åí93.02,Åí0.00,4.3,SETTLED,Åí93.02,SE01.01 Back 30m Pre-off and lay 1s pre-off,Hedge - before start time. ,,2026-03-07 19:46:00,2026-03-07 19:46:00,2026-03-07 19:54:10,
19:46 Lignieres (FRA) 7th Mar\1m Mdn Stks\Mahasen,Mahasen,639084558630585768,LAY,Åí173.05,Åí0.00,2.82,SETTLED,-Åí314.95,SE01.01 Back 30m Pre-off and lay 1s pre-off,Hedge - before start time. ,,2026-03-07 19:46:01,2026-03-07 19:46:01,2026-03-07 19:54:10,
19:46 Lignieres (FRA) 7th Mar\1m Mdn Stks\Bahia Warana,Bahia Warana,639084558630585769,LAY,Åí86.67,Åí0.00,15,SETTLED,Åí86.67,SE01.01 Back 30m Pre-off and lay 1s pre-off,Hedge - before start time. ,,2026-03-07 19:46:04,2026-03-07 19:46:04,2026-03-07 19:54:10,
19:54 Melton (AUS) 7th Mar\R7 2240m Trot M\7. Crusher Clyde,7. Crusher Clyde,639084558630585770,BACK,Åí245.90,Åí0.00,2.22,SETTLED,Åí300.00,"SE01.02 Back ""SE02"" 30m Pre-off 2.00+ 300 GBP Target Profit",,se02,2026-03-07 19:51:41,2026-03-07 19:51:41,2026-03-07 19:59:05,
19:54 Melton (AUS) 7th Mar\R7 2240m Trot M\6. Keayang Gypsy,6. Keayang Gypsy,639084558630585771,BACK,Åí90.91,Åí0.00,4.3,SETTLED,-Åí90.91,"SE01.02 Back ""SE02"" 30m Pre-off 2.00+ 300 GBP Target Profit",,se02,2026-03-07 19:51:42,2026-03-07 19:51:42,2026-03-07 19:59:05,
19:46 Lignieres (FRA) 7th Mar\1m Mdn Stks\Lamiral Darhaan,Lamiral Darhaan,639084558630585772,BACK,Åí125.00,Åí0.00,3.4,SETTLED,-Åí125.00,"SE01.02 Back ""SE02"" 30m Pre-off 2.00+ 300 GBP Target Profit",,se02,2026-03-07 19:51:46,2026-03-07 19:51:46,2026-03-07 19:54:10,
19:46 Lignieres (FRA) 7th Mar\1m Mdn Stks\Racing Green,Racing Green,639084558630585773,BACK,Åí57.69,Åí0.00,6.2,SETTLED,-Åí57.69,"SE01.02 Back ""SE02"" 30m Pre-off 2.00+ 300 GBP Target Profit",,se02,2026-03-07 19:51:47,2026-03-07 19:51:47,2026-03-07 19:54:10,
19:54 Melton (AUS) 7th Mar\R7 2240m Trot M\4. Avant Guard,4. Avant Guard,639084558630585774,BACK,Åí57.69,Åí0.00,6.2,SETTLED,-Åí57.69,"SE01.02 Back ""SE02"" 30m Pre-off 2.00+ 300 GBP Target Profit",,se02,2026-03-07 19:52:16,2026-03-07 19:52:16,2026-03-07 19:59:05,
19:54 Melton (AUS) 7th Mar\R7 2240m Trot M\5. Mystery Fred,5. Mystery Fred,639084558630585775,BACK,Åí16.22,Åí0.00,19.5,SETTLED,-Åí16.22,"SE01.02 Back ""SE02"" 30m Pre-off 2.00+ 300 GBP Target Profit",,se02,2026-03-07 19:54:16,2026-03-07 19:54:16,2026-03-07 19:59:05,
19:54 Melton (AUS) 7th Mar\R7 2240m Trot M\3. Tictok,3. Tictok,639084558630585776,BACK,Åí10.71,Åí0.00,29,SETTLED,-Åí10.71,"SE01.02 Back ""SE02"" 30m Pre-off 2.00+ 300 GBP Target Profit",,se02,2026-03-07 19:55:17,2026-03-07 19:55:17,2026-03-07 19:59:05,
20:30 Mohammedan SC v Bengaluru FC\Match Odds\Mohammedan SC,Mohammedan SC,639084558630585778,LAY,Åí10.00,Åí0.00,12.5,MATCHED,Åí0.00,"SE02.01 Back ""SE03"" 10s before KO",,se03,2026-03-07 20:03:55,2026-03-07 20:03:55,0001-01-01 00:00:00,
20:30 Ayutthaya United v Dragon Pathumwan Kanchanaburi\Match Odds\Ayutthaya United,Ayutthaya United,639084558630585777,LAY,Åí10.00,Åí0.00,1.9,MATCHED,Åí0.00,"SE02.01 Back ""SE03"" 10s before KO",,se03,2026-03-07 20:03:55,2026-03-07 20:03:55,0001-01-01 00:00:00,
01:09 Towcester 8th Mar\A4 500m\6. Eclipsed Moon,6. Eclipsed Moon,639085572437882904,BACK,Åí10.00,Åí0.00,2.18,MATCHED,Åí0.00,1a. Value Back: Win  @ Åí10,,tissueback,2026-03-08 18:06:13,2026-03-08 18:06:13,0001-01-01 00:00:00,
01:53 Hove 8th Mar\A2 500m\2. Jackpot Blue,2. Jackpot Blue,639085572437882905,BACK,Åí10.00,Åí0.00,1.74,MATCHED,Åí0.00,1a. Value Back: Win  @ Åí10,,tissueback,2026-03-08 18:06:16,2026-03-08 18:06:16,0001-01-01 00:00:00,
01:59 Sheffield 8th Mar\OR2 660m\2. Droopys Flare,2. Droopys Flare,639085572437882906,BACK,Åí10.00,Åí0.00,1.16,MATCHED,Åí0.00,1a. Value Back: Win  @ Åí10,,tissueback,2026-03-08 18:06:16,2026-03-08 18:06:16,0001-01-01 00:00:00,
02:12 Hove 8th Mar\A4 500m\4. Bowles Bullet,4. Bowles Bullet,639085572437882907,BACK,Åí10.00,Åí0.00,1.83,MATCHED,Åí0.00,1a. Value Back: Win  @ Åí10,,tissueback,2026-03-08 18:06:17,2026-03-08 18:06:17,0001-01-01 00:00:00,
02:56 Sheffield 8th Mar\A6 500m\3. Thee Quiet Man,3. Thee Quiet Man,639085572437882908,BACK,Åí10.00,Åí0.00,1.79,MATCHED,Åí0.00,1a. Value Back: Win  @ Åí10,,tissueback,2026-03-08 18:06:20,2026-03-08 18:06:20,0001-01-01 00:00:00,
04:04 Star Pelaw 8th Mar\A4 435m\6. Fruity Bets,6. Fruity Bets,639085572437882909,BACK,Åí10.00,Åí0.00,1.75,MATCHED,Åí0.00,1a. Value Back: Win  @ Åí10,,tissueback,2026-03-08 18:06:23,2026-03-08 18:06:23,0001-01-01 00:00:00,
04:16 Kinsley 8th Mar\A6 462m\4. Norden Girl,4. Norden Girl,639085572437882910,BACK,Åí10.00,Åí0.00,2.2,MATCHED,Åí0.00,1a. Value Back: Win  @ Åí10,,tissueback,2026-03-08 18:06:24,2026-03-08 18:06:24,0001-01-01 00:00:00,
04:24 Star Pelaw 8th Mar\D2 245m\3. Coolavannydelboy,3. Coolavannydelboy,639085572437882911,BACK,Åí10.00,Åí0.00,1.34,MATCHED,Åí0.00,1a. Value Back: Win  @ Åí10,,tissueback,2026-03-08 18:06:24,2026-03-08 18:06:24,0001-01-01 00:00:00,
04:33 Kinsley 8th Mar\A6 462m\1. Chosen Lady,1. Chosen Lady,639085572437882912,BACK,Åí10.00,Åí0.00,1.27,MATCHED,Åí0.00,1a. Value Back: Win  @ Åí10,,tissueback,2026-03-08 18:06:26,2026-03-08 18:06:26,0001-01-01 00:00:00,
04:49 Kinsley 8th Mar\D4 268m\1. Pinnacle Legacy,1. Pinnacle Legacy,639085572437882913,BACK,Åí10.00,Åí0.00,1.64,MATCHED,Åí0.00,1a. Value Back: Win  @ Åí10,,tissueback,2026-03-08 18:06:26,2026-03-08 18:06:26,0001-01-01 00:00:00,
04:42 Star Pelaw 8th Mar\D3 245m\3. Caseys Tip Off,3. Caseys Tip Off,639085572437882914,BACK,Åí10.00,Åí0.00,1.34,MATCHED,Åí0.00,1a. Value Back: Win  @ Åí10,,tissueback,2026-03-08 18:06:26,2026-03-08 18:06:26,0001-01-01 00:00:00,
05:24 Kinsley 8th Mar\D3 268m\6. Twoshookmen,6. Twoshookmen,639085572437882915,BACK,Åí10.00,Åí0.00,1.61,MATCHED,Åí0.00,1a. Value Back: Win  @ Åí10,,tissueback,2026-03-08 18:06:28,2026-03-08 18:06:28,0001-01-01 00:00:00,
18:18 Rockhampton (AUS) 8th Mar\R6 407m Gr5\3. Abraxas Bale,3. Abraxas Bale,639085572437882916,BACK,Åí10.00,Åí0.00,14,SETTLED,-Åí10.00,DUPLICATE 1a. Value Back: Win  @ Åí10,,,2026-03-08 18:19:19,2026-03-08 18:19:19,2026-03-08 18:20:56,
18:18 Rockhampton (AUS) 8th Mar\R6 407m Gr5\4. Suntory Poppy,4. Suntory Poppy,639085572437882917,BACK,Åí10.00,Åí0.00,15,SETTLED,-Åí10.00,DUPLICATE 1a. Value Back: Win  @ Åí10,,,2026-03-08 18:19:19,2026-03-08 18:19:19,2026-03-08 18:20:56,
18:21 Sale (AUS) 8th Mar\R9 435m Gr5\2. Yeah You,2. Yeah You,639085572437882918,BACK,Åí10.00,Åí0.00,17,SETTLED,-Åí10.00,DUPLICATE 1a. Value Back: Win  @ Åí10,,,2026-03-08 18:20:55,2026-03-08 18:20:55,2026-03-08 18:23:32,
18:21 Sale (AUS) 8th Mar\R9 435m Gr5\7. Night Sharid,7. Night Sharid,639085572437882919,BACK,Åí10.00,Åí0.00,15,SETTLED,-Åí10.00,DUPLICATE 1a. Value Back: Win  @ Åí10,,,2026-03-08 18:20:55,2026-03-08 18:20:55,2026-03-08 18:23:32,
18:21 Sale (AUS) 8th Mar\R9 435m Gr5\6. Tilly Girl,6. Tilly Girl,639085572437882920,BACK,Åí10.00,Åí0.00,32,SETTLED,Åí310.00,DUPLICATE 1a. Value Back: Win  @ Åí10,,,2026-03-08 18:20:58,2026-03-08 18:20:58,2026-03-08 18:23:32,
18:22 Broken Hill (AUS) 8th Mar\R3 375m Gr3/4\5. Uncontested,5. Uncontested,639085572437882921,BACK,Åí10.00,Åí0.00,19,SETTLED,-Åí10.00,DUPLICATE 1a. Value Back: Win  @ Åí10,,,2026-03-08 18:21:55,2026-03-08 18:21:55,2026-03-08 18:23:31,
18:22 Broken Hill (AUS) 8th Mar\R3 375m Gr3/4\8. Edgy Girl,8. Edgy Girl,639085572437882922,BACK,Åí10.00,Åí0.00,11.5,SETTLED,-Åí10.00,DUPLICATE 1a. Value Back: Win  @ Åí10,,,2026-03-08 18:21:57,2026-03-08 18:21:57,2026-03-08 18:23:31,
18:24 Q2 Parklands (AUS) 8th Mar\R6 600m Gr5\4. Benny Trick,4. Benny Trick,639085572437882923,BACK,Åí10.00,Åí0.00,23,BSP Order,Åí0.00,DUPLICATE 1a. Value Back: Win  @ Åí10,,,2026-03-08 18:23:55,2026-03-08 18:23:55,0001-01-01 00:00:00,
18:24 Q2 Parklands (AUS) 8th Mar\R6 600m Gr5\7. Rockabye Baby,7. Rockabye Baby,639085572437882924,BACK,Åí10.00,Åí0.00,28.14,BSP Order,Åí0.00,DUPLICATE 1a. Value Back: Win  @ Åí10,,,2026-03-08 18:23:56,2026-03-08 18:23:56,0001-01-01 00:00:00,
18:24 Q2 Parklands (AUS) 8th Mar\R6 600m Gr5\1. Sweet As Sarah,1. Sweet As Sarah,639085572437882925,BACK,Åí10.00,Åí0.00,46,BSP Order,Åí0.00,DUPLICATE 1a. Value Back: Win  @ Åí10,,,2026-03-08 18:23:58,2026-03-08 18:23:58,0001-01-01 00:00:00,
18:25 Darwin (AUS) 8th Mar\R2 312m Gr4\2. Scotch Finger,2. Scotch Finger,639085572437882927,BACK,Åí10.00,Åí0.00,8.4,BSP Order,Åí0.00,DUPLICATE 1a. Value Back: Win  @ Åí10,,,2026-03-08 18:24:55,2026-03-08 18:24:55,0001-01-01 00:00:00,
18:25 Darwin (AUS) 8th Mar\R2 312m Gr4\4. Silversmith,4. Silversmith,639085572437882926,BACK,Åí10.00,Åí0.00,12,BSP Order,Åí0.00,DUPLICATE 1a. Value Back: Win  @ Åí10,,,2026-03-08 18:24:55,2026-03-08 18:24:55,0001-01-01 00:00:00,
18:25 Darwin (AUS) 8th Mar\R2 312m Gr4\1. Mums Boy,1. Mums Boy,639085572437882928,BACK,Åí10.00,Åí0.00,10.35,BSP Order,Åí0.00,DUPLICATE 1a. Value Back: Win  @ Åí10,,,2026-03-08 18:24:56,2026-03-08 18:24:56,0001-01-01 00:00:00,
18:27 Grafton (AUS) 8th Mar\R8 450m Gr5\5. Dashing Dennis,5. Dashing Dennis,639085572437882930,BACK,Åí0.00,Åí0.00,0,BSP Order,Åí0.00,DUPLICATE 1a. Value Back: Win  @ Åí10,,,2026-03-08 18:26:55,2026-03-08 18:26:55,0001-01-01 00:00:00,
18:27 Grafton (AUS) 8th Mar\R8 450m Gr5\3. Magic Deuce,3. Magic Deuce,639085572437882929,BACK,Åí0.00,Åí0.00,0,BSP Order,Åí0.00,DUPLICATE 1a. Value Back: Win  @ Åí10,,,2026-03-08 18:26:55,2026-03-08 18:26:55,0001-01-01 00:00:00,
10:00 Atl Tucuman v Aldosivi\Over/Under 1.5 Goals\Under 1.5 Goals,Under 1.5 Goals,639088709229955526,BACK,Åí0.00,Åí0.00,0,CANCELLED,Åí0.00,MV25.00 LTD9 trigger bot (any selection on any market for that event is ok) ghost bets,,,2026-03-12 09:42:41,2026-03-12 09:42:41,2026-03-12 11:14:58,
10:00 Atl Tucuman v Aldosivi\Over/Under 1.5 Goals\Over 1.5 Goals,Over 1.5 Goals,639088709229955527,BACK,Åí0.00,Åí0.00,0,CANCELLED,Åí0.00,MV25.00 LTD9 trigger bot (any selection on any market for that event is ok) ghost bets,,,2026-03-12 09:42:41,2026-03-12 09:42:41,2026-03-12 11:14:58,
10:00 Atletico San Luis (W) v Puebla FC (W)\Over/Under 1.5 Goals\Under 1.5 Goals,Under 1.5 Goals,639088709229955532,BACK,Åí0.00,Åí0.00,0,CANCELLED,Åí0.00,MV25.00 LTD9 trigger bot (any selection on any market for that event is ok) ghost bets,,,2026-03-12 09:42:42,2026-03-12 09:42:42,2026-03-12 10:14:05,
10:00 Atletico San Luis (W) v Puebla FC (W)\Over/Under 1.5 Goals\Over 1.5 Goals,Over 1.5 Goals,639088709229955533,BACK,Åí0.00,Åí0.00,0,CANCELLED,Åí0.00,MV25.00 LTD9 trigger bot (any selection on any market for that event is ok) ghost bets,,,2026-03-12 09:42:42,2026-03-12 09:42:42,2026-03-12 10:14:05,
10:00 Independiente Rivadavia v Barracas Central\Over/Under 1.5 Goals\Under 1.5 Goals,Under 1.5 Goals,639088709229955528,BACK,Åí0.00,Åí0.00,0,CANCELLED,Åí0.00,MV25.00 LTD9 trigger bot (any selection on any market for that event is ok) ghost bets,,,2026-03-12 09:42:42,2026-03-12 09:42:42,2026-03-12 10:46:00,
10:00 Independiente Rivadavia v Barracas Central\Over/Under 1.5 Goals\Over 1.5 Goals,Over 1.5 Goals,639088709229955529,BACK,Åí0.00,Åí0.00,0,CANCELLED,Åí0.00,MV25.00 LTD9 trigger bot (any selection on any market for that event is ok) ghost bets,,,2026-03-12 09:42:42,2026-03-12 09:42:42,2026-03-12 10:46:00,
10:00 Boyaca Patriotas v Quindio\Over/Under 1.5 Goals\Under 1.5 Goals,Under 1.5 Goals,639088709229955530,BACK,Åí0.00,Åí0.00,0,CANCELLED,Åí0.00,MV25.00 LTD9 trigger bot (any selection on any market for that event is ok) ghost bets,,,2026-03-12 09:42:42,2026-03-12 09:42:42,2026-03-12 12:01:32,
10:00 Boyaca Patriotas v Quindio\Over/Under 1.5 Goals\Over 1.5 Goals,Over 1.5 Goals,639088709229955531,BACK,Åí0.00,Åí0.00,0,CANCELLED,Åí0.00,MV25.00 LTD9 trigger bot (any selection on any market for that event is ok) ghost bets,,,2026-03-12 09:42:42,2026-03-12 09:42:42,2026-03-12 12:01:32,
10:00 Atl Tucuman v Aldosivi\Match Odds\Atl Tucuman,Atl Tucuman,639088709229955534,BACK,Åí0.00,Åí0.00,0,CANCELLED,Åí0.00,MV25.00 LTD9 trigger bot (any selection on any market for that event is ok) ghost bets,,,2026-03-12 09:43:53,2026-03-12 09:43:53,2026-03-12 11:55:33,
10:00 Atl Tucuman v Aldosivi\First Half Goals 1.5\Under 1.5 Goals,Under 1.5 Goals,639088709229955539,BACK,Åí0.00,Åí0.00,0,CANCELLED,Åí0.00,MV25.00 LTD9 trigger bot (any selection on any market for that event is ok) ghost bets,,,2026-03-12 09:43:53,2026-03-12 09:43:53,2026-03-12 10:47:06,
10:00 Atl Tucuman v Aldosivi\Match Odds\Aldosivi,Aldosivi,639088709229955535,BACK,Åí0.00,Åí0.00,0,CANCELLED,Åí0.00,MV25.00 LTD9 trigger bot (any selection on any market for that event is ok) ghost bets,,,2026-03-12 09:43:53,2026-03-12 09:43:53,2026-03-12 11:55:33,
10:00 Atl Tucuman v Aldosivi\First Half Goals 1.5\Over 1.5 Goals,Over 1.5 Goals,639088709229955540,BACK,Åí0.00,Åí0.00,0,CANCELLED,Åí0.00,MV25.00 LTD9 trigger bot (any selection on any market for that event is ok) ghost bets,,,2026-03-12 09:43:53,2026-03-12 09:43:53,2026-03-12 10:47:06,
10:00 Atl Tucuman v Aldosivi\Match Odds\The Draw,The Draw,639088709229955536,BACK,Åí0.00,Åí0.00,0,CANCELLED,Åí0.00,MV25.00 LTD9 trigger bot (any selection on any market for that event is ok) ghost bets,,,2026-03-12 09:43:53,2026-03-12 09:43:53,2026-03-12 11:55:33,
10:00 Atl Tucuman v Aldosivi\First Half Goals 0.5\Under 0.5 Goals,Under 0.5 Goals,639088709229955537,BACK,Åí0.00,Åí0.00,0,CANCELLED,Åí0.00,MV25.00 LTD9 trigger bot (any selection on any market for that event is ok) ghost bets,,,2026-03-12 09:43:53,2026-03-12 09:43:53,2026-03-12 10:22:05,
10:00 Atl Tucuman v Aldosivi\First Half Goals 0.5\Over 0.5 Goals,Over 0.5 Goals,639088709229955538,BACK,Åí0.00,Åí0.00,0,CANCELLED,Åí0.00,MV25.00 LTD9 trigger bot (any selection on any market for that event is ok) ghost bets,,,2026-03-12 09:43:53,2026-03-12 09:43:53,2026-03-12 10:22:05,
10:00 Atl Tucuman v Aldosivi\Over/Under 0.5 Goals\Over 0.5 Goals,Over 0.5 Goals,639088709229955542,BACK,Åí0.00,Åí0.00,0,CANCELLED,Åí0.00,MV25.00 LTD9 trigger bot (any selection on any market for that event is ok) ghost bets,,,2026-03-12 09:43:53,2026-03-12 09:43:53,2026-03-12 10:22:05,
10:00 Atletico San Luis (W) v Puebla FC (W)\First Half Goals 0.5\Over 0.5 Goals,Over 0.5 Goals,639088709229955547,BACK,Åí0.00,Åí0.00,0,CANCELLED,Åí0.00,MV25.00 LTD9 trigger bot (any selection on any market for that event is ok) ghost bets,,,2026-03-12 09:43:53,2026-03-12 09:43:53,2026-03-12 10:11:22,
10:00 Atletico San Luis (W) v Puebla FC (W)\Match Odds\Atletico San Luis (W),Atletico San Luis (W),639088709229955543,BACK,Åí0.00,Åí0.00,0,CANCELLED,Åí0.00,MV25.00 LTD9 trigger bot (any selection on any market for that event is ok) ghost bets,,,2026-03-12 09:43:53,2026-03-12 09:43:53,2026-03-12 11:59:03,
10:00 Atletico San Luis (W) v Puebla FC (W)\First Half Goals 1.5\Under 1.5 Goals,Under 1.5 Goals,639088709229955548,BACK,Åí0.00,Åí0.00,0,CANCELLED,Åí0.00,MV25.00 LTD9 trigger bot (any selection on any market for that event is ok) ghost bets,,,2026-03-12 09:43:53,2026-03-12 09:43:53,2026-03-12 10:13:45,
10:00 Atletico San Luis (W) v Puebla FC (W)\First Half Goals 1.5\Over 1.5 Goals,Over 1.5 Goals,639088709229955549,BACK,Åí0.00,Åí0.00,0,CANCELLED,Åí0.00,MV25.00 LTD9 trigger bot (any selection on any market for that event is ok) ghost bets,,,2026-03-12 09:43:53,2026-03-12 09:43:53,2026-03-12 10:13:45,
10:00 Atl Tucuman v Aldosivi\Over/Under 0.5 Goals\Under 0.5 Goals,Under 0.5 Goals,639088709229955541,BACK,Åí0.00,Åí0.00,0,CANCELLED,Åí0.00,MV25.00 LTD9 trigger bot (any selection on any market for that event is ok) ghost bets,,,2026-03-12 09:43:53,2026-03-12 09:43:53,2026-03-12 10:22:05,
10:00 Atletico San Luis (W) v Puebla FC (W)\Match Odds\The Draw,The Draw,639088709229955545,BACK,Åí0.00,Åí0.00,0,CANCELLED,Åí0.00,MV25.00 LTD9 trigger bot (any selection on any market for that event is ok) ghost bets,,,2026-03-12 09:43:53,2026-03-12 09:43:53,2026-03-12 11:59:03,
10:00 Atletico San Luis (W) v Puebla FC (W)\First Half Goals 0.5\Under 0.5 Goals,Under 0.5 Goals,639088709229955546,BACK,Åí0.00,Åí0.00,0,CANCELLED,Åí0.00,MV25.00 LTD9 trigger bot (any selection on any market for that event is ok) ghost bets,,,2026-03-12 09:43:53,2026-03-12 09:43:53,2026-03-12 10:11:22,
10:00 Atletico San Luis (W) v Puebla FC (W)\Match Odds\Puebla FC (W),Puebla FC (W),639088709229955544,BACK,Åí0.00,Åí0.00,0,CANCELLED,Åí0.00,MV25.00 LTD9 trigger bot (any selection on any market for that event is ok) ghost bets,,,2026-03-12 09:43:53,2026-03-12 09:43:53,2026-03-12 11:59:03,
10:00 Atletico San Luis (W) v Puebla FC (W)\Over/Under 0.5 Goals\Under 0.5 Goals,Under 0.5 Goals,639088709229955557,BACK,Åí0.00,Åí0.00,0,CANCELLED,Åí0.00,MV25.00 LTD9 trigger bot (any selection on any market for that event is ok) ghost bets,,,2026-03-12 09:43:54,2026-03-12 09:43:54,2026-03-12 10:11:01,
10:00 Boyaca Patriotas v Quindio\Match Odds\Boyaca Patriotas,Boyaca Patriotas,639088709229955550,BACK,Åí0.00,Åí0.00,0,CANCELLED,Åí0.00,MV25.00 LTD9 trigger bot (any selection on any market for that event is ok) ghost bets,,,2026-03-12 09:43:54,2026-03-12 09:43:54,2026-03-12 12:01:45,
10:00 Boyaca Patriotas v Quindio\First Half Goals 1.5\Over 1.5 Goals,Over 1.5 Goals,639088709229955556,BACK,Åí0.00,Åí0.00,0,CANCELLED,Åí0.00,MV25.00 LTD9 trigger bot (any selection on any market for that event is ok) ghost bets,,,2026-03-12 09:43:54,2026-03-12 09:43:54,2026-03-12 10:50:14,
10:00 Boyaca Patriotas v Quindio\Match Odds\The Draw,The Draw,639088709229955552,BACK,Åí0.00,Åí0.00,0,CANCELLED,Åí0.00,MV25.00 LTD9 trigger bot (any selection on any market for that event is ok) ghost bets,,,2026-03-12 09:43:54,2026-03-12 09:43:54,2026-03-12 12:01:45,
10:00 Atletico San Luis (W) v Puebla FC (W)\Over/Under 0.5 Goals\Over 0.5 Goals,Over 0.5 Goals,639088709229955558,BACK,Åí0.00,Åí0.00,0,CANCELLED,Åí0.00,MV25.00 LTD9 trigger bot (any selection on any market for that event is ok) ghost bets,,,2026-03-12 09:43:54,2026-03-12 09:43:54,2026-03-12 10:11:01,
10:00 Boyaca Patriotas v Quindio\First Half Goals 0.5\Over 0.5 Goals,Over 0.5 Goals,639088709229955554,BACK,Åí0.00,Åí0.00,0,CANCELLED,Åí0.00,MV25.00 LTD9 trigger bot (any selection on any market for that event is ok) ghost bets,,,2026-03-12 09:43:54,2026-03-12 09:43:54,2026-03-12 10:51:05,
10:00 Boyaca Patriotas v Quindio\First Half Goals 1.5\Under 1.5 Goals,Under 1.5 Goals,639088709229955555,BACK,Åí0.00,Åí0.00,0,CANCELLED,Åí0.00,MV25.00 LTD9 trigger bot (any selection on any market for that event is ok) ghost bets,,,2026-03-12 09:43:54,2026-03-12 09:43:54,2026-03-12 10:50:14,
10:00 Boyaca Patriotas v Quindio\Match Odds\Quindio,Quindio,639088709229955551,BACK,Åí0.00,Åí0.00,0,CANCELLED,Åí0.00,MV25.00 LTD9 trigger bot (any selection on any market for that event is ok) ghost bets,,,2026-03-12 09:43:54,2026-03-12 09:43:54,2026-03-12 12:01:45,
10:00 Boyaca Patriotas v Quindio\First Half Goals 0.5\Under 0.5 Goals,Under 0.5 Goals,639088709229955553,BACK,Åí0.00,Åí0.00,0,CANCELLED,Åí0.00,MV25.00 LTD9 trigger bot (any selection on any market for that event is ok) ghost bets,,,2026-03-12 09:43:54,2026-03-12 09:43:54,2026-03-12 10:51:05,
10:00 Independiente Rivadavia v Barracas Central\Match Odds\Independiente Rivadavia,Independiente Rivadavia,639088709229955559,BACK,Åí0.00,Åí0.00,0,CANCELLED,Åí0.00,MV25.00 LTD9 trigger bot (any selection on any market for that event is ok) ghost bets,,,2026-03-12 09:43:55,2026-03-12 09:43:55,2026-03-12 12:02:18,
10:00 Boyaca Patriotas v Quindio\Over/Under 0.5 Goals\Over 0.5 Goals,Over 0.5 Goals,639088709229955567,BACK,Åí0.00,Åí0.00,0,CANCELLED,Åí0.00,MV25.00 LTD9 trigger bot (any selection on any market for that event is ok) ghost bets,,,2026-03-12 09:43:55,2026-03-12 09:43:55,2026-03-12 12:01:54,
10:00 Boyaca Patriotas v Quindio\Over/Under 0.5 Goals\Under 0.5 Goals,Under 0.5 Goals,639088709229955566,BACK,Åí0.00,Åí0.00,0,CANCELLED,Åí0.00,MV25.00 LTD9 trigger bot (any selection on any market for that event is ok) ghost bets,,,2026-03-12 09:43:55,2026-03-12 09:43:55,2026-03-12 12:01:54,
10:00 Independiente Rivadavia v Barracas Central\Match Odds\Barracas Central,Barracas Central,639088709229955560,BACK,Åí0.00,Åí0.00,0,CANCELLED,Åí0.00,MV25.00 LTD9 trigger bot (any selection on any market for that event is ok) ghost bets,,,2026-03-12 09:43:55,2026-03-12 09:43:55,2026-03-12 12:02:18,
10:00 Independiente Rivadavia v Barracas Central\First Half Goals 0.5\Under 0.5 Goals,Under 0.5 Goals,639088709229955562,BACK,Åí0.00,Åí0.00,0,CANCELLED,Åí0.00,MV25.00 LTD9 trigger bot (any selection on any market for that event is ok) ghost bets,,,2026-03-12 09:43:55,2026-03-12 09:43:55,2026-03-12 10:36:05,
10:00 Independiente Rivadavia v Barracas Central\First Half Goals 1.5\Over 1.5 Goals,Over 1.5 Goals,639088709229955565,BACK,Åí0.00,Åí0.00,0,CANCELLED,Åí0.00,MV25.00 LTD9 trigger bot (any selection on any market for that event is ok) ghost bets,,,2026-03-12 09:43:55,2026-03-12 09:43:55,2026-03-12 10:45:25,
10:00 Independiente Rivadavia v Barracas Central\Match Odds\The Draw,The Draw,639088709229955561,BACK,Åí0.00,Åí0.00,0,CANCELLED,Åí0.00,MV25.00 LTD9 trigger bot (any selection on any market for that event is ok) ghost bets,,,2026-03-12 09:43:55,2026-03-12 09:43:55,2026-03-12 12:02:18,
10:00 Independiente Rivadavia v Barracas Central\First Half Goals 1.5\Under 1.5 Goals,Under 1.5 Goals,639088709229955564,BACK,Åí0.00,Åí0.00,0,CANCELLED,Åí0.00,MV25.00 LTD9 trigger bot (any selection on any market for that event is ok) ghost bets,,,2026-03-12 09:43:55,2026-03-12 09:43:55,2026-03-12 10:45:25,
10:00 Independiente Rivadavia v Barracas Central\First Half Goals 0.5\Over 0.5 Goals,Over 0.5 Goals,639088709229955563,BACK,Åí0.00,Åí0.00,0,CANCELLED,Åí0.00,MV25.00 LTD9 trigger bot (any selection on any market for that event is ok) ghost bets,,,2026-03-12 09:43:55,2026-03-12 09:43:55,2026-03-12 10:36:05,
10:00 Independiente Rivadavia v Barracas Central\Over/Under 0.5 Goals\Under 0.5 Goals,Under 0.5 Goals,639088709229955568,BACK,Åí0.00,Åí0.00,0,CANCELLED,Åí0.00,MV25.00 LTD9 trigger bot (any selection on any market for that event is ok) ghost bets,,,2026-03-12 09:43:56,2026-03-12 09:43:56,2026-03-12 10:35:05,
10:00 Independiente Rivadavia v Barracas Central\Over/Under 0.5 Goals\Over 0.5 Goals,Over 0.5 Goals,639088709229955569,BACK,Åí0.00,Åí0.00,0,CANCELLED,Åí0.00,MV25.00 LTD9 trigger bot (any selection on any market for that event is ok) ghost bets,,,2026-03-12 09:43:56,2026-03-12 09:43:56,2026-03-12 10:35:05,
09:29 Flamengo v Cruzeiro MG\Match Odds\The Draw,The Draw,639088709229955571,BACK,Åí0.00,Åí0.00,0,CANCELLED,Åí0.00,MV25.00 LTD9 trigger bot (any selection on any market for that event is ok) ghost bets,Score at time of bet: 1 - 0,,2026-03-12 09:44:26,2026-03-12 09:44:26,2026-03-12 11:33:26,
09:29 Flamengo v Cruzeiro MG\Match Odds\Flamengo,Flamengo,639088709229955570,BACK,Åí0.00,Åí0.00,0,CANCELLED,Åí0.00,MV25.00 LTD9 trigger bot (any selection on any market for that event is ok) ghost bets,Score at time of bet: 1 - 0,,2026-03-12 09:44:26,2026-03-12 09:44:26,2026-03-12 11:33:26,
09:30 Tolima v OHiggins\First Half Goals 0.5\Over 0.5 Goals,Over 0.5 Goals,639088709229955575,BACK,Åí0.00,Åí0.00,0,LAPSED,Åí0.00,MV25.00 LTD9 trigger bot (any selection on any market for that event is ok) ghost bets,Score at time of bet: 0 - 0,,2026-03-12 09:44:26,2026-03-12 09:44:26,2026-03-12 10:10:35,
09:29 Flamengo v Cruzeiro MG\Match Odds\Cruzeiro MG,Cruzeiro MG,639088709229955572,BACK,Åí0.00,Åí0.00,0,CANCELLED,Åí0.00,MV25.00 LTD9 trigger bot (any selection on any market for that event is ok) ghost bets,Score at time of bet: 1 - 0,,2026-03-12 09:44:26,2026-03-12 09:44:26,2026-03-12 11:33:26,
09:30 Tolima v OHiggins\First Half Goals 0.5\Under 0.5 Goals,Under 0.5 Goals,639088709229955576,BACK,Åí0.00,Åí0.00,0,LAPSED,Åí0.00,MV25.00 LTD9 trigger bot (any selection on any market for that event is ok) ghost bets,Score at time of bet: 0 - 0,,2026-03-12 09:44:26,2026-03-12 09:44:26,2026-03-12 10:10:35,
09:29 Flamengo v Cruzeiro MG\Over/Under 1.5 Goals\Over 1.5 Goals,Over 1.5 Goals,639088709229955577,BACK,Åí0.00,Åí0.00,0,CANCELLED,Åí0.00,MV25.00 LTD9 trigger bot (any selection on any market for that event is ok) ghost bets,Score at time of bet: 1 - 0,,2026-03-12 09:44:26,2026-03-12 09:44:26,2026-03-12 11:32:18,
09:30 Tolima v OHiggins\First Half Goals 1.5\Under 1.5 Goals,Under 1.5 Goals,639088709229955574,BACK,Åí0.00,Åí0.00,0,LAPSED,Åí0.00,MV25.00 LTD9 trigger bot (any selection on any market for that event is ok) ghost bets,Score at time of bet: 0 - 0,,2026-03-12 09:44:26,2026-03-12 09:44:26,2026-03-12 10:21:29,
09:29 Flamengo v Cruzeiro MG\Over/Under 1.5 Goals\Under 1.5 Goals,Under 1.5 Goals,639088709229955573,BACK,Åí0.00,Åí0.00,0,CANCELLED,Åí0.00,MV25.00 LTD9 trigger bot (any selection on any market for that event is ok) ghost bets,Score at time of bet: 1 - 0,,2026-03-12 09:44:26,2026-03-12 09:44:26,2026-03-12 11:32:18,
09:30 Tolima v OHiggins\First Half Goals 1.5\Over 1.5 Goals,Over 1.5 Goals,639088709229955578,BACK,Åí0.00,Åí0.00,0,CANCELLED,Åí0.00,MV25.00 LTD9 trigger bot (any selection on any market for that event is ok) ghost bets,Score at time of bet: 0 - 0,,2026-03-12 09:44:26,2026-03-12 09:44:26,2026-03-12 10:21:29,
09:30 Tolima v OHiggins\Over/Under 1.5 Goals\Under 1.5 Goals,Under 1.5 Goals,639088709229955579,BACK,Åí0.00,Åí0.00,0,CANCELLED,Åí0.00,MV25.00 LTD9 trigger bot (any selection on any market for that event is ok) ghost bets,Score at time of bet: 0 - 0,,2026-03-12 09:44:28,2026-03-12 09:44:28,2026-03-12 11:20:22,
09:30 Tolima v OHiggins\Over/Under 0.5 Goals\Over 0.5 Goals,Over 0.5 Goals,639088709229955583,BACK,Åí0.00,Åí0.00,0,CANCELLED,Åí0.00,MV25.00 LTD9 trigger bot (any selection on any market for that event is ok) ghost bets,Score at time of bet: 0 - 0,,2026-03-12 09:44:28,2026-03-12 09:44:28,2026-03-12 10:10:35,
09:30 Tolima v OHiggins\Over/Under 0.5 Goals\Under 0.5 Goals,Under 0.5 Goals,639088709229955581,BACK,Åí0.00,Åí0.00,0,CANCELLED,Åí0.00,MV25.00 LTD9 trigger bot (any selection on any market for that event is ok) ghost bets,Score at time of bet: 0 - 0,,2026-03-12 09:44:28,2026-03-12 09:44:28,2026-03-12 10:10:35,
09:30 Manaus FC v Londrina\Match Odds\Londrina,Londrina,639088709229955580,BACK,Åí0.00,Åí0.00,0,CANCELLED,Åí0.00,MV25.00 LTD9 trigger bot (any selection on any market for that event is ok) ghost bets,Score at time of bet: 0 - 0,,2026-03-12 09:44:28,2026-03-12 09:44:28,2026-03-12 11:30:01,
09:30 Manaus FC v Londrina\Match Odds\Manaus FC,Manaus FC,639088709229955584,BACK,Åí0.00,Åí0.00,0,CANCELLED,Åí0.00,MV25.00 LTD9 trigger bot (any selection on any market for that event is ok) ghost bets,Score at time of bet: 0 - 0,,2026-03-12 09:44:28,2026-03-12 09:44:28,2026-03-12 11:30:01,
09:30 Manaus FC v Londrina\Match Odds\The Draw,The Draw,639088709229955582,BACK,Åí0.00,Åí0.00,0,CANCELLED,Åí0.00,MV25.00 LTD9 trigger bot (any selection on any market for that event is ok) ghost bets,Score at time of bet: 0 - 0,,2026-03-12 09:44:28,2026-03-12 09:44:28,2026-03-12 11:30:01,
09:30 Tolima v OHiggins\Over/Under 1.5 Goals\Over 1.5 Goals,Over 1.5 Goals,639088709229955585,BACK,Åí0.00,Åí0.00,0,CANCELLED,Åí0.00,MV25.00 LTD9 trigger bot (any selection on any market for that event is ok) ghost bets,Score at time of bet: 0 - 0,,2026-03-12 09:44:28,2026-03-12 09:44:28,2026-03-12 11:20:22,
09:30 Manaus FC v Londrina\First Half Goals 0.5\Under 0.5 Goals,Under 0.5 Goals,639088709229955586,BACK,Åí0.00,Åí0.00,0,CANCELLED,Åí0.00,MV25.00 LTD9 trigger bot (any selection on any market for that event is ok) ghost bets,Score at time of bet: 0 - 0,,2026-03-12 09:44:29,2026-03-12 09:44:29,2026-03-12 10:20:26,
09:30 Manaus FC v Londrina\First Half Goals 0.5\Over 0.5 Goals,Over 0.5 Goals,639088709229955587,BACK,Åí0.00,Åí0.00,0,CANCELLED,Åí0.00,MV25.00 LTD9 trigger bot (any selection on any market for that event is ok) ghost bets,Score at time of bet: 0 - 0,,2026-03-12 09:44:30,2026-03-12 09:44:30,2026-03-12 10:20:26,
09:30 Manaus FC v Londrina\First Half Goals 1.5\Under 1.5 Goals,Under 1.5 Goals,639088709229955588,BACK,Åí0.00,Åí0.00,0,CANCELLED,Åí0.00,MV25.00 LTD9 trigger bot (any selection on any market for that event is ok) ghost bets,Score at time of bet: 0 - 0,,2026-03-12 09:44:31,2026-03-12 09:44:31,2026-03-12 10:20:26,
09:30 Manaus FC v Londrina\First Half Goals 1.5\Over 1.5 Goals,Over 1.5 Goals,639088709229955589,BACK,Åí0.00,Åí0.00,0,CANCELLED,Åí0.00,MV25.00 LTD9 trigger bot (any selection on any market for that event is ok) ghost bets,Score at time of bet: 0 - 0,,2026-03-12 09:44:31,2026-03-12 09:44:31,2026-03-12 10:20:26,
09:32 Paysandu v Portuguesa RJ\Over/Under 0.5 Goals\Under 0.5 Goals,Under 0.5 Goals,639088709229955590,BACK,Åí0.00,Åí0.00,0,CANCELLED,Åí0.00,MV25.00 LTD9 trigger bot (any selection on any market for that event is ok) ghost bets,Score at time of bet: 0 - 0,,2026-03-12 09:44:32,2026-03-12 09:44:32,2026-03-12 10:11:42,
09:32 Paysandu v Portuguesa RJ\Over/Under 0.5 Goals\Over 0.5 Goals,Over 0.5 Goals,639088709229955591,BACK,Åí0.00,Åí0.00,0,CANCELLED,Åí0.00,MV25.00 LTD9 trigger bot (any selection on any market for that event is ok) ghost bets,Score at time of bet: 0 - 0,,2026-03-12 09:44:32,2026-03-12 09:44:32,2026-03-12 10:11:42,
09:32 Paysandu v Portuguesa RJ\Over/Under 1.5 Goals\Under 1.5 Goals,Under 1.5 Goals,639088709229955592,BACK,Åí0.00,Åí0.00,0,CANCELLED,Åí0.00,MV25.00 LTD9 trigger bot (any selection on any market for that event is ok) ghost bets,Score at time of bet: 0 - 0,,2026-03-12 09:44:32,2026-03-12 09:44:32,2026-03-12 10:50:26,
09:32 Paysandu v Portuguesa RJ\Over/Under 1.5 Goals\Over 1.5 Goals,Over 1.5 Goals,639088709229955593,BACK,Åí0.00,Åí0.00,0,CANCELLED,Åí0.00,MV25.00 LTD9 trigger bot (any selection on any market for that event is ok) ghost bets,Score at time of bet: 0 - 0,,2026-03-12 09:44:32,2026-03-12 09:44:32,2026-03-12 10:50:26,
09:31 Corinthians v Coritiba\Over/Under 0.5 Goals\Over 0.5 Goals,Over 0.5 Goals,639088709229955594,BACK,Åí0.00,Åí0.00,0,CANCELLED,Åí0.00,MV25.00 LTD9 trigger bot (any selection on any market for that event is ok) ghost bets,Score at time of bet: 0 - 0,,2026-03-12 09:44:33,2026-03-12 09:44:33,2026-03-12 10:09:40,
09:31 Corinthians v Coritiba\Over/Under 1.5 Goals\Under 1.5 Goals,Under 1.5 Goals,639088709229955596,BACK,Åí0.00,Åí0.00,0,CANCELLED,Åí0.00,MV25.00 LTD9 trigger bot (any selection on any market for that event is ok) ghost bets,Score at time of bet: 0 - 0,,2026-03-12 09:44:33,2026-03-12 09:44:33,2026-03-12 10:48:18,
09:31 Corinthians v Coritiba\Over/Under 0.5 Goals\Under 0.5 Goals,Under 0.5 Goals,639088709229955595,BACK,Åí0.00,Åí0.00,0,CANCELLED,Åí0.00,MV25.00 LTD9 trigger bot (any selection on any market for that event is ok) ghost bets,Score at time of bet: 0 - 0,,2026-03-12 09:44:33,2026-03-12 09:44:33,2026-03-12 10:09:40,
09:31 Corinthians v Coritiba\Over/Under 1.5 Goals\Over 1.5 Goals,Over 1.5 Goals,639088709229955597,BACK,Åí0.00,Åí0.00,0,CANCELLED,Åí0.00,MV25.00 LTD9 trigger bot (any selection on any market for that event is ok) ghost bets,Score at time of bet: 0 - 0,,2026-03-12 09:44:33,2026-03-12 09:44:33,2026-03-12 10:48:18,
09:32 Paysandu v Portuguesa RJ\Match Odds\Paysandu,Paysandu,639088709229955600,BACK,Åí0.00,Åí0.00,0,CANCELLED,Åí0.00,MV25.00 LTD9 trigger bot (any selection on any market for that event is ok) ghost bets,Score at time of bet: 0 - 0,,2026-03-12 09:44:33,2026-03-12 09:44:33,2026-03-12 11:28:53,
09:32 Paysandu v Portuguesa RJ\Match Odds\The Draw,The Draw,639088709229955598,BACK,Åí0.00,Åí0.00,0,CANCELLED,Åí0.00,MV25.00 LTD9 trigger bot (any selection on any market for that event is ok) ghost bets,Score at time of bet: 0 - 0,,2026-03-12 09:44:33,2026-03-12 09:44:33,2026-03-12 11:28:53,
09:32 Paysandu v Portuguesa RJ\Match Odds\Portuguesa RJ,Portuguesa RJ,639088709229955599,BACK,Åí0.00,Åí0.00,0,CANCELLED,Åí0.00,MV25.00 LTD9 trigger bot (any selection on any market for that event is ok) ghost bets,Score at time of bet: 0 - 0,,2026-03-12 09:44:33,2026-03-12 09:44:33,2026-03-12 11:28:53,
09:32 Paysandu v Portuguesa RJ\First Half Goals 0.5\Over 0.5 Goals,Over 0.5 Goals,639088709229955601,BACK,Åí0.00,Åí0.00,0,CANCELLED,Åí0.00,MV25.00 LTD9 trigger bot (any selection on any market for that event is ok) ghost bets,Score at time of bet: 0 - 0,,2026-03-12 09:44:33,2026-03-12 09:44:33,2026-03-12 10:12:34,
09:32 Paysandu v Portuguesa RJ\First Half Goals 0.5\Under 0.5 Goals,Under 0.5 Goals,639088709229955602,BACK,Åí0.00,Åí0.00,0,CANCELLED,Åí0.00,MV25.00 LTD9 trigger bot (any selection on any market for that event is ok) ghost bets,Score at time of bet: 0 - 0,,2026-03-12 09:44:33,2026-03-12 09:44:33,2026-03-12 10:12:34,
09:32 Paysandu v Portuguesa RJ\First Half Goals 1.5\Under 1.5 Goals,Under 1.5 Goals,639088709229955603,BACK,Åí0.00,Åí0.00,0,CANCELLED,Åí0.00,MV25.00 LTD9 trigger bot (any selection on any market for that event is ok) ghost bets,Score at time of bet: 0 - 0,,2026-03-12 09:44:33,2026-03-12 09:44:33,2026-03-12 10:23:05,
09:32 Paysandu v Portuguesa RJ\First Half Goals 1.5\Over 1.5 Goals,Over 1.5 Goals,639088709229955604,BACK,Åí0.00,Åí0.00,0,CANCELLED,Åí0.00,MV25.00 LTD9 trigger bot (any selection on any market for that event is ok) ghost bets,Score at time of bet: 0 - 0,,2026-03-12 09:44:33,2026-03-12 09:44:33,2026-03-12 10:23:05,
09:31 Corinthians v Coritiba\Match Odds\Corinthians,Corinthians,639088709229955605,BACK,Åí0.00,Åí0.00,0,CANCELLED,Åí0.00,MV25.00 LTD9 trigger bot (any selection on any market for that event is ok) ghost bets,Score at time of bet: 0 - 0,,2026-03-12 09:44:34,2026-03-12 09:44:34,2026-03-12 11:36:05,
09:31 Corinthians v Coritiba\Match Odds\Coritiba,Coritiba,639088709229955606,BACK,Åí0.00,Åí0.00,0,CANCELLED,Åí0.00,MV25.00 LTD9 trigger bot (any selection on any market for that event is ok) ghost bets,Score at time of bet: 0 - 0,,2026-03-12 09:44:35,2026-03-12 09:44:35,2026-03-12 11:36:05,
09:31 Corinthians v Coritiba\Match Odds\The Draw,The Draw,639088709229955607,BACK,Åí0.00,Åí0.00,0,CANCELLED,Åí0.00,MV25.00 LTD9 trigger bot (any selection on any market for that event is ok) ghost bets,Score at time of bet: 0 - 0,,2026-03-12 09:44:35,2026-03-12 09:44:35,2026-03-12 11:36:05,
09:31 Corinthians v Coritiba\First Half Goals 0.5\Under 0.5 Goals,Under 0.5 Goals,639088709229955608,BACK,Åí0.00,Åí0.00,0,CANCELLED,Åí0.00,MV25.00 LTD9 trigger bot (any selection on any market for that event is ok) ghost bets,Score at time of bet: 0 - 0,,2026-03-12 09:44:36,2026-03-12 09:44:36,2026-03-12 10:10:02,
09:31 Corinthians v Coritiba\First Half Goals 0.5\Over 0.5 Goals,Over 0.5 Goals,639088709229955609,BACK,Åí0.00,Åí0.00,0,CANCELLED,Åí0.00,MV25.00 LTD9 trigger bot (any selection on any market for that event is ok) ghost bets,Score at time of bet: 0 - 0,,2026-03-12 09:44:36,2026-03-12 09:44:36,2026-03-12 10:10:02,
09:31 Corinthians v Coritiba\First Half Goals 1.5\Under 1.5 Goals,Under 1.5 Goals,639088709229955610,BACK,Åí0.00,Åí0.00,0,CANCELLED,Åí0.00,MV25.00 LTD9 trigger bot (any selection on any market for that event is ok) ghost bets,Score at time of bet: 0 - 0,,2026-03-12 09:44:36,2026-03-12 09:44:36,2026-03-12 10:22:39,
09:31 Corinthians v Coritiba\First Half Goals 1.5\Over 1.5 Goals,Over 1.5 Goals,639088709229955611,BACK,Åí0.00,Åí0.00,0,CANCELLED,Åí0.00,MV25.00 LTD9 trigger bot (any selection on any market for that event is ok) ghost bets,Score at time of bet: 0 - 0,,2026-03-12 09:44:37,2026-03-12 09:44:37,2026-03-12 10:22:39,
09:30 Manaus FC v Londrina\Over/Under 0.5 Goals\Under 0.5 Goals,Under 0.5 Goals,639088709229955612,BACK,Åí0.00,Åí0.00,0,CANCELLED,Åí0.00,MV25.00 LTD9 trigger bot (any selection on any market for that event is ok) ghost bets,Score at time of bet: 0 - 0,,2026-03-12 09:44:37,2026-03-12 09:44:37,2026-03-12 11:28:49,
09:30 Manaus FC v Londrina\Over/Under 0.5 Goals\Over 0.5 Goals,Over 0.5 Goals,639088709229955613,BACK,Åí0.00,Åí0.00,0,CANCELLED,Åí0.00,MV25.00 LTD9 trigger bot (any selection on any market for that event is ok) ghost bets,Score at time of bet: 0 - 0,,2026-03-12 09:44:37,2026-03-12 09:44:37,2026-03-12 11:28:49,
09:30 Manaus FC v Londrina\Over/Under 1.5 Goals\Under 1.5 Goals,Under 1.5 Goals,639088709229955614,BACK,Åí0.00,Åí0.00,0,CANCELLED,Åí0.00,MV25.00 LTD9 trigger bot (any selection on any market for that event is ok) ghost bets,Score at time of bet: 0 - 0,,2026-03-12 09:44:37,2026-03-12 09:44:37,2026-03-12 11:28:49,
09:30 Manaus FC v Londrina\Over/Under 1.5 Goals\Over 1.5 Goals,Over 1.5 Goals,639088709229955615,BACK,Åí0.00,Åí0.00,0,CANCELLED,Åí0.00,MV25.00 LTD9 trigger bot (any selection on any market for that event is ok) ghost bets,Score at time of bet: 0 - 0,,2026-03-12 09:44:37,2026-03-12 09:44:37,2026-03-12 11:28:49,
09:29 Flamengo v Cruzeiro MG\First Half Goals 1.5\Under 1.5 Goals,Under 1.5 Goals,639088709229955617,BACK,Åí0.00,Åí0.00,0,CANCELLED,Åí0.00,MV25.00 LTD9 trigger bot (any selection on any market for that event is ok) ghost bets,Score at time of bet: 1 - 0,,2026-03-12 09:44:38,2026-03-12 09:44:38,2026-03-12 10:21:10,
09:29 Flamengo v Cruzeiro MG\First Half Goals 1.5\Over 1.5 Goals,Over 1.5 Goals,639088709229955618,BACK,Åí0.00,Åí0.00,0,CANCELLED,Åí0.00,MV25.00 LTD9 trigger bot (any selection on any market for that event is ok) ghost bets,Score at time of bet: 1 - 0,,2026-03-12 09:44:38,2026-03-12 09:44:38,2026-03-12 10:21:10,
08:31 Nashville SC v Inter Miami CF\Match Odds\Inter Miami CF,Inter Miami CF,639088709229955619,BACK,Åí0.00,Åí0.00,0,CANCELLED,Åí0.00,MV25.00 LTD9 trigger bot (any selection on any market for that event is ok) ghost bets,Score at time of bet: 0 - 0,,2026-03-12 09:44:38,2026-03-12 09:44:38,2026-03-12 10:25:26,
08:31 Nashville SC v Inter Miami CF\Match Odds\Nashville SC,Nashville SC,639088709229955620,BACK,Åí0.00,Åí0.00,0,CANCELLED,Åí0.00,MV25.00 LTD9 trigger bot (any selection on any market for that event is ok) ghost bets,Score at time of bet: 0 - 0,,2026-03-12 09:44:38,2026-03-12 09:44:38,2026-03-12 10:25:26,
08:31 Nashville SC v Inter Miami CF\Match Odds\The Draw,The Draw,639088709229955616,BACK,Åí0.00,Åí0.00,0,CANCELLED,Åí0.00,MV25.00 LTD9 trigger bot (any selection on any market for that event is ok) ghost bets,Score at time of bet: 0 - 0,,2026-03-12 09:44:38,2026-03-12 09:44:38,2026-03-12 10:25:26,
08:31 Nashville SC v Inter Miami CF\Over/Under 0.5 Goals\Over 0.5 Goals,Over 0.5 Goals,639088709229955621,BACK,Åí0.00,Åí0.00,0,CANCELLED,Åí0.00,MV25.00 LTD9 trigger bot (any selection on any market for that event is ok) ghost bets,Score at time of bet: 0 - 0,,2026-03-12 09:44:38,2026-03-12 09:44:38,2026-03-12 10:25:35,
08:31 Nashville SC v Inter Miami CF\Over/Under 1.5 Goals\Under 1.5 Goals,Under 1.5 Goals,639088709229955624,BACK,Åí0.00,Åí0.00,0,CANCELLED,Åí0.00,MV25.00 LTD9 trigger bot (any selection on any market for that event is ok) ghost bets,Score at time of bet: 0 - 0,,2026-03-12 09:44:38,2026-03-12 09:44:38,2026-03-12 10:25:35,
08:31 Nashville SC v Inter Miami CF\Over/Under 0.5 Goals\Under 0.5 Goals,Under 0.5 Goals,639088709229955623,BACK,Åí0.00,Åí0.00,0,CANCELLED,Åí0.00,MV25.00 LTD9 trigger bot (any selection on any market for that event is ok) ghost bets,Score at time of bet: 0 - 0,,2026-03-12 09:44:38,2026-03-12 09:44:38,2026-03-12 10:25:35,
08:31 Nashville SC v Inter Miami CF\Over/Under 1.5 Goals\Over 1.5 Goals,Over 1.5 Goals,639088709229955622,BACK,Åí0.00,Åí0.00,0,CANCELLED,Åí0.00,MV25.00 LTD9 trigger bot (any selection on any market for that event is ok) ghost bets,Score at time of bet: 0 - 0,,2026-03-12 09:44:38,2026-03-12 09:44:38,2026-03-12 10:25:35,
08:00 Bahia v EC Vitoria Salvador\Match Odds\Bahia,Bahia,639088709229955625,BACK,Åí0.00,Åí0.00,0,CANCELLED,Åí0.00,MV25.00 LTD9 trigger bot (any selection on any market for that event is ok) ghost bets,Score at time of bet: 1 - 1,,2026-03-12 09:44:39,2026-03-12 09:44:39,2026-03-12 10:07:49,
08:00 Bahia v EC Vitoria Salvador\Match Odds\EC Vitoria Salvador,EC Vitoria Salvador,639088709229955626,BACK,Åí0.00,Åí0.00,0,CANCELLED,Åí0.00,MV25.00 LTD9 trigger bot (any selection on any market for that event is ok) ghost bets,Score at time of bet: 1 - 1,,2026-03-12 09:44:39,2026-03-12 09:44:39,2026-03-12 10:07:49,
08:00 Bahia v EC Vitoria Salvador\Match Odds\The Draw,The Draw,639088709229955627,BACK,Åí0.00,Åí0.00,0,CANCELLED,Åí0.00,MV25.00 LTD9 trigger bot (any selection on any market for that event is ok) ghost bets,Score at time of bet: 1 - 1,,2026-03-12 09:44:39,2026-03-12 09:44:39,2026-03-12 10:07:49,
07:59 Independiente Yumbo v Barranquilla\Match Odds\Independiente Yumbo,Independiente Yumbo,639088709229955628,BACK,Åí0.00,Åí0.00,0,LAPSED,Åí0.00,MV25.00 LTD9 trigger bot (any selection on any market for that event is ok) ghost bets,,,2026-03-12 09:44:40,2026-03-12 09:44:40,2026-03-12 09:55:53,
07:59 Independiente Yumbo v Barranquilla\Match Odds\Barranquilla,Barranquilla,639088709229955629,BACK,Åí0.00,Åí0.00,0,LAPSED,Åí0.00,MV25.00 LTD9 trigger bot (any selection on any market for that event is ok) ghost bets,,,2026-03-12 09:44:40,2026-03-12 09:44:40,2026-03-12 09:55:53,
07:59 Independiente Yumbo v Barranquilla\Match Odds\The Draw,The Draw,639088709229955630,BACK,Åí0.00,Åí0.00,0,LAPSED,Åí0.00,MV25.00 LTD9 trigger bot (any selection on any market for that event is ok) ghost bets,,,2026-03-12 09:44:41,2026-03-12 09:44:41,2026-03-12 09:55:53,
07:59 Independiente Yumbo v Barranquilla\Over/Under 1.5 Goals\Under 1.5 Goals,Under 1.5 Goals,639088709229955631,BACK,Åí0.00,Åí0.00,0,CANCELLED,Åí0.00,MV25.00 LTD9 trigger bot (any selection on any market for that event is ok) ghost bets,,,2026-03-12 09:44:41,2026-03-12 09:44:41,2026-03-12 09:55:21,
07:59 Independiente Yumbo v Barranquilla\Over/Under 1.5 Goals\Over 1.5 Goals,Over 1.5 Goals,639088709229955632,BACK,Åí0.00,Åí0.00,0,CANCELLED,Åí0.00,MV25.00 LTD9 trigger bot (any selection on any market for that event is ok) ghost bets,,,2026-03-12 09:44:41,2026-03-12 09:44:41,2026-03-12 09:55:21,
08:15 CD Motagua v Lobos UPNFM\Match Odds\CD Motagua,CD Motagua,639088709229955633,BACK,Åí0.00,Åí0.00,0,CANCELLED,Åí0.00,MV25.00 LTD9 trigger bot (any selection on any market for that event is ok) ghost bets,Score at time of bet: 2 - 0,,2026-03-12 09:44:42,2026-03-12 09:44:42,2026-03-12 10:12:40,
08:15 CD Motagua v Lobos UPNFM\Match Odds\Lobos UPNFM,Lobos UPNFM,639088709229955634,BACK,Åí0.00,Åí0.00,0,CANCELLED,Åí0.00,MV25.00 LTD9 trigger bot (any selection on any market for that event is ok) ghost bets,Score at time of bet: 2 - 0,,2026-03-12 09:44:42,2026-03-12 09:44:42,2026-03-12 10:12:40,
08:15 CD Motagua v Lobos UPNFM\Match Odds\The Draw,The Draw,639088709229955635,BACK,Åí0.00,Åí0.00,0,CANCELLED,Åí0.00,MV25.00 LTD9 trigger bot (any selection on any market for that event is ok) ghost bets,Score at time of bet: 2 - 0,,2026-03-12 09:44:42,2026-03-12 09:44:42,2026-03-12 10:12:40,
08:01 Santa Catarina FC v Jacuipense BA\Match Odds\Santa Catarina FC,Santa Catarina FC,639088709229955636,BACK,Åí0.00,Åí0.00,0,CANCELLED,Åí0.00,MV25.00 LTD9 trigger bot (any selection on any market for that event is ok) ghost bets,,,2026-03-12 09:44:42,2026-03-12 09:44:42,2026-03-12 10:03:49,
08:01 Santa Catarina FC v Jacuipense BA\Match Odds\Jacuipense BA,Jacuipense BA,639088709229955637,BACK,Åí0.00,Åí0.00,0,CANCELLED,Åí0.00,MV25.00 LTD9 trigger bot (any selection on any market for that event is ok) ghost bets,,,2026-03-12 09:44:42,2026-03-12 09:44:42,2026-03-12 10:03:49,
08:01 Santa Catarina FC v Jacuipense BA\Match Odds\The Draw,The Draw,639088709229955638,BACK,Åí0.00,Åí0.00,0,CANCELLED,Åí0.00,MV25.00 LTD9 trigger bot (any selection on any market for that event is ok) ghost bets,,,2026-03-12 09:44:42,2026-03-12 09:44:42,2026-03-12 10:03:49,
08:01 Santa Catarina FC v Jacuipense BA\Over/Under 1.5 Goals\Under 1.5 Goals,Under 1.5 Goals,639088709229955639,BACK,Åí0.00,Åí0.00,0,CANCELLED,Åí0.00,MV25.00 LTD9 trigger bot (any selection on any market for that event is ok) ghost bets,,,2026-03-12 09:44:42,2026-03-12 09:44:42,2026-03-12 10:03:13,
08:01 Santa Catarina FC v Jacuipense BA\Over/Under 1.5 Goals\Over 1.5 Goals,Over 1.5 Goals,639088709229955640,BACK,Åí0.00,Åí0.00,0,CANCELLED,Åí0.00,MV25.00 LTD9 trigger bot (any selection on any market for that event is ok) ghost bets,,,2026-03-12 09:44:43,2026-03-12 09:44:43,2026-03-12 10:03:13,
08:03 Castanhal PA v Nova Iguacu\Match Odds\Castanhal PA,Castanhal PA,639088709229955641,BACK,Åí0.00,Åí0.00,0,CANCELLED,Åí0.00,MV25.00 LTD9 trigger bot (any selection on any market for that event is ok) ghost bets,Score at time of bet: 0 - 4,,2026-03-12 09:44:43,2026-03-12 09:44:43,2026-03-12 10:00:57,
08:03 Castanhal PA v Nova Iguacu\Match Odds\The Draw,The Draw,639088709229955643,BACK,Åí0.00,Åí0.00,0,CANCELLED,Åí0.00,MV25.00 LTD9 trigger bot (any selection on any market for that event is ok) ghost bets,Score at time of bet: 0 - 4,,2026-03-12 09:44:43,2026-03-12 09:44:43,2026-03-12 10:00:57,
08:03 Castanhal PA v Nova Iguacu\Match Odds\Nova Iguacu,Nova Iguacu,639088709229955642,BACK,Åí0.00,Åí0.00,0,CANCELLED,Åí0.00,MV25.00 LTD9 trigger bot (any selection on any market for that event is ok) ghost bets,Score at time of bet: 0 - 4,,2026-03-12 09:44:43,2026-03-12 09:44:43,2026-03-12 10:00:57,
09:30 Tolima v OHiggins\Match Odds\The Draw,The Draw,639088709229955644,BACK,Åí0.00,Åí0.00,0,LAPSED,Åí0.00,MV25.00 LTD9 trigger bot (any selection on any market for that event is ok) ghost bets,Score at time of bet: 0 - 0,,2026-03-12 09:44:43,2026-03-12 09:44:43,2026-03-12 11:29:58,
09:30 Tolima v OHiggins\Match Odds\OHiggins,OHiggins,639088709229955645,BACK,Åí0.00,Åí0.00,0,LAPSED,Åí0.00,MV25.00 LTD9 trigger bot (any selection on any market for that event is ok) ghost bets,Score at time of bet: 0 - 0,,2026-03-12 09:44:43,2026-03-12 09:44:43,2026-03-12 11:29:58,
09:30 Tolima v OHiggins\Match Odds\Tolima,Tolima,639088709229955646,BACK,Åí0.00,Åí0.00,0,LAPSED,Åí0.00,MV25.00 LTD9 trigger bot (any selection on any market for that event is ok) ghost bets,Score at time of bet: 0 - 0,,2026-03-12 09:44:43,2026-03-12 09:44:43,2026-03-12 11:29:58,
08:31 Porto Velho EC v Atletico GO\Over/Under 1.5 Goals\Under 1.5 Goals,Under 1.5 Goals,639088709229955647,BACK,Åí0.00,Åí0.00,0,CANCELLED,Åí0.00,MV25.00 LTD9 trigger bot (any selection on any market for that event is ok) ghost bets,,,2026-03-12 09:44:45,2026-03-12 09:44:45,2026-03-12 10:30:24,
08:31 Porto Velho EC v Atletico GO\Over/Under 1.5 Goals\Over 1.5 Goals,Over 1.5 Goals,639088709229955648,BACK,Åí0.00,Åí0.00,0,CANCELLED,Åí0.00,MV25.00 LTD9 trigger bot (any selection on any market for that event is ok) ghost bets,,,2026-03-12 09:44:45,2026-03-12 09:44:45,2026-03-12 10:30:24,
08:31 Porto Velho EC v Atletico GO\Match Odds\Atletico Go,Atletico Go,639088709229955649,BACK,Åí0.00,Åí0.00,0,CANCELLED,Åí0.00,MV25.00 LTD9 trigger bot (any selection on any market for that event is ok) ghost bets,,,2026-03-12 09:44:50,2026-03-12 09:44:50,2026-03-12 10:30:49,
08:31 Porto Velho EC v Atletico GO\Match Odds\The Draw,The Draw,639088709229955650,BACK,Åí0.00,Åí0.00,0,CANCELLED,Åí0.00,MV25.00 LTD9 trigger bot (any selection on any market for that event is ok) ghost bets,,,2026-03-12 09:44:50,2026-03-12 09:44:50,2026-03-12 10:30:49,
08:31 Porto Velho EC v Atletico GO\Match Odds\Porto Velho EC,Porto Velho EC,639088709229955651,BACK,Åí0.00,Åí0.00,0,CANCELLED,Åí0.00,MV25.00 LTD9 trigger bot (any selection on any market for that event is ok) ghost bets,,,2026-03-12 09:44:50,2026-03-12 09:44:50,2026-03-12 10:30:49,
09:31 Corinthians v Coritiba\First Half Goals 1.5\Over 1.5 Goals,Over 1.5 Goals,639088709229955652,BACK,Åí30.00,Åí0.00,5.1,SETTLED,-Åí30.00,MV25.01 ?30 Back O1.5HT 1-3m HgP@g,Score at time of bet: 0 - 0,,2026-03-12 09:45:46,2026-03-12 09:45:46,2026-03-12 10:22:39,
09:32 Paysandu v Portuguesa RJ\First Half Goals 1.5\Over 1.5 Goals,Over 1.5 Goals,639088709229955653,BACK,Åí30.00,Åí0.00,5.1,SETTLED,-Åí30.00,MV25.01 ?30 Back O1.5HT 1-3m HgP@g,Score at time of bet: 0 - 0,,2026-03-12 09:45:47,2026-03-12 09:45:47,2026-03-12 10:23:05,
09:30 Manaus FC v Londrina\First Half Goals 1.5\Over 1.5 Goals,Over 1.5 Goals,639088709229955654,BACK,Åí30.00,Åí0.00,5.8,SETTLED,-Åí30.00,MV25.01 ?30 Back O1.5HT 1-3m HgP@g,Score at time of bet: 0 - 0,,2026-03-12 09:45:56,2026-03-12 09:45:56,2026-03-12 10:20:26,
09:30 Manaus FC v Londrina\First Half Goals 0.5\Over 0.5 Goals,Over 0.5 Goals,639088709229955655,BACK,Åí90.00,Åí0.00,2,SETTLED,-Åí90.00,MV25.03 ?90 Back O0.5HT 2.00-2.20 ,Score at time of bet: 0 - 0,,2026-03-12 09:48:20,2026-03-12 09:48:20,2026-03-12 10:20:26,
09:30 Tolima v OHiggins\First Half Goals 1.5\Over 1.5 Goals,Over 1.5 Goals,639088709229955656,BACK,Åí30.00,Åí0.00,5.7,SETTLED,-Åí30.00,MV25.02 ?30 Back O1.5HT 18-24m HgP@g,Score at time of bet: 0 - 0,,2026-03-12 09:48:52,2026-03-12 09:48:52,2026-03-12 10:21:29,
09:30 Manaus FC v Londrina\First Half Goals 1.5\Over 1.5 Goals,Over 1.5 Goals,639088709229955657,BACK,Åí30.00,Åí0.00,6.6,SETTLED,-Åí30.00,MV25.02 ?30 Back O1.5HT 18-24m HgP@g,Score at time of bet: 0 - 0,,2026-03-12 09:49:15,2026-03-12 09:49:15,2026-03-12 10:20:26,
09:31 Corinthians v Coritiba\First Half Goals 1.5\Over 1.5 Goals,Over 1.5 Goals,639088709229955658,BACK,Åí30.00,Åí0.00,5.9,SETTLED,-Åí30.00,MV25.02 ?30 Back O1.5HT 18-24m HgP@g,Score at time of bet: 0 - 0,,2026-03-12 09:50:22,2026-03-12 09:50:22,2026-03-12 10:22:39,
09:32 Paysandu v Portuguesa RJ\First Half Goals 0.5\Over 0.5 Goals,Over 0.5 Goals,639088709229955659,BACK,Åí90.00,Åí0.00,2,SETTLED,Åí90.00,MV25.03 ?90 Back O0.5HT 2.00-2.20 ,Score at time of bet: 0 - 0,,2026-03-12 09:51:08,2026-03-12 09:51:08,2026-03-12 10:12:34,
09:32 Paysandu v Portuguesa RJ\First Half Goals 1.5\Over 1.5 Goals,Over 1.5 Goals,639088709229955660,BACK,Åí30.00,Åí0.00,7,SETTLED,-Åí30.00,MV25.02 ?30 Back O1.5HT 18-24m HgP@g,Score at time of bet: 0 - 0,,2026-03-12 09:51:19,2026-03-12 09:51:19,2026-03-12 10:23:05,
08:31 Nashville SC v Inter Miami CF\Over/Under 1.5 Goals\Over 1.5 Goals,Over 1.5 Goals,639088709229955661,BACK,Åí60.00,Åí0.00,3.45,SETTLED,-Åí60.00,MV25.06 ?60 Back O1.5FT 60m IF0-0 HgP@g,Score at time of bet: 0 - 0,,2026-03-12 09:51:48,2026-03-12 09:51:48,2026-03-12 10:25:35,
09:31 Corinthians v Coritiba\First Half Goals 0.5\Over 0.5 Goals,Over 0.5 Goals,639088709229955662,BACK,Åí90.00,Åí0.00,2.02,SETTLED,Åí91.80,MV25.03 ?90 Back O0.5HT 2.00-2.20 ,Score at time of bet: 0 - 0,,2026-03-12 09:51:51,2026-03-12 09:51:51,2026-03-12 10:10:02,
09:30 Tolima v OHiggins\First Half Goals 0.5\Over 0.5 Goals,Over 0.5 Goals,639088709229955663,BACK,Åí90.00,Åí0.00,2.02,SETTLED,Åí91.80,MV25.03 ?90 Back O0.5HT 2.00-2.20 ,Score at time of bet: 0 - 0,,2026-03-12 09:52:22,2026-03-12 09:52:22,2026-03-12 10:10:35,
09:30 Manaus FC v Londrina\First Half Goals 0.5\Over 0.5 Goals,Over 0.5 Goals,639088709229955664,BACK,Åí60.00,Åí0.00,3,SETTLED,-Åí60.00,MV25.04 ?60 Back O0.5HT 3.00-3.20 ,Score at time of bet: 0 - 0,,2026-03-12 10:00:16,2026-03-12 10:00:16,2026-03-12 10:20:26,
10:30 LA Galaxy v Mount Pleasant FC\Match Odds\LA Galaxy,LA Galaxy,639088709229955665,BACK,Åí0.00,Åí0.00,0,CANCELLED,Åí0.00,MV25.00 LTD9 trigger bot (any selection on any market for that event is ok) ghost bets,,,2026-03-12 10:00:29,2026-03-12 10:00:29,0001-01-01 00:00:00,
10:30 LA Galaxy v Mount Pleasant FC\First Half Goals 0.5\Over 0.5 Goals,Over 0.5 Goals,639088709229955669,BACK,Åí0.00,Åí0.00,0,CANCELLED,Åí0.00,MV25.00 LTD9 trigger bot (any selection on any market for that event is ok) ghost bets,,,2026-03-12 10:00:29,2026-03-12 10:00:29,2026-03-12 10:37:37,
10:30 LA Galaxy v Mount Pleasant FC\First Half Goals 0.5\Under 0.5 Goals,Under 0.5 Goals,639088709229955668,BACK,Åí0.00,Åí0.00,0,CANCELLED,Åí0.00,MV25.00 LTD9 trigger bot (any selection on any market for that event is ok) ghost bets,,,2026-03-12 10:00:29,2026-03-12 10:00:29,2026-03-12 10:37:37,
10:30 LA Galaxy v Mount Pleasant FC\First Half Goals 1.5\Over 1.5 Goals,Over 1.5 Goals,639088709229955671,BACK,Åí0.00,Åí0.00,0,CANCELLED,Åí0.00,MV25.00 LTD9 trigger bot (any selection on any market for that event is ok) ghost bets,,,2026-03-12 10:00:29,2026-03-12 10:00:29,2026-03-12 11:24:15,
10:30 LA Galaxy v Mount Pleasant FC\First Half Goals 1.5\Under 1.5 Goals,Under 1.5 Goals,639088709229955670,BACK,Åí0.00,Åí0.00,0,CANCELLED,Åí0.00,MV25.00 LTD9 trigger bot (any selection on any market for that event is ok) ghost bets,,,2026-03-12 10:00:29,2026-03-12 10:00:29,2026-03-12 11:24:15,
10:30 LA Galaxy v Mount Pleasant FC\Match Odds\The Draw,The Draw,639088709229955667,BACK,Åí0.00,Åí0.00,0,CANCELLED,Åí0.00,MV25.00 LTD9 trigger bot (any selection on any market for that event is ok) ghost bets,,,2026-03-12 10:00:29,2026-03-12 10:00:29,0001-01-01 00:00:00,
10:30 LA Galaxy v Mount Pleasant FC\Match Odds\Mount Pleasant FC,Mount Pleasant FC,639088709229955666,BACK,Åí0.00,Åí0.00,0,CANCELLED,Åí0.00,MV25.00 LTD9 trigger bot (any selection on any market for that event is ok) ghost bets,,,2026-03-12 10:00:29,2026-03-12 10:00:29,0001-01-01 00:00:00,
10:30 LA Galaxy v Mount Pleasant FC\Over/Under 0.5 Goals\Under 0.5 Goals,Under 0.5 Goals,639088709229955672,BACK,Åí0.00,Åí0.00,0,CANCELLED,Åí0.00,MV25.00 LTD9 trigger bot (any selection on any market for that event is ok) ghost bets,,,2026-03-12 10:00:30,2026-03-12 10:00:30,2026-03-12 10:37:08,
10:30 Real Espana v CD Victoria\Match Odds\Real Espana,Real Espana,639088709229955676,BACK,Åí0.00,Åí0.00,0,CANCELLED,Åí0.00,MV25.00 LTD9 trigger bot (any selection on any market for that event is ok) ghost bets,,,2026-03-12 10:00:30,2026-03-12 10:00:30,2026-03-12 12:22:42,
10:30 Real Espana v CD Victoria\First Half Goals 0.5\Over 0.5 Goals,Over 0.5 Goals,639088709229955680,BACK,Åí0.00,Åí0.00,0,CANCELLED,Åí0.00,MV25.00 LTD9 trigger bot (any selection on any market for that event is ok) ghost bets,,,2026-03-12 10:00:30,2026-03-12 10:00:30,2026-03-12 10:53:00,
10:30 Real Espana v CD Victoria\First Half Goals 1.5\Under 1.5 Goals,Under 1.5 Goals,639088709229955681,BACK,Åí0.00,Åí0.00,0,CANCELLED,Åí0.00,MV25.00 LTD9 trigger bot (any selection on any market for that event is ok) ghost bets,,,2026-03-12 10:00:30,2026-03-12 10:00:30,2026-03-12 11:15:30,
10:30 Real Espana v CD Victoria\Match Odds\The Draw,The Draw,639088709229955678,BACK,Åí0.00,Åí0.00,0,CANCELLED,Åí0.00,MV25.00 LTD9 trigger bot (any selection on any market for that event is ok) ghost bets,,,2026-03-12 10:00:30,2026-03-12 10:00:30,2026-03-12 12:22:42,
10:30 Real Espana v CD Victoria\First Half Goals 0.5\Under 0.5 Goals,Under 0.5 Goals,639088709229955679,BACK,Åí0.00,Åí0.00,0,CANCELLED,Åí0.00,MV25.00 LTD9 trigger bot (any selection on any market for that event is ok) ghost bets,,,2026-03-12 10:00:30,2026-03-12 10:00:30,2026-03-12 10:53:00,
10:30 Real Espana v CD Victoria\Match Odds\CD Victoria,CD Victoria,639088709229955677,BACK,Åí0.00,Åí0.00,0,CANCELLED,Åí0.00,MV25.00 LTD9 trigger bot (any selection on any market for that event is ok) ghost bets,,,2026-03-12 10:00:30,2026-03-12 10:00:30,2026-03-12 12:22:42,
10:30 LA Galaxy v Mount Pleasant FC\Over/Under 1.5 Goals\Over 1.5 Goals,Over 1.5 Goals,639088709229955675,BACK,Åí0.00,Åí0.00,0,CANCELLED,Åí0.00,MV25.00 LTD9 trigger bot (any selection on any market for that event is ok) ghost bets,,,2026-03-12 10:00:30,2026-03-12 10:00:30,2026-03-12 12:16:48,
10:30 Real Espana v CD Victoria\First Half Goals 1.5\Over 1.5 Goals,Over 1.5 Goals,639088709229955682,BACK,Åí0.00,Åí0.00,0,CANCELLED,Åí0.00,MV25.00 LTD9 trigger bot (any selection on any market for that event is ok) ghost bets,,,2026-03-12 10:00:30,2026-03-12 10:00:30,2026-03-12 11:15:30,
10:30 LA Galaxy v Mount Pleasant FC\Over/Under 0.5 Goals\Over 0.5 Goals,Over 0.5 Goals,639088709229955673,BACK,Åí0.00,Åí0.00,0,CANCELLED,Åí0.00,MV25.00 LTD9 trigger bot (any selection on any market for that event is ok) ghost bets,,,2026-03-12 10:00:30,2026-03-12 10:00:30,2026-03-12 10:37:08,
10:30 LA Galaxy v Mount Pleasant FC\Over/Under 1.5 Goals\Under 1.5 Goals,Under 1.5 Goals,639088709229955674,BACK,Åí0.00,Åí0.00,0,CANCELLED,Åí0.00,MV25.00 LTD9 trigger bot (any selection on any market for that event is ok) ghost bets,,,2026-03-12 10:00:30,2026-03-12 10:00:30,2026-03-12 12:16:48,
10:30 Real Espana v CD Victoria\Over/Under 0.5 Goals\Under 0.5 Goals,Under 0.5 Goals,639088709229955683,BACK,Åí0.00,Åí0.00,0,CANCELLED,Åí0.00,MV25.00 LTD9 trigger bot (any selection on any market for that event is ok) ghost bets,,,2026-03-12 10:00:31,2026-03-12 10:00:31,2026-03-12 10:53:28,
10:30 Real Espana v CD Victoria\Over/Under 1.5 Goals\Over 1.5 Goals,Over 1.5 Goals,639088709229955686,BACK,Åí0.00,Åí0.00,0,CANCELLED,Åí0.00,MV25.00 LTD9 trigger bot (any selection on any market for that event is ok) ghost bets,,,2026-03-12 10:00:31,2026-03-12 10:00:31,2026-03-12 11:41:13,
10:30 Real Espana v CD Victoria\Over/Under 0.5 Goals\Over 0.5 Goals,Over 0.5 Goals,639088709229955684,BACK,Åí0.00,Åí0.00,0,CANCELLED,Åí0.00,MV25.00 LTD9 trigger bot (any selection on any market for that event is ok) ghost bets,,,2026-03-12 10:00:31,2026-03-12 10:00:31,2026-03-12 10:53:28,
10:30 Real Espana v CD Victoria\Over/Under 1.5 Goals\Under 1.5 Goals,Under 1.5 Goals,639088709229955685,BACK,Åí0.00,Åí0.00,0,CANCELLED,Åí0.00,MV25.00 LTD9 trigger bot (any selection on any market for that event is ok) ghost bets,,,2026-03-12 10:00:31,2026-03-12 10:00:31,2026-03-12 11:41:13,
10:00 Independiente Rivadavia v Barracas Central\First Half Goals 1.5\Over 1.5 Goals,Over 1.5 Goals,639088709229955687,BACK,Åí30.00,Åí0.00,3.7,SETTLED,Åí81.00,MV25.01 ?30 Back O1.5HT 1-3m HgP@g,Score at time of bet: 0 - 0,,2026-03-12 10:01:43,2026-03-12 10:01:43,2026-03-12 10:45:25,
10:00 Boyaca Patriotas v Quindio\First Half Goals 1.5\Over 1.5 Goals,Over 1.5 Goals,639088709229955688,BACK,Åí30.00,Åí0.00,4.2,SETTLED,-Åí30.00,MV25.01 ?30 Back O1.5HT 1-3m HgP@g,Score at time of bet: 0 - 0,,2026-03-12 10:01:47,2026-03-12 10:01:47,2026-03-12 10:50:14,
10:00 Atl Tucuman v Aldosivi\First Half Goals 1.5\Over 1.5 Goals,Over 1.5 Goals,639088709229955689,BACK,Åí30.00,Åí0.00,4.4,SETTLED,-Åí30.00,MV25.01 ?30 Back O1.5HT 1-3m HgP@g,Score at time of bet: 0 - 0,,2026-03-12 10:02:22,2026-03-12 10:02:22,2026-03-12 10:47:06,
10:00 Atletico San Luis (W) v Puebla FC (W)\First Half Goals 1.5\Over 1.5 Goals,Over 1.5 Goals,639088709229955690,BACK,Åí30.00,Åí0.00,2.2,SETTLED,Åí36.00,MV25.01 ?30 Back O1.5HT 1-3m HgP@g,Score at time of bet: 0 - 0,,2026-03-12 10:03:25,2026-03-12 10:03:25,2026-03-12 10:13:45,
08:31 Nashville SC v Inter Miami CF\Over/Under 0.5 Goals\Over 0.5 Goals,Over 0.5 Goals,639088709229955691,BACK,Åí60.00,Åí0.00,2.02,SETTLED,-Åí60.00,MV25.07 ?60 Back O0.5FT 2.00-2.20 ,Score at time of bet: 0 - 0,,2026-03-12 10:03:31,2026-03-12 10:03:31,2026-03-12 10:25:35,
09:32 Paysandu v Portuguesa RJ\First Half Goals 0.5\Over 0.5 Goals,Over 0.5 Goals,639088709229955692,BACK,Åí60.00,Åí0.00,3.05,SETTLED,Åí123.00,MV25.04 ?60 Back O0.5HT 3.00-3.20 ,Score at time of bet: 0 - 0,,2026-03-12 10:04:35,2026-03-12 10:04:35,2026-03-12 10:12:34,
09:30 Tolima v OHiggins\First Half Goals 0.5\Over 0.5 Goals,Over 0.5 Goals,639088709229955693,BACK,Åí60.00,Åí0.00,3.15,SETTLED,Åí129.00,MV25.04 ?60 Back O0.5HT 3.00-3.20 ,Score at time of bet: 0 - 0,,2026-03-12 10:05:44,2026-03-12 10:05:44,2026-03-12 10:10:35,
09:31 Corinthians v Coritiba\First Half Goals 0.5\Over 0.5 Goals,Over 0.5 Goals,639088709229955694,BACK,Åí60.00,Åí0.00,3.05,SETTLED,Åí123.00,MV25.04 ?60 Back O0.5HT 3.00-3.20 ,Score at time of bet: 0 - 0,,2026-03-12 10:05:58,2026-03-12 10:05:58,2026-03-12 10:10:02,
09:31 Corinthians v Coritiba\First Half Goals 1.5\Over 1.5 Goals,Over 1.5 Goals,639088709229955695,LAY,Åí31.88,Åí0.00,4.8,SETTLED,Åí31.88,MV25.01 ?30 Back O1.5HT 1-3m HgP@g,Hedge - because score is: 0 - 1. Hedge - because score is: 0 - 1.  Score at time of bet: 0 - 1,,2026-03-12 10:09:10,2026-03-12 10:09:10,2026-03-12 10:22:39,
09:31 Corinthians v Coritiba\First Half Goals 1.5\Over 1.5 Goals,Over 1.5 Goals,639088709229955696,LAY,Åí46.58,Åí0.00,3.8,SETTLED,Åí46.58,MV25.02 ?30 Back O1.5HT 18-24m HgP@g,Hedge - because score is: 0 - 1. Hedge - because score is: 0 - 1.  Score at time of bet: 0 - 1,,2026-03-12 10:09:45,2026-03-12 10:09:45,2026-03-12 10:22:39,
09:30 Tolima v OHiggins\First Half Goals 1.5\Over 1.5 Goals,Over 1.5 Goals,639088709229955697,LAY,Åí38.00,Åí0.00,4.5,SETTLED,Åí38.00,MV25.02 ?30 Back O1.5HT 18-24m HgP@g,Hedge - because score is: 1 - 0. Hedge - because score is: 1 - 0.  Score at time of bet: 1 - 0,,2026-03-12 10:10:41,2026-03-12 10:10:41,2026-03-12 10:21:29,
10:00 Atletico San Luis (W) v Puebla FC (W)\First Half Goals 1.5\Over 1.5 Goals,Over 1.5 Goals,639088709229955698,LAY,Åí42.58,Åí0.00,1.55,SETTLED,-Åí23.42,MV25.01 ?30 Back O1.5HT 1-3m HgP@g,Hedge - because score is: 1 - 0. Hedge - because score is: 1 - 0.  Score at time of bet: 1 - 0,,2026-03-12 10:10:45,2026-03-12 10:10:45,2026-03-12 10:13:45,
09:32 Paysandu v Portuguesa RJ\First Half Goals 1.5\Over 1.5 Goals,Over 1.5 Goals,639088709229955699,LAY,Åí33.26,Åí0.00,4.6,SETTLED,Åí33.26,MV25.01 ?30 Back O1.5HT 1-3m HgP@g,Hedge - because score is: 1 - 0. Hedge - because score is: 1 - 0.  Score at time of bet: 1 - 0,,2026-03-12 10:12:19,2026-03-12 10:12:19,2026-03-12 10:23:05,
09:32 Paysandu v Portuguesa RJ\First Half Goals 1.5\Over 1.5 Goals,Over 1.5 Goals,639088709229955700,LAY,Åí46.67,Åí0.00,4.5,SETTLED,Åí46.67,MV25.02 ?30 Back O1.5HT 18-24m HgP@g,Hedge - because score is: 1 - 0. Hedge - because score is: 1 - 0.  Score at time of bet: 1 - 0,,2026-03-12 10:12:40,2026-03-12 10:12:40,2026-03-12 10:23:05,
10:00 Boyaca Patriotas v Quindio\First Half Goals 0.5\Over 0.5 Goals,Over 0.5 Goals,639088709229955701,BACK,Åí90.00,Åí0.00,2,SETTLED,-Åí90.00,MV25.03 ?90 Back O0.5HT 2.00-2.20 ,Score at time of bet: 0 - 0,,2026-03-12 10:13:11,2026-03-12 10:13:11,2026-03-12 10:51:05,
10:00 Atl Tucuman v Aldosivi\First Half Goals 0.5\Over 0.5 Goals,Over 0.5 Goals,639088709229955702,BACK,Åí90.00,Åí0.00,2,SETTLED,Åí90.00,MV25.03 ?90 Back O0.5HT 2.00-2.20 ,Score at time of bet: 0 - 0,,2026-03-12 10:14:57,2026-03-12 10:14:57,2026-03-12 10:22:05,
10:00 Independiente Rivadavia v Barracas Central\First Half Goals 0.5\Over 0.5 Goals,Over 0.5 Goals,639088709229955703,BACK,Åí90.00,Åí0.00,2,SETTLED,Åí90.00,MV25.03 ?90 Back O0.5HT 2.00-2.20 ,Score at time of bet: 0 - 0,,2026-03-12 10:18:11,2026-03-12 10:18:11,2026-03-12 10:36:05,
10:00 Independiente Rivadavia v Barracas Central\First Half Goals 1.5\Over 1.5 Goals,Over 1.5 Goals,639088709229955704,BACK,Åí30.00,Åí0.00,6.8,SETTLED,Åí174.00,MV25.02 ?30 Back O1.5HT 18-24m HgP@g,Score at time of bet: 0 - 0,,2026-03-12 10:18:50,2026-03-12 10:18:50,2026-03-12 10:45:25,
10:00 Boyaca Patriotas v Quindio\First Half Goals 1.5\Over 1.5 Goals,Over 1.5 Goals,639088709229955705,BACK,Åí30.00,Åí0.00,8.2,SETTLED,-Åí30.00,MV25.02 ?30 Back O1.5HT 18-24m HgP@g,Score at time of bet: 0 - 0,,2026-03-12 10:19:08,2026-03-12 10:19:08,2026-03-12 10:50:14,
10:00 Atl Tucuman v Aldosivi\First Half Goals 1.5\Over 1.5 Goals,Over 1.5 Goals,639088709229955706,BACK,Åí30.00,Åí0.00,8.2,SETTLED,-Åí30.00,MV25.02 ?30 Back O1.5HT 18-24m HgP@g,Score at time of bet: 0 - 0,,2026-03-12 10:19:16,2026-03-12 10:19:16,2026-03-12 10:47:06,
09:30 Manaus FC v Londrina\Over/Under 1.5 Goals\Over 1.5 Goals,Over 1.5 Goals,639088709229955707,BACK,Åí90.00,Åí0.00,3.2,SETTLED,-Åí90.00,MV25.05 ?90 Back O1.5FT @HT IF0-0 HgP@g,Score at time of bet: 0 - 0,,2026-03-12 10:20:22,2026-03-12 10:20:22,2026-03-12 11:28:49,
10:00 Atl Tucuman v Aldosivi\First Half Goals 1.5\Over 1.5 Goals,Over 1.5 Goals,639088709229955708,LAY,Åí52.80,Åí0.00,2.5,SETTLED,Åí52.80,MV25.01 ?30 Back O1.5HT 1-3m HgP@g,Hedge - because score is: 0 - 1. Hedge - because score is: 0 - 1.  Score at time of bet: 0 - 1,,2026-03-12 10:22:12,2026-03-12 10:22:12,2026-03-12 10:47:06,
10:00 Atl Tucuman v Aldosivi\First Half Goals 1.5\Over 1.5 Goals,Over 1.5 Goals,639088709229955709,LAY,Åí99.19,Åí0.00,2.48,SETTLED,Åí99.19,MV25.02 ?30 Back O1.5HT 18-24m HgP@g,Hedge - because score is: 0 - 1. Hedge - because score is: 0 - 1.  Score at time of bet: 0 - 1,,2026-03-12 10:22:29,2026-03-12 10:22:29,2026-03-12 10:47:06,
14:00 Gangneung City v Pocheon FC\First Half Goals 1.5\Over 1.5 Goals,Over 1.5 Goals,639089561549192851,BACK,Åí30.00,Åí0.00,3.4,SETTLED,-Åí30.00,MV26.01 ?30 Back O1.5HT 1-3m HgP@g,Score at time of bet: 0 - 0,,2026-03-13 14:01:42,2026-03-13 14:01:42,2026-03-13 22:16:16,
14:00 Gangneung City v Pocheon FC\First Half Goals 0.5\Over 0.5 Goals,Over 0.5 Goals,639089561549192852,BACK,Åí90.00,Åí0.00,2,SETTLED,-Åí90.00,MV26.03 ?90 Back O0.5HT 2.00-2.20 ,Score at time of bet: 0 - 0,,2026-03-13 14:14:52,2026-03-13 14:14:52,2026-03-13 22:16:16,
14:00 Gangneung City v Pocheon FC\First Half Goals 1.5\Over 1.5 Goals,Over 1.5 Goals,639089561549192853,BACK,Åí30.00,Åí0.00,8.4,SETTLED,-Åí30.00,MV26.02 ?30 Back O1.5HT 18-24m HgP@g,Score at time of bet: 0 - 0,,2026-03-13 14:18:47,2026-03-13 14:18:47,2026-03-13 22:16:16,
14:00 Gangneung City v Pocheon FC\First Half Goals 0.5\Over 0.5 Goals,Over 0.5 Goals,639089561549192854,BACK,Åí60.00,Åí0.00,3,SETTLED,-Åí60.00,MV26.04 ?60 Back O0.5HT 3.00-3.20 ,Score at time of bet: 0 - 0,,2026-03-13 14:28:00,2026-03-13 14:28:00,2026-03-13 22:16:16,
14:00 Gangneung City v Pocheon FC\Over/Under 1.5 Goals\Over 1.5 Goals,Over 1.5 Goals,639089561549192855,BACK,Åí90.00,Åí0.00,2.76,SETTLED,-Åí90.00,MV26.05 ?90 Back O1.5FT 46-47m IF0-0 HgP@g,Score at time of bet: 0 - 0,,2026-03-13 14:46:49,2026-03-13 14:46:49,2026-03-13 22:16:17,
22:00 Uganda Police v NEC FC\First Half Goals 0.5\Over 0.5 Goals,Over 0.5 Goals,639089561549192856,BACK,Åí90.00,Åí0.00,2.02,MATCHED,Åí0.00,MV26.03 ?90 Back O0.5HT 2.00-2.20 ,Score at time of bet: 0 - 0,,2026-03-13 22:16:48,2026-03-13 22:16:48,0001-01-01 00:00:00,
14:00 China (W) v Chinese Taipei (W)\Match Odds\The Draw,The Draw,639090551883268319,LAY,Åí0.11,Åí0.00,10,SETTLED,-Åí0.99,JR01.09 Åí1 Liab Lay Draw CE Conservative Exit Hg@1g,,,2026-03-14 13:51:56,2026-03-14 13:51:56,2026-03-14 16:05:14,
14:00 China (W) v Chinese Taipei (W)\Match Odds\The Draw,The Draw,639090551883268318,LAY,Åí0.11,Åí0.00,10,SETTLED,-Åí0.99,JR01.07 Åí1 Liab Lay Draw EU DE 3.85+ Even / Underdog Goal Likely Defensive Exit Hg@70mIF0-0,,,2026-03-14 13:51:56,2026-03-14 13:51:56,2026-03-14 16:05:14,
14:00 Gwangju FC v Jeonbuk Motors\Match Odds\The Draw,The Draw,639090551883268321,LAY,Åí0.39,Åí0.00,3.55,SETTLED,-Åí0.99,JR01.05 Åí1 Liab Lay Draw ST PE 3.35-3.80 Standard Trade Partial Exit Cl@P+1g Hg@2g-lead  Hg@70mIF0-0,Score at time of bet: 0 - 0,,2026-03-14 13:51:56,2026-03-14 13:51:56,2026-03-14 16:05:22,
14:00 FC Ryukyu v Renofa Yamaguchi\Match Odds\The Draw,The Draw,639090551883268322,LAY,Åí0.34,Åí0.00,3.95,SETTLED,-Åí1.00,JR01.07 Åí1 Liab Lay Draw EU DE 3.85+ Even / Underdog Goal Likely Defensive Exit Hg@70mIF0-0,,,2026-03-14 13:51:56,2026-03-14 13:51:56,2026-03-14 16:05:22,
14:00 Gimhae City v Suwon FC\Match Odds\The Draw,The Draw,639090551883268327,LAY,Åí0.27,Åí0.00,4.7,SETTLED,Åí0.27,JR01.09 Åí1 Liab Lay Draw CE Conservative Exit Hg@1g,Score at time of bet: 0 - 0,,2026-03-14 13:51:57,2026-03-14 13:51:57,2026-03-14 16:05:22,
14:00 Kashiwa v FC Machida\Match Odds\The Draw,The Draw,639090551883268324,LAY,Åí0.39,Åí0.00,3.55,SETTLED,Åí0.39,JR01.09 Åí1 Liab Lay Draw CE Conservative Exit Hg@1g,,,2026-03-14 13:51:56,2026-03-14 13:51:56,2026-03-14 16:05:15,
14:00 Gwangju FC v Jeonbuk Motors\Match Odds\The Draw,The Draw,639090551883268325,LAY,Åí0.39,Åí0.00,3.55,SETTLED,-Åí0.99,JR01.09 Åí1 Liab Lay Draw CE Conservative Exit Hg@1g,Score at time of bet: 0 - 0,,2026-03-14 13:51:57,2026-03-14 13:51:57,2026-03-14 16:05:22,
14:00 FC Ryukyu v Renofa Yamaguchi\Match Odds\The Draw,The Draw,639090551883268326,LAY,Åí0.34,Åí0.00,3.95,SETTLED,-Åí1.00,JR01.09 Åí1 Liab Lay Draw CE Conservative Exit Hg@1g,,,2026-03-14 13:51:57,2026-03-14 13:51:57,2026-03-14 16:05:22,
14:00 Gimhae City v Suwon FC\Match Odds\The Draw,The Draw,639090551883268323,LAY,Åí0.27,Åí0.00,4.7,SETTLED,Åí0.27,JR01.07 Åí1 Liab Lay Draw EU DE 3.85+ Even / Underdog Goal Likely Defensive Exit Hg@70mIF0-0,Score at time of bet: 0 - 0,,2026-03-14 13:51:56,2026-03-14 13:51:56,2026-03-14 16:05:22,
14:00 Kashiwa v FC Machida\Match Odds\The Draw,The Draw,639090551883268320,LAY,Åí0.39,Åí0.00,3.55,SETTLED,Åí0.39,JR01.05 Åí1 Liab Lay Draw ST PE 3.35-3.80 Standard Trade Partial Exit Cl@P+1g Hg@2g-lead  Hg@70mIF0-0,,,2026-03-14 13:51:56,2026-03-14 13:51:56,2026-03-14 16:05:15,
14:00 Gwangju FC v Jeonbuk Motors\Correct Score\0 - 0,0 - 0,639090551883268328,BACK,Åí0.12,Åí0.00,9.2,SETTLED,Åí0.98,JR01.06 Åí1 CC 0-0 Insurance for NR01.05,Score at time of bet: 0 - 0,,2026-03-14 13:51:58,2026-03-14 13:51:58,2026-03-14 16:05:22,
14:00 FC Ryukyu v Renofa Yamaguchi\Correct Score\0 - 0,0 - 0,639090551883268329,BACK,Åí0.11,Åí0.00,9.8,SETTLED,-Åí0.11,JR01.08 Åí1 CC 0-0 Insurance for NR01.07,,,2026-03-14 13:51:58,2026-03-14 13:51:58,2026-03-14 16:05:14,
14:00 FC Ryukyu v Renofa Yamaguchi\Correct Score\0 - 0,0 - 0,639090551883268332,BACK,Åí0.11,Åí0.00,9.8,SETTLED,-Åí0.11,JR01.10 Åí1 CC 0-0 Insurance for NR01.09,,,2026-03-14 13:51:58,2026-03-14 13:51:58,2026-03-14 16:05:14,
14:00 Gimhae City v Suwon FC\Correct Score\0 - 0,0 - 0,639090551883268333,BACK,Åí0.17,Åí0.00,7,SETTLED,-Åí0.17,JR01.10 Åí1 CC 0-0 Insurance for NR01.09,Score at time of bet: 0 - 0,,2026-03-14 13:51:58,2026-03-14 13:51:58,2026-03-14 16:05:22,
14:00 Gimhae City v Suwon FC\Correct Score\0 - 0,0 - 0,639090551883268330,BACK,Åí0.17,Åí0.00,7,SETTLED,-Åí0.17,JR01.08 Åí1 CC 0-0 Insurance for NR01.07,Score at time of bet: 0 - 0,,2026-03-14 13:51:58,2026-03-14 13:51:58,2026-03-14 16:05:22,
14:00 Gwangju FC v Jeonbuk Motors\Correct Score\0 - 0,0 - 0,639090551883268331,BACK,Åí0.12,Åí0.00,9.2,SETTLED,Åí0.98,JR01.10 Åí1 CC 0-0 Insurance for NR01.09,Score at time of bet: 0 - 0,,2026-03-14 13:51:58,2026-03-14 13:51:58,2026-03-14 16:05:22,
14:00 Kashiwa v FC Machida\Correct Score\0 - 0,0 - 0,639090551883268334,BACK,Åí0.11,Åí0.00,10.5,SETTLED,-Åí0.11,JR01.06 Åí1 CC 0-0 Insurance for NR01.05,,,2026-03-14 13:51:58,2026-03-14 13:51:58,2026-03-14 16:05:15,
14:00 Kashiwa v FC Machida\Correct Score\0 - 0,0 - 0,639090551883268335,BACK,Åí0.11,Åí0.00,10.5,SETTLED,-Åí0.11,JR01.10 Åí1 CC 0-0 Insurance for NR01.09,,,2026-03-14 13:51:58,2026-03-14 13:51:58,2026-03-14 16:05:15,
14:00 Mito v FC Tokyo\Match Odds\The Draw,The Draw,639090551883268338,LAY,Åí0.40,Åí0.00,3.5,SETTLED,-Åí1.00,JR01.09 Åí1 Liab Lay Draw CE Conservative Exit Hg@1g,,,2026-03-14 13:51:59,2026-03-14 13:51:59,2026-03-14 16:05:30,
14:00 Kofu v Iwaki SC\Match Odds\The Draw,The Draw,639090551883268337,LAY,Åí0.41,Åí0.00,3.45,SETTLED,Åí0.41,JR01.05 Åí1 Liab Lay Draw ST PE 3.35-3.80 Standard Trade Partial Exit Cl@P+1g Hg@2g-lead  Hg@70mIF0-0,,,2026-03-14 13:51:59,2026-03-14 13:51:59,2026-03-14 16:05:32,
14:00 Kofu v Iwaki SC\Match Odds\The Draw,The Draw,639090551883268339,LAY,Åí0.41,Åí0.00,3.45,SETTLED,Åí0.41,JR01.09 Åí1 Liab Lay Draw CE Conservative Exit Hg@1g,,,2026-03-14 13:51:59,2026-03-14 13:51:59,2026-03-14 16:05:32,
14:00 Mito v FC Tokyo\Match Odds\The Draw,The Draw,639090551883268336,LAY,Åí0.40,Åí0.00,3.5,SETTLED,-Åí1.00,JR01.05 Åí1 Liab Lay Draw ST PE 3.35-3.80 Standard Trade Partial Exit Cl@P+1g Hg@2g-lead  Hg@70mIF0-0,,,2026-03-14 13:51:59,2026-03-14 13:51:59,2026-03-14 16:05:30,
14:00 Nagano Parceiro v Matsumoto\Match Odds\The Draw,The Draw,639090551883268341,LAY,Åí0.38,Åí0.00,3.6,SETTLED,Åí0.38,JR01.05 Åí1 Liab Lay Draw ST PE 3.35-3.80 Standard Trade Partial Exit Cl@P+1g Hg@2g-lead  Hg@70mIF0-0,,,2026-03-14 13:52:00,2026-03-14 13:52:00,2026-03-14 16:05:30,
14:00 Nagano Parceiro v Matsumoto\Match Odds\The Draw,The Draw,639090551883268343,LAY,Åí0.38,Åí0.00,3.6,SETTLED,Åí0.38,JR01.09 Åí1 Liab Lay Draw CE Conservative Exit Hg@1g,,,2026-03-14 13:52:00,2026-03-14 13:52:00,2026-03-14 16:05:30,
14:00 Nagoya v Kobe\Match Odds\The Draw,The Draw,639090551883268340,LAY,Åí0.40,Åí0.00,3.5,SETTLED,Åí0.40,JR01.05 Åí1 Liab Lay Draw ST PE 3.35-3.80 Standard Trade Partial Exit Cl@P+1g Hg@2g-lead  Hg@70mIF0-0,,,2026-03-14 13:52:00,2026-03-14 13:52:00,2026-03-14 16:05:16,
14:00 Nagoya v Kobe\Match Odds\The Draw,The Draw,639090551883268342,LAY,Åí0.40,Åí0.00,3.5,SETTLED,Åí0.40,JR01.09 Åí1 Liab Lay Draw CE Conservative Exit Hg@1g,,,2026-03-14 13:52:00,2026-03-14 13:52:00,2026-03-14 16:05:16,
14:00 Omiya v Fujieda Myfc\Match Odds\The Draw,The Draw,639090551883268345,LAY,Åí0.23,Åí0.00,5.4,SETTLED,Åí0.23,JR01.09 Åí1 Liab Lay Draw CE Conservative Exit Hg@1g,,,2026-03-14 13:52:01,2026-03-14 13:52:01,2026-03-14 16:05:23,
14:00 Omiya v Fujieda Myfc\Match Odds\The Draw,The Draw,639090551883268344,LAY,Åí0.23,Åí0.00,5.4,SETTLED,Åí0.23,JR01.07 Åí1 Liab Lay Draw EU DE 3.85+ Even / Underdog Goal Likely Defensive Exit Hg@70mIF0-0,,,2026-03-14 13:52:01,2026-03-14 13:52:01,2026-03-14 16:05:23,
14:00 Shonan v Yamagata\Match Odds\The Draw,The Draw,639090551883268350,LAY,Åí0.30,Åí0.00,4.3,SETTLED,Åí0.30,JR01.09 Åí1 Liab Lay Draw CE Conservative Exit Hg@1g,,,2026-03-14 13:52:02,2026-03-14 13:52:02,2026-03-14 16:05:17,
14:00 Shonan v Yamagata\Match Odds\The Draw,The Draw,639090551883268348,LAY,Åí0.30,Åí0.00,4.3,SETTLED,Åí0.30,JR01.07 Åí1 Liab Lay Draw EU DE 3.85+ Even / Underdog Goal Likely Defensive Exit Hg@70mIF0-0,,,2026-03-14 13:52:02,2026-03-14 13:52:02,2026-03-14 16:05:17,
14:00 Suwon Bluewings v Jeonnam Dragons\Match Odds\The Draw,The Draw,639090551883268347,LAY,Åí0.32,Åí0.00,4.1,SETTLED,Åí0.32,JR01.07 Åí1 Liab Lay Draw EU DE 3.85+ Even / Underdog Goal Likely Defensive Exit Hg@70mIF0-0,Score at time of bet: 0 - 0,,2026-03-14 13:52:02,2026-03-14 13:52:02,2026-03-14 16:05:17,
14:00 Seoul E-Land FC v Busan IPark\Match Odds\The Draw,The Draw,639090551883268351,LAY,Åí0.42,Åí0.00,3.4,SETTLED,Åí0.42,JR01.09 Åí1 Liab Lay Draw CE Conservative Exit Hg@1g,Score at time of bet: 0 - 0,,2026-03-14 13:52:02,2026-03-14 13:52:02,2026-03-14 16:05:23,
14:00 Suwon Bluewings v Jeonnam Dragons\Match Odds\The Draw,The Draw,639090551883268349,LAY,Åí0.32,Åí0.00,4.1,SETTLED,Åí0.32,JR01.09 Åí1 Liab Lay Draw CE Conservative Exit Hg@1g,Score at time of bet: 0 - 0,,2026-03-14 13:52:02,2026-03-14 13:52:02,2026-03-14 16:05:17,
14:00 Seoul E-Land FC v Busan IPark\Match Odds\The Draw,The Draw,639090551883268346,LAY,Åí0.42,Åí0.00,3.4,SETTLED,Åí0.42,JR01.05 Åí1 Liab Lay Draw ST PE 3.35-3.80 Standard Trade Partial Exit Cl@P+1g Hg@2g-lead  Hg@70mIF0-0,Score at time of bet: 0 - 0,,2026-03-14 13:52:02,2026-03-14 13:52:02,2026-03-14 16:05:23,
14:00 Tegevajaro Miyazaki v Oita\Match Odds\The Draw,The Draw,639090551883268352,LAY,Åí0.43,Åí0.00,3.35,SETTLED,Åí0.43,JR01.05 Åí1 Liab Lay Draw ST PE 3.35-3.80 Standard Trade Partial Exit Cl@P+1g Hg@2g-lead  Hg@70mIF0-0,,,2026-03-14 13:52:03,2026-03-14 13:52:03,2026-03-14 16:05:30,
14:00 Tosu v Kitakyushu\Match Odds\The Draw,The Draw,639090551883268355,LAY,Åí0.34,Åí0.00,3.9,SETTLED,Åí0.34,JR01.09 Åí1 Liab Lay Draw CE Conservative Exit Hg@1g,,,2026-03-14 13:52:03,2026-03-14 13:52:03,2026-03-14 16:05:32,
14:00 Tosu v Kitakyushu\Match Odds\The Draw,The Draw,639090551883268353,LAY,Åí0.34,Åí0.00,3.9,SETTLED,Åí0.34,JR01.07 Åí1 Liab Lay Draw EU DE 3.85+ Even / Underdog Goal Likely Defensive Exit Hg@70mIF0-0,,,2026-03-14 13:52:03,2026-03-14 13:52:03,2026-03-14 16:05:32,
14:00 Tegevajaro Miyazaki v Oita\Match Odds\The Draw,The Draw,639090551883268354,LAY,Åí0.43,Åí0.00,3.35,SETTLED,Åí0.43,JR01.09 Åí1 Liab Lay Draw CE Conservative Exit Hg@1g,,,2026-03-14 13:52:03,2026-03-14 13:52:03,2026-03-14 16:05:30,
14:00 Wellington Phoenix (W) v Brisbane Roar FC (W)\Match Odds\The Draw,The Draw,639090551883268357,LAY,Åí0.23,Åí0.00,5.3,SETTLED,Åí0.23,JR01.09 Åí1 Liab Lay Draw CE Conservative Exit Hg@1g,Score at time of bet: 0 - 0,,2026-03-14 13:52:04,2026-03-14 13:52:04,2026-03-14 16:05:32,
14:00 Wellington Phoenix (W) v Brisbane Roar FC (W)\Match Odds\The Draw,The Draw,639090551883268356,LAY,Åí0.23,Åí0.00,5.3,SETTLED,Åí0.23,JR01.07 Åí1 Liab Lay Draw EU DE 3.85+ Even / Underdog Goal Likely Defensive Exit Hg@70mIF0-0,Score at time of bet: 0 - 0,,2026-03-14 13:52:04,2026-03-14 13:52:04,2026-03-14 16:05:32,
14:00 China (W) v Chinese Taipei (W)\Correct Score\0 - 0,0 - 0,639090551883268358,BACK,Åí0.33,Åí0.00,4,SETTLED,Åí0.99,JR01.08 Åí1 CC 0-0 Insurance for NR01.07,,,2026-03-14 13:52:05,2026-03-14 13:52:05,2026-03-14 16:05:14,
14:00 China (W) v Chinese Taipei (W)\Correct Score\0 - 0,0 - 0,639090551883268359,BACK,Åí0.33,Åí0.00,4,SETTLED,Åí0.99,JR01.10 Åí1 CC 0-0 Insurance for NR01.09,,,2026-03-14 13:52:05,2026-03-14 13:52:05,2026-03-14 16:05:14,
14:00 Iwata v Sapporo\Match Odds\The Draw,The Draw,639090551883268360,LAY,Åí0.31,Åí0.00,4.2,SETTLED,Åí0.31,JR01.07 Åí1 Liab Lay Draw EU DE 3.85+ Even / Underdog Goal Likely Defensive Exit Hg@70mIF0-0,,,2026-03-14 13:52:07,2026-03-14 13:52:07,2026-03-14 16:05:15,
14:00 Iwata v Sapporo\Match Odds\The Draw,The Draw,639090551883268361,LAY,Åí0.31,Åí0.00,4.2,SETTLED,Åí0.31,JR01.09 Åí1 Liab Lay Draw CE Conservative Exit Hg@1g,,,2026-03-14 13:52:07,2026-03-14 13:52:07,2026-03-14 16:05:15,
14:00 Mito v FC Tokyo\Correct Score\0 - 0,0 - 0,639090551883268364,BACK,Åí0.14,Åí0.00,8.4,SETTLED,-Åí0.14,JR01.10 Åí1 CC 0-0 Insurance for NR01.09,,,2026-03-14 13:52:08,2026-03-14 13:52:08,2026-03-14 16:05:30,
14:00 Mito v FC Tokyo\Correct Score\0 - 0,0 - 0,639090551883268362,BACK,Åí0.14,Åí0.00,8.4,SETTLED,-Åí0.14,JR01.06 Åí1 CC 0-0 Insurance for NR01.05,,,2026-03-14 13:52:08,2026-03-14 13:52:08,2026-03-14 16:05:30,
14:00 Kofu v Iwaki SC\Correct Score\0 - 0,0 - 0,639090551883268363,BACK,Åí0.14,Åí0.00,8,SETTLED,-Åí0.14,JR01.06 Åí1 CC 0-0 Insurance for NR01.05,,,2026-03-14 13:52:08,2026-03-14 13:52:08,2026-03-14 16:05:15,
14:00 Kofu v Iwaki SC\Correct Score\0 - 0,0 - 0,639090551883268365,BACK,Åí0.14,Åí0.00,8,SETTLED,-Åí0.14,JR01.10 Åí1 CC 0-0 Insurance for NR01.09,,,2026-03-14 13:52:08,2026-03-14 13:52:08,2026-03-14 16:05:15,
14:00 Nagoya v Kobe\Correct Score\0 - 0,0 - 0,639090551883268366,BACK,Åí0.13,Åí0.00,8.6,SETTLED,-Åí0.13,JR01.06 Åí1 CC 0-0 Insurance for NR01.05,,,2026-03-14 13:52:09,2026-03-14 13:52:09,2026-03-14 16:05:16,
14:00 Nagoya v Kobe\Correct Score\0 - 0,0 - 0,639090551883268368,BACK,Åí0.13,Åí0.00,8.6,SETTLED,-Åí0.13,JR01.10 Åí1 CC 0-0 Insurance for NR01.09,,,2026-03-14 13:52:09,2026-03-14 13:52:09,2026-03-14 16:05:16,
14:00 Nagano Parceiro v Matsumoto\Correct Score\0 - 0,0 - 0,639090551883268367,BACK,Åí0.14,Åí0.00,8.4,SETTLED,-Åí0.14,JR01.06 Åí1 CC 0-0 Insurance for NR01.05,,,2026-03-14 13:52:09,2026-03-14 13:52:09,2026-03-14 16:05:30,
14:00 Nagano Parceiro v Matsumoto\Correct Score\0 - 0,0 - 0,639090551883268369,BACK,Åí0.14,Åí0.00,8.4,SETTLED,-Åí0.14,JR01.10 Åí1 CC 0-0 Insurance for NR01.09,,,2026-03-14 13:52:09,2026-03-14 13:52:09,2026-03-14 16:05:30,
14:00 Omiya v Fujieda Myfc\Correct Score\0 - 0,0 - 0,639090551883268370,BACK,Åí0.07,Åí0.00,16,SETTLED,-Åí0.07,JR01.08 Åí1 CC 0-0 Insurance for NR01.07,,,2026-03-14 13:52:10,2026-03-14 13:52:10,2026-03-14 16:05:16,
14:00 Omiya v Fujieda Myfc\Correct Score\0 - 0,0 - 0,639090551883268371,BACK,Åí0.07,Åí0.00,16,SETTLED,-Åí0.07,JR01.10 Åí1 CC 0-0 Insurance for NR01.09,,,2026-03-14 13:52:10,2026-03-14 13:52:10,2026-03-14 16:05:16,
14:00 Seoul E-Land FC v Busan IPark\Correct Score\0 - 0,0 - 0,639090551883268372,BACK,Åí0.12,Åí0.00,9.4,SETTLED,-Åí0.12,JR01.06 Åí1 CC 0-0 Insurance for NR01.05,Score at time of bet: 0 - 0,,2026-03-14 13:52:11,2026-03-14 13:52:11,2026-03-14 16:05:23,
14:00 Shonan v Yamagata\Correct Score\0 - 0,0 - 0,639090551883268374,BACK,Åí2.08,Åí0.00,1.48,SETTLED,-Åí2.08,JR01.08 Åí1 CC 0-0 Insurance for NR01.07,,,2026-03-14 13:52:11,2026-03-14 13:52:11,2026-03-14 16:05:17,
14:00 Suwon Bluewings v Jeonnam Dragons\Correct Score\0 - 0,0 - 0,639090551883268375,BACK,Åí0.07,Åí0.00,14.5,SETTLED,-Åí0.07,JR01.10 Åí1 CC 0-0 Insurance for NR01.09,Score at time of bet: 0 - 0,,2026-03-14 13:52:11,2026-03-14 13:52:11,2026-03-14 16:05:17,
14:00 Suwon Bluewings v Jeonnam Dragons\Correct Score\0 - 0,0 - 0,639090551883268373,BACK,Åí0.07,Åí0.00,14.5,SETTLED,-Åí0.07,JR01.08 Åí1 CC 0-0 Insurance for NR01.07,Score at time of bet: 0 - 0,,2026-03-14 13:52:11,2026-03-14 13:52:11,2026-03-14 16:05:17,
14:00 Shonan v Yamagata\Correct Score\0 - 0,0 - 0,639090551883268376,BACK,Åí2.08,Åí0.00,1.48,SETTLED,-Åí2.08,JR01.10 Åí1 CC 0-0 Insurance for NR01.09,,,2026-03-14 13:52:11,2026-03-14 13:52:11,2026-03-14 16:05:17,
14:00 Seoul E-Land FC v Busan IPark\Correct Score\0 - 0,0 - 0,639090551883268377,BACK,Åí0.12,Åí0.00,9.4,SETTLED,-Åí0.12,JR01.10 Åí1 CC 0-0 Insurance for NR01.09,Score at time of bet: 0 - 0,,2026-03-14 13:52:11,2026-03-14 13:52:11,2026-03-14 16:05:23,
14:00 Tegevajaro Miyazaki v Oita\Correct Score\0 - 0,0 - 0,639090551883268380,BACK,Åí0.19,Åí0.00,6.2,SETTLED,-Åí0.19,JR01.10 Åí1 CC 0-0 Insurance for NR01.09,,,2026-03-14 13:52:12,2026-03-14 13:52:12,2026-03-14 16:05:17,
14:00 Tosu v Kitakyushu\Correct Score\0 - 0,0 - 0,639090551883268379,BACK,Åí0.10,Åí0.00,11,SETTLED,-Åí0.10,JR01.08 Åí1 CC 0-0 Insurance for NR01.07,,,2026-03-14 13:52:12,2026-03-14 13:52:12,2026-03-14 16:05:32,
14:00 Tegevajaro Miyazaki v Oita\Correct Score\0 - 0,0 - 0,639090551883268378,BACK,Åí0.19,Åí0.00,6.2,SETTLED,-Åí0.19,JR01.06 Åí1 CC 0-0 Insurance for NR01.05,,,2026-03-14 13:52:12,2026-03-14 13:52:12,2026-03-14 16:05:17,
14:00 Tosu v Kitakyushu\Correct Score\0 - 0,0 - 0,639090551883268381,BACK,Åí0.10,Åí0.00,11,SETTLED,-Åí0.10,JR01.10 Åí1 CC 0-0 Insurance for NR01.09,,,2026-03-14 13:52:12,2026-03-14 13:52:12,2026-03-14 16:05:32,
14:00 Wellington Phoenix (W) v Brisbane Roar FC (W)\Correct Score\0 - 0,0 - 0,639090551883268382,BACK,Åí0.05,Åí0.00,22,SETTLED,-Åí0.05,JR01.08 Åí1 CC 0-0 Insurance for NR01.07,Score at time of bet: 0 - 0,,2026-03-14 13:52:13,2026-03-14 13:52:13,2026-03-14 16:05:32,
14:00 Wellington Phoenix (W) v Brisbane Roar FC (W)\Correct Score\0 - 0,0 - 0,639090551883268383,BACK,Åí0.05,Åí0.00,22,SETTLED,-Åí0.05,JR01.10 Åí1 CC 0-0 Insurance for NR01.09,Score at time of bet: 0 - 0,,2026-03-14 13:52:13,2026-03-14 13:52:13,2026-03-14 16:05:32,
14:00 Iwata v Sapporo\Correct Score\0 - 0,0 - 0,639090551883268384,BACK,Åí0.10,Åí0.00,11.5,SETTLED,-Åí0.10,JR01.08 Åí1 CC 0-0 Insurance for NR01.07,,,2026-03-14 13:52:16,2026-03-14 13:52:16,2026-03-14 16:05:15,
14:00 Iwata v Sapporo\Correct Score\0 - 0,0 - 0,639090551883268385,BACK,Åí0.10,Åí0.00,11.5,SETTLED,-Åí0.10,JR01.10 Åí1 CC 0-0 Insurance for NR01.09,,,2026-03-14 13:52:16,2026-03-14 13:52:16,2026-03-14 16:05:15,
14:00 Nara Club v Albirex Niigata\Match Odds\The Draw,The Draw,639090551883268386,LAY,Åí0.28,Åí0.00,4.6,SETTLED,-Åí1.01,JR01.07 Åí1 Liab Lay Draw EU DE 3.85+ Even / Underdog Goal Likely Defensive Exit Hg@70mIF0-0,Score at time of bet: 0 - 0,,2026-03-14 13:52:19,2026-03-14 13:52:19,2026-03-14 16:05:16,
14:00 Nara Club v Albirex Niigata\Match Odds\The Draw,The Draw,639090551883268387,LAY,Åí0.28,Åí0.00,4.6,SETTLED,-Åí1.01,JR01.09 Åí1 Liab Lay Draw CE Conservative Exit Hg@1g,Score at time of bet: 0 - 0,,2026-03-14 13:52:19,2026-03-14 13:52:19,2026-03-14 16:05:16,
14:00 Sendai v Sagamihara\Match Odds\The Draw,The Draw,639090551883268388,LAY,Åí0.29,Åí0.00,4.5,SETTLED,Åí0.29,JR01.07 Åí1 Liab Lay Draw EU DE 3.85+ Even / Underdog Goal Likely Defensive Exit Hg@70mIF0-0,,,2026-03-14 13:52:20,2026-03-14 13:52:20,2026-03-14 16:05:23,
14:00 Sendai v Sagamihara\Match Odds\The Draw,The Draw,639090551883268389,LAY,Åí0.29,Åí0.00,4.5,SETTLED,Åí0.29,JR01.09 Åí1 Liab Lay Draw CE Conservative Exit Hg@1g,,,2026-03-14 13:52:20,2026-03-14 13:52:20,2026-03-14 16:05:23,
14:00 Nara Club v Albirex Niigata\Correct Score\0 - 0,0 - 0,639090551883268390,BACK,Åí0.89,Åí0.00,2.12,SETTLED,Åí1.00,JR01.08 Åí1 CC 0-0 Insurance for NR01.07,Score at time of bet: 0 - 0,,2026-03-14 13:52:28,2026-03-14 13:52:28,2026-03-14 16:05:16,
14:00 Nara Club v Albirex Niigata\Correct Score\0 - 0,0 - 0,639090551883268391,BACK,Åí0.89,Åí0.00,2.12,SETTLED,Åí1.00,JR01.10 Åí1 CC 0-0 Insurance for NR01.09,Score at time of bet: 0 - 0,,2026-03-14 13:52:29,2026-03-14 13:52:29,2026-03-14 16:05:16,
14:00 Sendai v Sagamihara\Correct Score\0 - 0,0 - 0,639090551883268392,BACK,Åí0.68,Åí0.00,2.46,SETTLED,-Åí0.68,JR01.08 Åí1 CC 0-0 Insurance for NR01.07,,,2026-03-14 13:52:29,2026-03-14 13:52:29,2026-03-14 16:05:23,
14:00 Sendai v Sagamihara\Correct Score\0 - 0,0 - 0,639090551883268393,BACK,Åí0.68,Åí0.00,2.46,SETTLED,-Åí0.68,JR01.10 Åí1 CC 0-0 Insurance for NR01.09,,,2026-03-14 13:52:29,2026-03-14 13:52:29,2026-03-14 16:05:23,
14:00 Nagano Parceiro v Matsumoto\Match Odds\The Draw,The Draw,639090551883268394,BACK,Åí0.38,Åí0.00,4.2,SETTLED,-Åí0.38,JR01.05 Åí1 Liab Lay Draw ST PE 3.35-3.80 Standard Trade Partial Exit Cl@P+1g Hg@2g-lead  Hg@70mIF0-0,Hedge - because score is: 0 - 1. Hedge - because score is: 0 - 1.  Score at time of bet: 0 - 1,,2026-03-14 14:05:57,2026-03-14 14:05:57,2026-03-14 16:05:30,
14:00 Nagano Parceiro v Matsumoto\Match Odds\The Draw,The Draw,639090551883268395,BACK,Åí0.32,Åí0.00,4.3,SETTLED,-Åí0.32,JR01.09 Åí1 Liab Lay Draw CE Conservative Exit Hg@1g,Hedge - because score is: 0 - 1. Hedge - because score is: 0 - 1.  Score at time of bet: 0 - 1,,2026-03-14 14:06:52,2026-03-14 14:06:52,2026-03-14 16:05:30,
14:00 Sendai v Sagamihara\Match Odds\The Draw,The Draw,639090551883268396,BACK,Åí0.22,Åí0.00,6,SETTLED,-Åí0.22,JR01.09 Åí1 Liab Lay Draw CE Conservative Exit Hg@1g,Hedge - because score is: 1 - 0. Hedge - because score is: 1 - 0.  Score at time of bet: 1 - 0,,2026-03-14 14:09:30,2026-03-14 14:09:30,2026-03-14 16:05:23,
14:00 Wellington Phoenix (W) v Brisbane Roar FC (W)\Match Odds\The Draw,The Draw,639090551883268397,BACK,Åí0.21,Åí0.00,5.7,SETTLED,-Åí0.21,JR01.09 Åí1 Liab Lay Draw CE Conservative Exit Hg@1g,Hedge - because score is: 1 - 0. Hedge - because score is: 1 - 0.  Score at time of bet: 1 - 0,,2026-03-14 14:12:04,2026-03-14 14:12:04,2026-03-14 16:05:32,
14:00 Nagoya v Kobe\Match Odds\The Draw,The Draw,639090551883268398,BACK,Åí0.40,Åí0.00,3.9,SETTLED,-Åí0.40,JR01.05 Åí1 Liab Lay Draw ST PE 3.35-3.80 Standard Trade Partial Exit Cl@P+1g Hg@2g-lead  Hg@70mIF0-0,Hedge - because score is: 0 - 1. Hedge - because score is: 0 - 1.  Score at time of bet: 0 - 1,,2026-03-14 14:17:01,2026-03-14 14:17:01,2026-03-14 16:05:16,
14:00 Nagoya v Kobe\Match Odds\The Draw,The Draw,639090551883268399,BACK,Åí0.36,Åí0.00,3.9,SETTLED,-Åí0.36,JR01.09 Åí1 Liab Lay Draw CE Conservative Exit Hg@1g,Hedge - because score is: 0 - 1. Hedge - because score is: 0 - 1.  Score at time of bet: 0 - 1,,2026-03-14 14:17:38,2026-03-14 14:17:38,2026-03-14 16:05:16,
16:00 Tokyo-V v Urawa\Match Odds\The Draw,The Draw,639090551883268400,LAY,Åí0.43,Åí0.00,3.35,SETTLED,Åí0.43,JR01.05 Åí1 Liab Lay Draw ST PE 3.35-3.80 Standard Trade Partial Exit Cl@P+1g Hg@2g-lead  Hg@70mIF0-0,Score at time of bet: 0 - 0,,2026-03-14 16:05:11,2026-03-14 16:05:11,2026-03-14 18:47:35,
16:00 Tokyo-V v Urawa\Match Odds\The Draw,The Draw,639090551883268401,LAY,Åí0.43,Åí0.00,3.35,SETTLED,Åí0.43,JR01.09 Åí1 Liab Lay Draw CE Conservative Exit Hg@1g,Score at time of bet: 0 - 0,,2026-03-14 16:05:11,2026-03-14 16:05:11,2026-03-14 18:47:35,
16:30 Zhejiang Greentown v Shanghai Shenhua\Match Odds\The Draw,The Draw,639090551883268402,LAY,Åí0.34,Åí0.00,3.95,SETTLED,-Åí1.00,JR01.07 Åí1 Liab Lay Draw EU DE 3.85+ Even / Underdog Goal Likely Defensive Exit Hg@70mIF0-0,Score at time of bet: 0 - 0,,2026-03-14 16:24:07,2026-03-14 16:24:07,2026-03-14 18:47:42,
16:30 Zhejiang Greentown v Shanghai Shenhua\Match Odds\The Draw,The Draw,639090551883268403,LAY,Åí0.34,Åí0.00,3.95,SETTLED,-Åí1.00,JR01.09 Åí1 Liab Lay Draw CE Conservative Exit Hg@1g,Score at time of bet: 0 - 0,,2026-03-14 16:24:07,2026-03-14 16:24:07,2026-03-14 18:47:42,
16:30 Daejeon Citizen v Gimcheon Sangmu\Match Odds\The Draw,The Draw,639090551883268404,LAY,Åí0.38,Åí0.00,3.6,SETTLED,-Åí0.99,JR01.05 Åí1 Liab Lay Draw ST PE 3.35-3.80 Standard Trade Partial Exit Cl@P+1g Hg@2g-lead  Hg@70mIF0-0,,,2026-03-14 16:24:09,2026-03-14 16:24:09,2026-03-14 18:47:35,
16:30 Daejeon Citizen v Gimcheon Sangmu\Match Odds\The Draw,The Draw,639090551883268405,LAY,Åí0.38,Åí0.00,3.6,SETTLED,-Åí0.99,JR01.09 Åí1 Liab Lay Draw CE Conservative Exit Hg@1g,,,2026-03-14 16:24:09,2026-03-14 16:24:09,2026-03-14 18:47:35,
16:30 Gyeongnam v Cheongju FC\Match Odds\The Draw,The Draw,639090551883268406,LAY,Åí0.44,Åí0.00,3.25,SETTLED,-Åí0.99,JR01.09 Åí1 Liab Lay Draw CE Conservative Exit Hg@1g,Score at time of bet: 0 - 0,,2026-03-14 16:24:09,2026-03-14 16:24:09,2026-03-14 18:47:38,
16:30 Shandong Taishan v Beijing Guoan\Match Odds\The Draw,The Draw,639090551883268407,LAY,Åí0.29,Åí0.00,4.4,SETTLED,Åí0.29,JR01.07 Åí1 Liab Lay Draw EU DE 3.85+ Even / Underdog Goal Likely Defensive Exit Hg@70mIF0-0,Score at time of bet: 0 - 0,,2026-03-14 16:24:10,2026-03-14 16:24:10,2026-03-14 18:47:38,
16:30 Zhejiang Greentown v Shanghai Shenhua\Correct Score\0 - 0,0 - 0,639090551883268412,BACK,Åí0.04,Åí0.00,24,SETTLED,-Åí0.04,JR01.10 Åí1 CC 0-0 Insurance for NR01.09,Score at time of bet: 0 - 0,,2026-03-14 16:24:10,2026-03-14 16:24:10,2026-03-14 18:47:40,
16:30 Shandong Taishan v Beijing Guoan\Match Odds\The Draw,The Draw,639090551883268410,LAY,Åí0.29,Åí0.00,4.4,SETTLED,Åí0.29,JR01.09 Åí1 Liab Lay Draw CE Conservative Exit Hg@1g,Score at time of bet: 0 - 0,,2026-03-14 16:24:10,2026-03-14 16:24:10,2026-03-14 18:47:38,
16:30 Yongin FC v Gimpo Citizen\Match Odds\The Draw,The Draw,639090551883268411,LAY,Åí0.34,Åí0.00,3.9,SETTLED,Åí0.34,JR01.09 Åí1 Liab Lay Draw CE Conservative Exit Hg@1g,,,2026-03-14 16:24:10,2026-03-14 16:24:10,2026-03-14 18:47:38,
16:30 Zhejiang Greentown v Shanghai Shenhua\Correct Score\0 - 0,0 - 0,639090551883268409,BACK,Åí0.04,Åí0.00,24,SETTLED,-Åí0.04,JR01.08 Åí1 CC 0-0 Insurance for NR01.07,Score at time of bet: 0 - 0,,2026-03-14 16:24:10,2026-03-14 16:24:10,2026-03-14 18:47:40,
16:30 Yongin FC v Gimpo Citizen\Match Odds\The Draw,The Draw,639090551883268408,LAY,Åí0.34,Åí0.00,3.9,SETTLED,Åí0.34,JR01.07 Åí1 Liab Lay Draw EU DE 3.85+ Even / Underdog Goal Likely Defensive Exit Hg@70mIF0-0,,,2026-03-14 16:24:10,2026-03-14 16:24:10,2026-03-14 18:47:38,
16:00 Tokyo-V v Urawa\Match Odds\The Draw,The Draw,639090551883268413,BACK,Åí0.43,Åí0.00,3.65,SETTLED,-Åí0.43,JR01.05 Åí1 Liab Lay Draw ST PE 3.35-3.80 Standard Trade Partial Exit Cl@P+1g Hg@2g-lead  Hg@70mIF0-0,Hedge - because score is: 1 - 0. Hedge - because score is: 1 - 0.  Score at time of bet: 1 - 0,,2026-03-14 16:24:14,2026-03-14 16:24:14,2026-03-14 18:47:35,
16:30 Shandong Taishan v Beijing Guoan\Correct Score\0 - 0,0 - 0,639090551883268415,BACK,Åí0.03,Åí0.00,36,SETTLED,-Åí0.03,JR01.08 Åí1 CC 0-0 Insurance for NR01.07,Score at time of bet: 0 - 0,,2026-03-14 16:24:14,2026-03-14 16:24:14,2026-03-14 18:47:38,
16:30 Daejeon Citizen v Gimcheon Sangmu\Correct Score\0 - 0,0 - 0,639090551883268414,BACK,Åí0.09,Åí0.00,12.5,SETTLED,-Åí0.09,JR01.06 Åí1 CC 0-0 Insurance for NR01.05,,,2026-03-14 16:24:14,2026-03-14 16:24:14,2026-03-14 18:47:35,
16:30 Gyeongnam v Cheongju FC\Correct Score\0 - 0,0 - 0,639090551883268418,BACK,Åí0.12,Åí0.00,9.2,SETTLED,-Åí0.12,JR01.10 Åí1 CC 0-0 Insurance for NR01.09,Score at time of bet: 0 - 0,,2026-03-14 16:24:14,2026-03-14 16:24:14,2026-03-14 18:47:40,
16:30 Daejeon Citizen v Gimcheon Sangmu\Correct Score\0 - 0,0 - 0,639090551883268416,BACK,Åí0.09,Åí0.00,12.5,SETTLED,-Åí0.09,JR01.10 Åí1 CC 0-0 Insurance for NR01.09,,,2026-03-14 16:24:14,2026-03-14 16:24:14,2026-03-14 18:47:35,
16:30 Shandong Taishan v Beijing Guoan\Correct Score\0 - 0,0 - 0,639090551883268417,BACK,Åí0.03,Åí0.00,36,SETTLED,-Åí0.03,JR01.10 Åí1 CC 0-0 Insurance for NR01.09,Score at time of bet: 0 - 0,,2026-03-14 16:24:14,2026-03-14 16:24:14,2026-03-14 18:47:38,
16:30 Yongin FC v Gimpo Citizen\Correct Score\0 - 0,0 - 0,639090551883268419,BACK,Åí0.11,Åí0.00,10.5,SETTLED,-Åí0.11,JR01.08 Åí1 CC 0-0 Insurance for NR01.07,,,2026-03-14 16:24:15,2026-03-14 16:24:15,2026-03-14 18:47:38,
16:30 Yongin FC v Gimpo Citizen\Correct Score\0 - 0,0 - 0,639090551883268420,BACK,Åí0.11,Åí0.00,10.5,SETTLED,-Åí0.11,JR01.10 Åí1 CC 0-0 Insurance for NR01.09,,,2026-03-14 16:24:15,2026-03-14 16:24:15,2026-03-14 18:47:38,
16:00 Tokyo-V v Urawa\Match Odds\The Draw,The Draw,639090551883268421,BACK,Åí0.39,Åí0.00,3.65,SETTLED,-Åí0.39,JR01.09 Åí1 Liab Lay Draw CE Conservative Exit Hg@1g,Hedge - because score is: 1 - 0. Hedge - because score is: 1 - 0.  Score at time of bet: 1 - 0,,2026-03-14 16:24:24,2026-03-14 16:24:24,2026-03-14 18:47:35,